:020000040800F2
:1000000000000220010A0008FD090008C5A600083A
:10001000FD090008FD090008FD09000800000000B6
:10002000000000000000000000000000FD090008C2
:10003000FD09000800000000FD09000849A60008AD
:10004000FD090008FD090008FD090008FD09000878
:10005000FD090008FD090008FD090008FD09000868
:10006000FD090008FD090008FD090008D18200080B
:10007000DD820008396D0008E9820008F582000879
:10008000B19F000801780008FD090008FD0900087B
:10009000FD090008FD090008FD090008FD09000828
:1000A000FD090008FD090008FD090008FD09000818
:1000B000516D01085D6D0108696D01083578000812
:1000C000FD09000841780008FD090008A98E000814
:1000D000B58E0008E59D0008119E0008459E0008A9
:1000E000FD090008FD09000800000000FD090008E6
:1000F000FD090008FD090008FD090008FD090008C8
:10010000FD090008FD090008756D0108C18E000891
:10011000799E0008AD9E000805700008FD090008E2
:10012000ED6F0008F96F0008E58E0008198F0008D0
:10013000E59F0008FD090008FD090008FD09000809
:1001400000000000000000000000000000000000AF
:10015000FD090008FD090008FD090008E19E0008EE
:100160004D780008FD09000859A600087DA6000882
:10017000FD090008A1A60008FD090008FD09000806
:10018000FD090008FD090008159F0008499F0008A7
:10019000CD8E0008D98E0008FD090008FD09000871
:1001A000FD090008FD090008FD090008FD09000817
:1001B000F17F0008FD090008FD090008FD0900089D
:1001C000FD090008FD090008CD6A0108D96A010887
:1001D000FD090008E56A0108FD090008FD0900089D
:1001E000FD090008FD090008FD090008FD090008D7
:1001F000FD090008FD090008FD090008FD090008C7
:10020000FD090008FD090008FD090008FD090008B6
:10021000FD090008FD090008FD090008FD090008A6
:10022000FD090008FD090008FD09000800000000A4
:10023000FD090008FD09000800000000FD09000894
:10024000FD090008FD090008FD090008FD09000876
:10025000FD090008FD090008FD090008FD09000866
:10026000FD090008FD090008FD090008FD09000856
:10027000FD090008FD0900087D9F0008000000003E
:10028000FD090008FD090008FD0900080000000044
:0802900000000000FD09000858
:1002A00010B5054C237833B9044B13B10448AFF3B0
:1002B00000800123237010BDF00600240000000020
:1002C000D8A8010808B5034B1BB103490348AFF395
:1002D000008008BD00000000F4060024D8A8010832
:1002E00001F0FF01102A2BDB10F0070F08D010F8E7
:1002F000013B013A8B422DD010F0070F42B3F6D1EB
:10030000F0B441EA012141EA014122F007047FF003
:1003100000070023F0E80256083C85EA010586EA5A
:10032000010685FA47F5A3FA87F586FA47F6A5FA96
:1003300087F68EB9EED1F0BC01F0FF0102F00702A2
:1003400032B110F8013B013A83EA010313B1F8D14D
:100350000020704701387047002D06BF354603382E
:10036000073815F0010F07D1013015F4807F02BF67
:10037000013015F4C03F0130F0BC0138704700BFB8
:1003800081F0004102E000BF83F0004330B54FEA46
:1003900041044FEA430594EA050F08BF90EA020FB3
:1003A0001FBF54EA000C55EA020C7FEA645C7FEA46
:1003B000655C00F0E2804FEA5454D4EB5555B8BF69
:1003C0006D420CDD2C4480EA020281EA030382EADA
:1003D000000083EA010180EA020281EA0303362D6C
:1003E00088BF30BD11F0004F4FEA01314FF4801C3F
:1003F0004CEA113102D0404261EB410113F0004F51
:100400004FEA03334CEA133302D0524263EB430307
:1004100094EA050F00F0A780A4F10104D5F1200EA5
:100420000DDB02FA0EFC22FA05F2801841F1000100
:1004300003FA0EF2801843FA05F359410EE0A5F1D4
:1004400020050EF1200E012A03FA0EFC28BF4CF005
:10045000020C43FA05F3C01851EBE37101F00045BB
:1004600007D54FF0000EDCF1000C7EEB00006EEBC8
:100470000101B1F5801F1BD3B1F5001F0CD3490852
:100480005FEA30004FEA3C0C04F101044FEA4452A9
:1004900012F5800F80F09A80BCF1004F08BF5FEA30
:1004A000500C50F1000041EB045141EA050130BD10
:1004B0005FEA4C0C404141EB0101013C28BFB1F522
:1004C000801FE9D291F0000F04BF01460020B1FA6D
:1004D00081F308BF2033A3F10B03B3F120020CDA40
:1004E0000C3208DD02F1140CC2F10C0201FA0CF01E
:1004F00021FA02F10CE002F11402D8BFC2F1200C83
:1005000001FA02F120FA0CFCDCBF41EA0C01904038
:10051000E41AA2BF01EB0451294330BD6FEA040481
:100520001F3C1CDA0C340EDC04F11404C4F120026C
:1005300020FA04F001FA02F340EA030021FA04F37E
:1005400045EA030130BDC4F10C04C4F1200220FAD5
:1005500002F001FA04F340EA0300294630BD21FA13
:1005600004F0294630BD94F0000F83F4801306BFD9
:1005700081F480110134013D4EE77FEA645C18BFCD
:100580007FEA655C29D094EA050F08BF90EA020F64
:1005900005D054EA000C04BF1946104630BD91EA5C
:1005A000030F1EBF0021002030BD5FEA545C05D15F
:1005B0004000494128BF41F0004130BD14F580049E
:1005C0003CBF01F5801130BD01F0004545F0FE4112
:1005D00041F470014FF0000030BD7FEA645C1ABF47
:1005E000194610467FEA655C1CBF0B46024650EA7E
:1005F000013406BF52EA033591EA030F41F40021AA
:1006000030BD00BF90F0000F04BF0021704730B52F
:100610004FF4806404F132044FF000054FF0000104
:1006200050E700BF90F0000F04BF0021704730B5C5
:100630004FF4806404F1320410F0004548BF40429A
:100640004FF000013EE700BF42004FEAE2014FEAEF
:1006500031014FEA02701FBF12F07F4393F07F4FCA
:1006600081F06051704732F07F4208BF704793F0CD
:100670007F4F04BF41F40021704730B54FF46074E0
:1006800001F0004521F000411CE700BF50EA0102E3
:1006900008BF704730B54FF000050AE050EA01028C
:1006A00008BF704730B511F0004502D5404261EBFC
:1006B00041014FF4806404F132045FEA915C3FF43D
:1006C000D8AE4FF003025FEADC0C18BF03325FEADA
:1006D000DC0C18BF033202EBDC02C2F1200300FA8B
:1006E00003FC20FA02F001FA03FE40EA0E0021FAB0
:1006F00002F11444BDE600BF53B94AB9002908BF4E
:1007000000281CBF4FF0FF314FF0FF3000F074B9EC
:10071000ADF1080C6DE904CE00F006F8DDF804E058
:10072000DDE9022304B070472DE9F047089D044637
:100730008E46002B4DD18A42944669D9B2FA82F294
:1007400052B101FA02F3C2F1200120FA01F10CFAD0
:1007500002FC41EA030E94404FEA1C48210CBEFB08
:10076000F8F61FFA8CF708FB16E341EA034306FB91
:1007700007F199420AD91CEB030306F1FF3080F020
:100780001F81994240F21C81023E63445B1AA4B26D
:10079000B3FBF8F008FB103344EA034400FB07F70F
:1007A000A7420AD91CEB040400F1FF3380F00A8150
:1007B000A74240F207816444023840EA0640E41B45
:1007C00000261DB1D4400023C5E900433146BDE8F1
:1007D000F0878B4209D9002D00F0EF800026C5E993
:1007E000000130463146BDE8F087B3FA83F6002EAB
:1007F0004AD18B4202D3824200F2F980841A61EB23
:10080000030301209E46002DE0D0C5E9004EDDE740
:1008100002B9FFDEB2FA82F2002A40F09280A1EB28
:100820000C014FEA1C471FFA8CFE0126200CB1FB7D
:10083000F7F307FB131140EA01410EFB03F0884276
:1008400008D91CEB010103F1FF3802D2884200F203
:10085000CB804346091AA4B2B1FBF7F007FB101195
:1008600044EA01440EFB00FEA64508D91CEB040433
:1008700000F1FF3102D2A64500F2BB800846A4EB8E
:100880000E0440EA03409CE7C6F12007B34022FA79
:1008900007FC4CEA030C20FA07F401FA06F31C43A8
:1008A000F9404FEA1C4900FA06F3B1FBF9F8200CB5
:1008B0001FFA8CFE09FB181140EA014108FB0EF0FB
:1008C000884202FA06F20BD91CEB010108F1FF3A4B
:1008D00080F08880884240F28580A8F10208614457
:1008E000091AA4B2B1FBF9F009FB101144EA014165
:1008F00000FB0EFE8E4508D91CEB010100F1FF3410
:100900006CD28E456AD90238614440EA0840A0FBA7
:100910000294A1EB0E01A142C846A64656D353D07D
:100920005DB1B3EB080261EB0E0101FA07F722FAA1
:1009300006F3F1401F43C5E9007100263146BDE8CA
:10094000F087C2F12003D8400CFA02FC21FA03F32D
:10095000914001434FEA1C471FFA8CFEB3FBF7F0AE
:1009600007FB10360B0C43EA064300FB0EF69E42D3
:1009700004FA02F408D91CEB030300F1FF382FD26C
:100980009E422DD9023863449B1B89B2B3FBF7F614
:1009900007FB163341EA034106FB0EF38B4208D9ED
:1009A0001CEB010106F1FF3816D28B4214D9023E2E
:1009B0006144C91A46EA004638E72E46284605E74C
:1009C0000646E3E61846F8E64B45A9D2B9EB02081D
:1009D00064EB0C0E0138A3E74646EAE7204694E7AD
:1009E0004046D1E7D0467BE7023B614432E73046E0
:1009F00009E76444023842E7704700BFFEE700BFE2
:100A00000B480C4A904203D0121A0B4917F07AFA9D
:100A10000A480B4A904203D0121A002117F080FABC
:100A20000AF0B6F817F042FA02F046FCFEE700BF03
:100A300000000024F00600240CA90108F0060024A0
:100A4000E4120224704700BF704700BF49424FF4D0
:100A500080621430C9B217F063BA00BF40207047FB
:100A600080207047704700BF10B5044640F2144123
:100A700016F031FE204610BD1BB913690BB1D268C8
:100A800018477047B9B30144F0B51546A5B002F157
:100A90002407441E4E1E01E0A6422AD014F8011F6E
:100AA0006A46384605F0C2FC0028F5D0D5F8C4C027
:100AB00090226946D5E93203C31A00F1010E00EB1A
:100AC000C00048BF63440CF1FF3C9C45E4D0D5F81E
:100AD000C030C5F8C8E003EB001017F013FAD5E9F1
:100AE00031239342A3EB020328BFC5F8C830A642C6
:100AF000D4D125B0F0BD7047B9B30144F0B5154667
:100B0000A5B002F10807441E4E1E01E0A6422AD0FD
:100B100014F8011F6A46384605F088FC0028F5D015
:100B2000D5F8A8C090226946D5E92B03C31A00F175
:100B3000010E00EBC00048BF63440CF1FF3C9C4534
:100B4000E4D0D5F8A430C5F8ACE003EB001017F002
:100B5000D9F9D5E92A239342A3EB020328BFC5F8AC
:100B6000AC30A642D4D125B0F0BD70472DE9F0419C
:100B7000B02482B000F1080600F1100500F114085D
:100B8000002728468DF807400134394606F0E4FC7A
:100B9000642301220DF107013046E4B208F0EAFBBC
:100BA000394628468DF8077006F0D6FC01226423EA
:100BB0000DF10701304608F0DDFB102339462846C9
:100BC0008DF8073006F0C8FC642301220DF10701FF
:100BD000304608F0CFFB0121284606F0BDFC8022FC
:100BE000414664233046904408F0C4FBB82CC7D17A
:100BF00002B0BDE8F08100BFF0B5B34D83B0284628
:100C000009F09AFB002800F0FF80A5F59474D4E960
:100C10007863F11A00290A461EDB12B39E424ED0B9
:100C200003EBC302D4F8D8510133D4F8DC7105EBDF
:100C30000211BB424FEA0212087AAA5C91F809C07D
:100C4000C4F8E43102D3DB1BC4F8E431012A65D0D7
:100C5000002ADED1F11A33E0D4F8DC210A44002A5C
:100C6000DCD19A4805F0A0FD002800F0BF80984C28
:100C7000D4E92B63F01A0028014668DB00296BD009
:100C80009E426BD003EBC301D4F8A4000133D4F827
:100C9000A85000EB0112AB424FEA011192F808C0D4
:100CA000415C577AC4F8B03002D35B1BC4F8B03053
:100CB000012900F083800029DCD1F01A50E00020E7
:100CC000844F3C25002204E00132072AA2D017F805
:100CD000015BA842F8D1804D100105EB0212577854
:100CE000C7B1D2ED037A9FED7D7AF4EEC77AF1EECB
:100CF00010FA05D517781FB1D77887F00107D7709C
:100D00009FED767AF4EEC77AF1EE10FA02DB2A183C
:100D100001275772054400226A707BE76D4D3C2124
:100D2000002205E00132072A3FF473AF15F8011BDA
:100D30008842F7D1BCF1000F7DD06749002001EB5C
:100D400002120121D06051701172F11A62E7D4F8D9
:100D5000A8100144002993D103B0F0BD4FF0000C5E
:100D60005C4D00213C2204E00131072983D015F8B5
:100D7000012B6245F8D1584D0A0105EB01114F785E
:100D8000C7B1D1ED037A9FED557AF4EEC77AF1EE53
:100D900010FA05D50F781FB1CF7887F00107CF7013
:100DA0009FED4E7AF4EEC77AF1EE10FA02DBA91845
:100DB00001274F72154400226A705CE74548002203
:100DC0003C2105E00132072A3FF454AF10F8011B23
:100DD0008C45F7D1002F52D03F49F01A01EB021297
:100DE0000121517011720021D16044E73C48A0F10B
:100DF000080405F0D3FB201D05F0DAFC2246394932
:100E0000201D05F0C7FC33E705F11400A5F5947427
:100E100005F0C4FBA5F11002334B28461421C4E9A8
:100E20004D2309F0E3FB314B2846D4E94B120095E2
:100E300009F0F8F9EBE6284D110105EB02125078A4
:100E4000C0B1D2ED037A9FED257AF4EEC77AF1EEC8
:100E500010FA05D5107818B1D07880F00100D07064
:100E60009FED1E7AF4EEC77AF1EE10FA02DB6A18F3
:100E700001205072294400224A70F11ACAE6164D28
:100E8000110105EB02125078C0B1D2ED037A9FED4B
:100E9000137AF4EEC77AF1EE10FA05D5107818B18E
:100EA000D07880F00100D0709FED0C7AF4EEC77A14
:100EB000F1EE10FA02DB6A18012050720D44002294
:100EC000F01A6A70D7E600BF64080024E09D002491
:100ED000DC9D002481940108040000240000964356
:100EE000E49D0024F90A0008850A0008790A000830
:100EF000B5EEC02B30B5F1EE10FA2DED048B83B0BA
:100F0000019240F2518131EE007BB4EEC27BF1EEF2
:100F100010FA0DDB37EE427BB4EEC72BF1EE10FA80
:100F2000F8D9B5EEC07BF1EE10FA06D537EE027BAC
:100F3000B5EEC07BF1EE10FAF8D4FDEEC76B006899
:100F400016EE902AFCEEC26B551E02F1010E16EE53
:100F500090CA06EE902A02F1020400EB4202B8EEBB
:100F6000E66B37EE467BB7EEC77B00F12A81F4458E
:100F7000B2F90020DFED9B5AF6EE004AD8BFAEEB87
:100F80000C0E05EE102A30F91520A44530F91EE0AC
:100F9000B8EEC55A06EE902AD8BFA4EB0C0407EEB3
:100FA00090EAF8EEE66A30F91420F8EEE77A06EEF9
:100FB000102A67EEA57AB8EEC66AB0EE674AD5EE9B
:100FC000257A26EE256AA6EEE54AA5EE656AF0EEDC
:100FD000676AE4EE246A77EEA67AE6EE247A36EEC5
:100FE000A78A97EE878A28EE078AA4EE248A28EE3D
:100FF000078AA5EE258A002B00F0BE800029C0F2EA
:10100000C180DDED016A33EE417BB8EEE64BB4EE14
:10101000C47BF1EE10FA40F1AF8087EE049B33EE13
:10102000444B31EE444BB7EEC99BB5EEC02BF1EE0D
:1010300010FA40F2CE8034EE006BB4EEC62BF1EE27
:1010400010FA0DD836EE426BB4EEC62BF1EE10FA64
:10105000F8D9B5EEC06BF1EE10FA06D536EE026B9C
:10106000B5EEC06BF1EE10FAF8D4FDEEC67B17EECC
:10107000903AB8EEE77B5C1E03F1010136EE476B58
:1010800003F1020200EB4303B7EEC66B00F1A88048
:101090008C45B3F90030DFED535AF6EE004AD8BF65
:1010A000A1EB0C0105EE103A30F91430944530F9FB
:1010B0001110B8EEC55A07EE903AD8BFA2EB0C0259
:1010C00007EE101ADFED483AF8EEE77A30F9123001
:1010D000B8EEC77A06EE903AB4EEE39A27EE257A98
:1010E000F8EEE66AF1EE10FAB0EE474A95EE257A90
:1010F00066EEA56AA7EEE54AE5EE656AF0EE477A88
:10110000E4EE247A37EE277AA6EEA47A77EE878A81
:10111000D7EE068A68EE868AE4EE248A68EE868A2E
:10112000E5EE258A52D9F7EE007AB4EEE79AF1EEB1
:1011300010FA07DA9FED2D0A29EE000A16F094FD49
:1011400028EE008AF7EE007A9FED277A37EEC99AEB
:10115000B4EEC79AF1EE10FA35D9B4EEE79AF1EE93
:1011600010FA07DA9FED210A29EE000A16F07CFD3D
:1011700068EE808A38EE288AB0EE480A03B0BDECEB
:10118000048B30BDDDED017AB8EEE74BB4EEC41B45
:10119000F1EE10FAF0D581EE049B33EE444B34EEC1
:1011A000014BB7EEC99B40E7FCEEC27B00689FEDA8
:1011B0000E7A022402464FF0010E17EE90CA4FF04D
:1011C000FF356544D3E668EE878AD3E728EE238AA5
:1011D000B8E70346022201219FED036A4FF0FF3476
:1011E000644455E70000003800000000DB0FC93FF1
:1011F0007F291ED83F2A1CD86BB1D3084FF0010CB1
:1012000002F0070201EBC3130CFA02F2C1180B7DC6
:101210001A430A757047D3084FF0010C02F0070219
:1012200001EBC3130CFA02FCC1180A7D22EA0C027E
:101230000A7570472DE9F04F83B05C1A0C9E002CA4
:101240009DF83490A6EB0208B8BF6442B8F1000FD5
:10125000B8BFC8F100088B428CBF4FF0010A4FF0B5
:10126000FF3A9642A4EB080C51D84FF0FF357F2B84
:10127000019512D83F2E10D8F50806F0070E012769
:1012800003EBC5150544B9F1000F47D007FA0EF777
:1012900095F814E047EA0E072F75964201D18B426C
:1012A00029D0C8F100077F2914D83F2A12D8D508C1
:1012B00002F0070B4FF0010E01EBC5150544B9F123
:1012C000000F1BD00EFA0BFE95F814B04EEA0B0E71
:1012D00085F814E0B7EB4C0F4FEA4C0502DAACEBA3
:1012E000080C5144AC4202DD019DA4442A449942B9
:1012F000D9D19642D7D103B0BDE8F08F0EFA0BFBDF
:1013000095F814E02EEA0B0E85F814E0E2E70125CB
:101310007F2B0195C5D83F2EAED9C2E707FA0EFE46
:101320002F7D964227EA0E072F75B8D0B9E700BF88
:101330002DE9F04F2DED068B83B01F4680460D46FC
:101340009DF8503016460193139B002BC0F221826A
:10135000129A134406EE103ADDED127AB8EEC66B1F
:101360009FEDCD4BB8EEE77B9FEDCD5B27EE047B89
:1013700026EE046B87EE050B86EE05ABF7EEC08B11
:10138000B0EE680A16F0ACF907EE907AB7EECAAB89
:10139000F8EE679AB0EE408AB0EE680A16F064FC88
:1013A00060EE698AB0EE4A0A16F09AF9B0EE409AF9
:1013B000B0EE4A0A16F058FC20EE690A29EE888A37
:1013C00029EE899A70EE687AF0EE006A39EE487A72
:1013D00067EEA77AE7EE077AF4EEE67AF1EE10FA16
:1013E00006D5139BB42B40F396804FF0010901E022
:1013F0004FF00009012478424FF0000C0095E31BE8
:10140000214627462246A340B9F1000F6AD1424245
:1014100006EE90CACCF1000107EE102AB8EEE66A9B
:1014200007EE901A06EE900AB8EEC77A139A66EEA7
:10143000084AF8EEE77AB42A27EE284AF8EEE66A78
:1014400067EE885A74EEC43A26EEA85A26EE096A68
:1014500066EE806A67EE897A27EE007AF5EEC03A8A
:1014600040F3F280F1EE10FA00F17F8176EE473A18
:1014700074EEC54AF5EEC03AF1EE10FAF5EEC04A48
:10148000CCBF01220022F1EE10FA00F1778136EE96
:10149000666A35EEC55AB5EEC06AF1EE10FAB5EEE1
:1014A000C05ACCBF01210021F1EE10FA00F16F818A
:1014B00077EEE66AF5EEC06AF1EE10FACCBF0127CE
:1014C000002775EEC45AF5EEC05AF1EE10FA00F19D
:1014D000478177EEC77AF5EEC07AF1EE10FACCBF0D
:1014E00001240024002A40F08A80002964D1BFB979
:1014F000C4BB9C4558DB0CF1010C03EB4C0E1CEB00
:10150000000F0EF1010E00F0C08098424FDB7346D1
:1015100000287FF779AF03B0BDEC068BBDE8F08FF4
:10152000009DA6EB0C0E00EB050ABAF17F0FDFD889
:10153000BEF13F0FDCD84FEADE0B019D0AEBCB1A60
:10154000002D00F0B1800EF0070BC2444FF0010EE9
:101550000EFA0BFE9AF814B04EEA0B0E8AF814E05D
:10156000002CC6D0009DA6EB0C0EA5EB000ABAF12C
:101570007F0FBED8BEF13F0FBBD84FEADE0B019DF7
:101580000AEBCB1A002D00F0AE800EF0070BC24420
:101590004FF0010E9C450EFA0BFE9AF814B04EEA7D
:1015A0000B0E8AF814E0A6DA98429E46AFDA0130B4
:1015B0000EEB40030133ABE7009D0CEB060E00EB96
:1015C000050ABAF17F0F92D8BEF13F0F8FD84FEACC
:1015D000DE0B019D0AEBCB1A002D73D00EF0070B2A
:1015E000C2444FF0010E0EFA0BFE9AF814B04EEA08
:1015F0000B0E8AF814E0002F3FF47AAF90E7009DBD
:101600000CEB060EA5EB000ABAF17F0F3FF66DAFAB
:10161000BEF13F0F3FF669AF4FEADE0B019D0AEBCB
:10162000CB1A002D6DD00EF0070BC2444FF0010E07
:101630000EFA0BFE9AF814B04EEA0B0E8AF814E07C
:1016400000293FF454AFB7E7F1EE10FA7ED44A46D2
:1016500074EEC54AF5EEC04AF1EE10FA6CD40021E2
:1016600035EEC55AB5EEC05AF1EE10FA5AD400273D
:1016700075EEC45AF5EEC05AF1EE10FA3FF529AFF7
:101680000024002A3FF431AFB9E798428FDB0023F2
:101690003BE700BFAFF300807A008BFCFA210940E2
:1016A0000000000000806640C2444FF0010B0EF0C5
:1016B000070E0BFA0EFE9AF814B02BEA0E0E8AF8FB
:1016C00014E015E7C2444FF0010B0EF0070E0BFAC1
:1016D0000EFE9AF814B02BEA0E0E8AF814E0002FD2
:1016E0003FF406AF1CE7C2444FF0010B0EF0070EAB
:1016F0000BFA0EFE9AF814B02BEA0E0E8AF814E0DC
:10170000F7E6C2444FF0010B0EF0070E0BFA0EFE87
:101710009AF814B02BEA0E0E8AF814E000293FF470
:10172000E6AE49E777EEE66AF5EEC06AF1EE10FA4A
:10173000CCBF012700279BE736EE666AB5EEC06A8C
:10174000F1EE10FACCBF0121002189E776EE473A8D
:10175000F5EEC03AF1EE10FACCBF0122002277E795
:101760000124002A3FF4C1AE49E774EEC54A0122C4
:10177000F5EEC04AF1EE10FA7FF589AE35EEC55AA6
:101780000121B5EEC05AF1EE10FA7FF591AE0127B6
:1017900097E6DDE91223134406EE102A1293139BF9
:1017A0005B421393D8E500BF2DE9F04F89B008AC38
:1017B0009DF84870019104E90C000B78002B00F0B3
:1017C000AB801A469DF818809DF8193006464546AC
:1017D00090460393079B0593A8F12004E3B25E2B88
:1017E00000F29E8033685E4ADB68934240F09B8043
:1017F0008020B3882B44834200F392803368594A97
:101800009B68934240F092804020F188039A0291B5
:101810008B18834200F38480002A00F0918002FB41
:1018200004F46FF00049059BA1441444B6F804B0D9
:1018300003EB4909023BCDF8108003EB44030C464F
:101840009A4639F802CFA5B304F007034FF0010E12
:10185000E20859460EFA03FE0BF114034FFA8EFE0E
:1018600003EBC21200236FEA0E0832440DE07F2919
:1018700006D83F2C04D8107897B14EEA00001070BB
:10188000013301320131AB4213D00CFA03F00004F2
:10189000EDD47F29F4D83F2CF2D81078002FECD06B
:1018A000013308EA000001320131AB4202F8010CB9
:1018B000EBD1D14504F10104C3D1DDF810803268C9
:1018C0000BEB05042649D368A4B28B4234D18020A7
:1018D000844204D3D36822498B423AD17F2493684F
:1018E000204AB480934224D14020029B834206D3F5
:1018F00033681C4A9B68934225D13F230293029B85
:10190000F380019B1878404507D113F8018F0193AC
:10191000B8F1000F7FF460AF002009B0BDE8F08F90
:101920004FF00008EDE73046984762E730469847A9
:101930006BE730469847D8E7304698473268C7E7A4
:10194000B6F804B0BBE730469847013883B202933B
:10195000D5E7304698470138326884B2BFE700BF08
:10196000610A00085D0A00082DE9F04F964683B031
:1019700006461F461EF8014B91460D460C9B0D98DE
:101980009DF83880002C00F010814FF0000C1EF8FC
:10199000014B0CF1010C002CF9D11FFA8CFC3C78A6
:1019A0007A7814FB0CFC11B20FFA8CFC2CEAEC7C5C
:1019B000082800F2E580DFE800F04A5DBAD17484BF
:1019C0009DA405009A88B3F800A09244B3F90620BC
:1019D000AAEB0C0A002A1FFA8AFA49DB5C88F1801C
:1019E00004EB6204A6F804C0A6F800A0A4EB510121
:1019F0008CB274802B68DFF8D4B1DA685A454CD1C8
:101A00008020504505D8DA685A4540F0D5804FF01F
:101A10007F0A9B68A5F804A0DFF8B4A1534540F005
:101A2000C1804020A04205D82B689B68534540F0F8
:101A3000BE803F24EC804946CDF80080284697E8D8
:101A40000C00FFF7B1FE304603B0BDE8F08FB3F9EC
:101A50000420B3F800A0002AB8BF01320AEB620AE2
:101A6000B3F90620AAEB6C0A002A1FFA8AFAB5DA43
:101A70000132B3E7B3F900A0B3F902402B68DFF8F5
:101A80004CB1DA68A6F800A01FFA8AFA5A457480A9
:101A9000A6F804C0A4B2F180B2D0284690472B68C3
:101AA000AFE75C88D888B3F900A00444A6F804C066
:101AB000A6F800A01FFA8AFAA21AF18094B27480E4
:101AC00098E7B3F90400B3F800A00028B8BF0130CC
:101AD0000AEB600AAAEB6C0A5C881FFA8AFADB88B8
:101AE000A6F804C01C44F180A6F800A0A21A94B283
:101AF00074807FE7B3F800A098888244AAEB0C0AB0
:101B0000EAE7B3F906205C88002AB3F900A0F18067
:101B1000B8BF0132A6F800A0A6F804C01FFA8AFADE
:101B200004EB6204A4EB51018CB2748062E7B3F958
:101B30000420B3F800A0002AB3F90240A6F804C0BC
:101B4000B8BF01327480F180A4B20AEB620AAAEB3A
:101B50006C0C1FFA8CFAA6F800A04BE7B3F800A0B3
:101B60009A88B3F902409244A6F804C07480A4B2E3
:101B7000AAEB0C0CF1801FFA8CFAA6F800A039E74A
:101B80002B680024DFF844B0DA6834805A4574804A
:101B9000B480F48017D19B68DFF834A0AC80534543
:101BA0003FF448AF284698473CE7A446F7E6284666
:101BB0009847013884B23DE72846904701382B68A2
:101BC0001FFA80FA25E7A24667E700BF610A00080E
:101BD0005D0A00082DE9F04F85B0A1F1200504ACA5
:101BE0009DF83870009104E90C00EBB25E2B00F216
:101BF0009580036880465D4ADB689DF80840934203
:101C00009DF8096040F094808020B8F804302344A7
:101C1000834200F38380D8F80030554A9B68934292
:101C200040F088804020B8F8062093190192834242
:101C300074DC002E00F0898006FB05F56FF0004093
:101C4000039B964628442E44B8F804A003EB4000BA
:101C5000023B03EB460B30F8026FBCB30EF00703F8
:101C60004FF0010C4FEADE0251460CFA03FC0AF178
:101C700014034FFA8CFC03EBC21200236FEA0C0929
:101C800042440EE07F2907D8BEF13F0F04D81578F3
:101C90009FB14CEA050515700133013201319C42B8
:101CA00014D006FA03F52D04ECD47F29F4D8BEF144
:101CB0003F0FF1D81578002FEBD0013309EA050565
:101CC000013201319C4202F8015CEAD158450EF123
:101CD000010EC0D1D8F8003054442449DA68A4B2C7
:101CE0008A422DD1802084421CD29B68204AA8F8C9
:101CF0000440934221D14020019B834207D3D8F86E
:101D000000301B4A9B68934229D13F230193DDE9B0
:101D10000003A8F8063005B0BDE8F08F002005B03C
:101D2000BDE8F08FDA6811498A4211D17F24DCE7DF
:101D300098476AE74046984775E740469847DBE78B
:101D400040469047D8F80030CDE7B8F804A0C1E786
:101D5000404690470138D8F8003084B2C5E7404685
:101D60009847013883B20193D1E700BF610A0008A8
:101D70005D0A00082DE9F04F87B09DF84850109C8F
:101D80002E4601959DF844509EB399422ED899460F
:101D9000A24228D87F29164694BF0023012308E0D9
:101DA0009CF814804EEA080E8CF814E00136B44218
:101DB00019D33F2EFAD8002BF8D14FEAD60C06F0F3
:101DC000070E4FF0010801EBCC1C08FA0EFE84440C
:101DD000002DE5D19CF814B001362BEA0E0AB4426E
:101DE0008CF814A0E5D201318945D1D207B0BDE805
:101DF000F08FA3EB0108B8F1000FB8BFC8F10008DD
:101E00009942C0F04E817F2B4FF0FF3A94BF0026DD
:101E100001263F2A009694BF002701270297A6B902
:101E20009FB9D60802F0070C012703EBC61606443B
:101E3000002D00F0948107FA0CF796F814C047EAD9
:101E40000C073775002602960096994200F097819C
:101E5000464694468E46BEF17F0F16D8BCF13F0F22
:101E600013D84FEADC070CF0070B4FF001090EEB1B
:101E7000C7170744002D00F0398109FA0BF997F8CC
:101E800014B049EA0B0987F81490770018BFD644BC
:101E9000B84502DD46440CF1FF3C7345DBD1624599
:101EA000D9D100260496A4EB0209009FB9F1000FD6
:101EB000B8BFC9F100093F2C94BF00260126A242F9
:101EC000C9F100080396C0F02381002F40F0508133
:101ED000002E40F04D814FF0FF360096E60803EBF0
:101EE000C6160644002D00F01E814FF0010C04F0D0
:101EF00007070CFA07F796F814C047EA0C0737757E
:101F000000260396A24200F03D81C44616461F46B5
:101F100005927F2F15D83F2E13D84FEAD60E06F024
:101F2000070B4FF0010A07EBCE1E8644002D00F090
:101F3000E6800AFA0BFA9EF814B04AEA0B0A8EF809
:101F400014A0B8EB4C0F4FEA4C0E02DAACEB090CC4
:101F5000013FBEF1000F01D0009A1644BB42D8D118
:101F6000B442D6D1059AA1EB030EBEF1000FB8BF63
:101F7000CEF1000E7F2994BF4FF0000A4FF0010A06
:101F800099428CBF4FF001094FF0FF39BAF1000FB1
:101F900013D1039E8EB9E60801EBC6160644002D48
:101FA00000F0D3804FF0010C04F007070CFA07F79C
:101FB00096F814C047EA0C073775049E26BB77468F
:101FC00026467F2B14D83F2E12D84FEAD60C06F0A7
:101FD000070B4FF0010803EBCC1C8444002D73D099
:101FE00008FA0BF89CF814B048EA0B088CF8148037
:101FF0005FEA470C18BF4B44E64501DD7744013EDC
:102000009942DED1B442DCD1A2EB040EBEF1000F46
:10201000B8BFCEF1000EA2428CBF4FF001084FF0C6
:10202000FF38CEF1000CBAF1000F0ED1029B63B95C
:10203000D30802F00707012601EBC3130344002D68
:102040007CD0BE401F7D3E431E75019B002B7FF45C
:10205000CDAE66460B467F2B12D83F2C10D8E70832
:1020600004F0070A4FF0010903EBC7170744A5B3B3
:1020700009FA0AF997F814A049EA0A0987F81490AE
:10208000BCEB460F4FEA460702DAA6EB0E06013B11
:1020900007B144449942DED1A242DCD107B0BDE889
:1020A000F08F3F2A4FF0010A94BF002601267F2BB4
:1020B000029694BF002701270097002E7FF4C8AE38
:1020C000002F3FF4AEAEC3E608FA0BFB9CF8148079
:1020D00028EA0B088CF814808AE709FA0AFA97F8BC
:1020E000149029EA0A0987F81490C9E709FA0BFB4A
:1020F00097F8149029EA0B0987F81490C5E60AFAB4
:102100000BFB9EF814A02AEA0B0A8EF814A018E71D
:1021100097BB8EBB01260096E60803EBC616064465
:10212000002D7FF4E2AE012704F0070C039507FAB7
:102130000CFC377D27EA0C073775E3E606FA07F74C
:102140001E7D26EA07061E757FE7012704F0070CAF
:1021500007FA0CFC377D27EA0C0737752DE707FADD
:102160000CFC377D029527EA0C07009537756CE665
:102170004FF0FF360096C5E601260096C5E601261B
:10218000049690E601260196EDE600BF00000000EF
:102190002DE9F0412DED108B82B00192002A00F064
:1021A0003281044605EE902A0846B8EE65CB94EDE0
:1021B000049B9FEDCF7B9FEDD06B29EE077BB4EEA8
:1021C000C69BFDEEC77B17EE903A17EE907A802BF8
:1021D000A8BF8027F1EE10FA54BF01250025002B7F
:1021E000D4BF002505F00105002D40F0F980B7EEC1
:1021F000006BE16994ED06BA07EE901AB7EECBBA20
:10220000B8EEE7AB94ED02DB94ED008B2BEE06BB52
:102210003DEE087BB4EECC7B2AEE0BABF1EE10FA70
:102220000DDB37EE4C7BB4EEC7CBF1EE10FAF8D9EC
:10223000B5EEC07BF1EE10FA06D537EE0C7BB5EEAD
:10224000C07BF1EE10FAF8D4BCEEC77B2B46B0EEA3
:10225000493B3A46B0EE4D0B0190B0EE4C2B84ED6D
:102260000D7AB0EE481BFEF743FED4F82080B0EEA6
:1022700040FAB8F1000F77DDB0EE4C2B266B0CEE78
:10228000108AB0EE4D0BB0EE493B0198BAEEECCAA5
:102290002B463A46314694ED0AEBB0EE4E1BFEF764
:1022A00027FEDFED977AF0EE40CAB4EEE7CAF1EE12
:1022B00010FA40F23A81F7EE007AB4EEE7CAF1EE96
:1022C00010FAC0F20C81F7EE007A9FED8D7A37EEAE
:1022D000CCCAB4EEC7CAF1EE10FA40F22381B4EED4
:1022E000E7CAF1EE10FAC0F2118107EE906A3FEEF4
:1022F0002CFAB8EEE77B27EE0BBB3EEE0BEB002D86
:1023000000F0C980B5EEC0BBF1EE10FAC0F210814A
:10231000B4EECE9BF1EE10FA00F20A8107EE907A4D
:10232000B8EEE77B39EE477B3EEE47EBB5EEC09B60
:10233000F1EE10FA02D810E13EEE49EBB4EECE9B7E
:10234000F1EE10FAF8D9B5EEC0EBF1EE10FA06D5C1
:102350003EEE09EBB5EEC0EBF1EE10FAF8D408F161
:10236000FF3384ED0AEB23629FED637BB4EEC79BE2
:10237000F1EE10FA0FD588EE097B9FED620AB7EEF9
:10238000C77B27EE000A15F0ABF9F6EE007AE0EE17
:10239000677A2FEE27FA38EE0A8BEDBBB5EEC09BBD
:1023A000F1EE10FA02D8BAE038EE498BB4EEC89BD1
:1023B000F1EE10FAF8D9B5EEC08BF1EE10FA06D5B1
:1023C00038EE098BB5EEC08BF1EE10FAF8D4B0EE12
:1023D0004F0A84ED008B02B0BDEC108BBDE8F0819C
:1023E0007B0007EE103AB8EEC77BB4EEC97BF1EE86
:1023F00010FA70D807EE907AB8EEE77B39EE477B9B
:1024000087EE096BF5E69FED3EFAB0EE4F0A02B09B
:10241000BDEC108BBDE8F081B5EEC0ABF1EE10FA6B
:1024200026DBB4EEC89BF1EE10FA21D807EE907AC5
:10243000B8EEE77B39EE477B38EE478BB5EEC09BB5
:10244000F1EE10FA02D86AE038EE498BB4EEC89B80
:10245000F1EE10FAF8D9B5EEC08BF1EE10FAB6D560
:1024600038EE098BB5EEC08BF1EE10FAF8D4AEE77A
:10247000B5EEC0ABF1EE10FAE0D5B5EEC08BF1EEE3
:1024800010FADBD507EE907AB8EEE77B39EE477BA2
:1024900038EE078BD2E7B5EEC09BF1EE10FA02D80A
:1024A0005BE03EEE49EBB4EECE9BF1EE10FAF8D9CC
:1024B000B5EEC0EBF1EE10FA7FF551AF3EEE09EB51
:1024C000B5EEC0EBF1EE10FAF8D408F1FF3384ED6D
:1024D0000AEB236248E7B7EE006B002589E69FED23
:1024E0000A0A2CEE000A15F0BFFB6CEE80CAEAE681
:1024F000000000000000B03F000000000080A64087
:1025000000000000DB0FC940DB0FC93F1FED020ACE
:102510002CEE000A15F0A8FB2FEE00FAE5E69FED81
:10252000148B54E72FEE07FADFE660EE27CACAE6FF
:10253000B5EEC0BBF1EE10FA7FF5F8AEB5EEC0EB2C
:10254000F1EE10FA7FF5F2AE07EE907AB8EEE77B87
:1025500039EE477B3EEE07EBE8E69FED05EB08F131
:10256000FF3384ED0AEB2362FEE600BFAFF3008089
:102570000000000000000000436C012B2DE9F04733
:1025800004462DED028BB0EE408A3DD0022B35D1B2
:10259000026D50F8081BFFF7FBFD94ED157ADFED97
:1025A000B37AE16BB4EEE77AF1EE10FA1DD5236849
:1025B000F7EE006AA26D186830F9123007EE903A13
:1025C000FAEEE87A67EE877AF4EEE67AF1EE10FA40
:1025D00040F3068147F6FF7320F812300132236D75
:1025E000A2659A4201D30023A36594F85C30002BC6
:1025F0004DD0236D8B424FD838EE008AB0EE480A9A
:10260000BDEC028BBDE8F08790ED127B0168FCEE1B
:10261000C76B4B6816EE902A93420CD9F7EE006A0E
:102620000868B4EEE60AF1EE10FA40F3D08047F6FF
:10263000FF7120F81210B7EE006B37EE067BFCEE50
:10264000C75B84ED127B15EE902A9A42D6D34FF0E9
:102650007E5200200021013B22620122236562623A
:102660000022C4E90201C4E90401A2621BB107EE21
:10267000903AB8EE676BB0EE480A00220223A265DA
:102680006364BDEC028B84ED066BBDE8F08794F8C3
:102690005D30002BB0D0ACE7D4E9000293689942DA
:1026A00078D2734DA94275D20E0B4FF6FF7502EB2F
:1026B0004608B8F80E70AF426CD1D2F804E0BEF113
:1026C000000F67DD97894FF000097D1C45F67E1AE3
:1026D00095FBFEFC0EFB1C5502EB070C1CF80AC018
:1026E000ADB2BCF1000F40F0928002EB47094FF60B
:1026F000FF7C958109F58049B9F87E59654511D06F
:1027000002EB4505B5F80EE0BE4508BFA5F80EC0C2
:1027100005F50055B5F8C6C4BC4503D14FF6FF7C9E
:10272000A5F8C6C44FF6FF75AF4233D0DFF850A10D
:1027300001EA0A0A0AF58055AB42156870D34FEAE0
:10274000473C4FF4805E0368ACF102006FF0004C30
:1027500005440020D44403EB4C0C01303CF902AF9B
:10276000864525F802AFF8D8B6B202F50045A8F8BC
:102770000E70A9F87E69D5F88001B0F5006F0ADA0D
:1027800043F2BC070744013002EB4702C5F8800161
:10279000D68000E0036894F85D2052BB33F9112025
:1027A000F0EE487ADFED336A03EB410307EE102ABF
:1027B000B8EEC77AE7EE267AB7EE007AF4EEC77A7B
:1027C000F1EE10FA1ADD47F6FF721A8014E7FFEEF9
:1027D000006AB4EEE60AF1EE10FA3DD5264928E784
:1027E000BFEE007AF4EEC77AF1EE10FA2AD5224B4A
:1027F000F2E6F0EE487A03EB4103DDE7BFEE007A44
:10280000F4EEC77AF1EE10FA12D51B4ADDE709F1B2
:1028100001092F46F1457FF458AF03689581BAE767
:10282000B3EB0A0E02D04FEA473C8CE703689BE704
:102830009FED127A67EE877AFDEEE77A17EE902A1F
:1028400012B2C2E79FED0D7A67EE877AFDEEE77A66
:1028500017EE903A1BB2BFE6DFED086A60EE266A1B
:10286000FDEEE66A16EE901A09B2E2E677BE7F3F09
:1028700000C02501000000380180FFFF00FEFF4678
:1028800000F0FFFF000000002DE9F04FC44C0746A8
:10289000DFF84CA3C34D2DED048B8BB00192029158
:1028A00007F082FFCAF80800204601F0B9FE204672
:1028B00001F0D0FEFEF7A0F994F85230FF2BBA4B8E
:1028C0000CBF01220022197800F09A82002940F002
:1028D00045821A7094F8FE30B448002B00F05F82F5
:1028E00004F03AFD80F00100AB78C0B2002800F09F
:1028F0005C82002B00F01B8294F81631A870AC4863
:10290000002B00F01D8204F027FD80F0010095F8F7
:102910005230C0B2002800F01A82002B00F003826F
:10292000A04CA44B85F8520004F1700B93ED007A93
:10293000254623465A78002A00F01981D3ED037A00
:102940000121987877EE877A1A791971C3ED037AA5
:10295000002840F01581DFED986AF4EEE67AF1EE9A
:1029600010FAB8BF01465971002A00F00E8100220A
:1029700000219971DA7110335B45DBD12A7A00238B
:102980008E4E2B72002A40F044826A7A00236B72CA
:102990001AB1726C012A00F059849FED899A0021C6
:1029A0007F48B6EE008A01F04FFE30EE490ADFEDB7
:1029B000856A01217A48F7EE008AC0EE267A9FEDFB
:1029C000827AC7FE877AC7FEE87AC6ED157A01F0EB
:1029D0003BFEF1EE000A70EE487AB0EE000A67EEB8
:1029E000A00A14F0ADFF70EE487AF0EEE77AF4EE4C
:1029F000C97AF1EE10FA00F1F98070EE687A9FED75
:102A0000737AF0EEE77AF4EEC77AF1EE10FA40F15D
:102A10007A81736CB0EE680A022B86ED080A00F02A
:102A2000ED80002385F8583085F86830A6F85C30D2
:102A300003215B4801F008FE02215948B0EE408AAC
:102A400001F002FE736CF0EE400A022B2AD1336DC6
:102A5000B3F5346F26D3DFED5E7AB4EEE70A07EE06
:102A6000903AF1EE10FAC0F24383B8EE677BB0EE15
:102A7000474BB7EE005BB7EEC86AB4EE457B26EE77
:102A8000046BF1EE10FA48BFB0EE457B86ED046BA7
:102A900096ED026B86ED067BB4EEC67BF1EE10FA86
:102AA00040F27982019BF3B1029B002602943C46DE
:102AB0001D1F03F10C092F46019D23684FEA86086C
:102AC0003E4803EB860393ED000AFFF755FD3946B8
:102AD00051F8043F4344894583ED000AF8D101369B
:102AE000B542EAD1029CDFF8FC803A4D3A4F237997
:102AF000052603B13E782B78103401374FF0900C47
:102B0000B3424FF0030209A934480AD098F80030C4
:102B10008DF824C08DF826608DF8253007F010FC64
:102B20002E705C4508F1010805F10105DFD107F0C1
:102B30003BFEDAF808209AED017A821A9AF8003002
:102B400007EE902AF8EE677A67EE877A002B00F09E
:102B500032810023CAED057ACAED037ACAED047A00
:102B60008AF800300BB0BDEC048BBDE8F08FD9784B
:102B70001A7969B101211971997800293FF4F3AEEE
:102B800001215971002A7FF4F2AE01219971F1E619
:102B9000997811B101211971F2E719715971E7E6BC
:102BA0003C07002404000024180700242408002403
:102BB0003C0800241C0700240000964378000024F1
:102BC0008FC2F53CD7A3703F000000000AD7233D19
:102BD00048E17A3F0C070024889401086408002427
:102BE00020070024809401088FC2753DB0EE480A8A
:102BF000736C86ED080A022B7FF413AF736A95F8A5
:102C00004420B2EBD37F08D0B3635B42736280236E
:102C1000B362D6E90223C6E90C2395F858300022A6
:102C200085F85820002B40F082822B7D002B40F04D
:102C3000028196F85C30002B40F0E48195F8243056
:102C4000002B00F0248196F85D3095F82380002B4E
:102C500000F0A68196F85E3048EA030886F85E80A8
:102C600095F86830002285F86820002B3FF4E0AE2C
:102C7000D6F8049009F500430393D3F88431002B70
:102C80007FF7D6AE47F27C1CD9F80020D6F800E0DA
:102C9000CC440696D9F808500CEB4303CDE9044721
:102CA0001E4617463CF8022F02F59353120302F515
:102CB000805109EB43038D42DB88C0F014825B0333
:102CC0004FF480546FF00041023B1144DEF80020C5
:102CD0003B4402EB41020021013132F9020F33F98A
:102CE000028FA142A2F800801880F5D36645D9D1A1
:102CF000039A069E92F8883183F00103DDE90447C8
:102D000082F8883194E6B0EE007A5FED496A70EEA1
:102D1000477AF0EEE77AF4EE667AF1EE10FA48BF01
:102D2000B0EE470A64E7012385F85830F8E501233F
:102D3000A870B0482B7294F81631002B7FF4E3ADE5
:102D400004F00AFB95F8523000287FF4E6AD002B22
:102D50003FF4E6AD012385F85930E1E56978A9B182
:102D6000D5ED037A9FEDA47AF4EEC77AF1EE10FA6E
:102D700003D52978002940F077829FED9F7AF4EE01
:102D8000C77AF1EE10FA01DB0121697200211A7095
:102D900094F8FE3099486970002B7FF4A1AD04F0DF
:102DA000DBFAAB7800287FF4A4AD002B3FF4A4AD90
:102DB00001236B72A0E59AED047ADAED066AF4EE6F
:102DC000C77A9AED037A9AED056AF1EE10FAF4EEFD
:102DD000C77AB7EE007AC8BFCAED047AF1EE10FAEE
:102DE00037EE667A48BFCAED037A27EE067AA7EE79
:102DF000A67A8AED057A0BB0BDEC048BBDE8F08FA6
:102E000000297FF466AD0121697029720021E96013
:102E10005FE5726C012A00F09C81022A00F0958126
:102E2000002A7FF4B2AD01233265002273640023CF
:102E3000C6E91223A9E596F85C30002B7FF4FEAEBC
:102E4000D6F804E00EF50049D9F88031002B17DDE3
:102E500046F27C11714401EB430831F8022F42F233
:102E6000BC434FF6FF700EEB4202B2F80EC0634453
:102E700084450EEB430301D0D880D0818845ECD146
:102E80000023C9F88031012386F85C30D6E696F835
:102E90005D30002B3FF4E4AE96F85E30002B00F07E
:102EA0007781736803F500420392D2F88421002AE7
:102EB00025DD47F27C100494184400EB4202914651
:102EC00030F8022F4FF6FF7403EB420202F5005276
:102ED000B2F8C6E4A64503EB0E0C0DD042F2BC419D
:102EE0004FF00008714445F67E1E03EB41010CF8DB
:102EF0000E80CC80A2F8C6448145E1D1049C00221A
:102F00000399C1F88421D1F88021002A31DD46F2ED
:102F10007C18DDF80CE0984408EB42029146CDE9BC
:102F20000447CDE9065638F8025F4FF6FF7445F6C0
:102F30007E174FF0010C03EB450143F6BC02C88934
:102F400001F50056CC81A0420DD0191801F807C038
:102F5000A6F8C604DEF884110A44614403EB420279
:102F6000CEF88411D580C145DDD1DDE90447DDE926
:102F700006560023039AC2F8803182F88831002374
:102F8000002286F85D3095F8683085F86820002BBF
:102F90003FF44EAD6CE600220023C6E9022381E532
:102FA000D6F804E00EF500430393D3F88031002BEC
:102FB00017DD46F27C11714401EB430931F8022F11
:102FC00042F2BC434FF6FF700EEB4202B2F80EC065
:102FD000634484450EEB430301D0D880D08149453A
:102FE000ECD10023039AC2F88031012386F85D30CA
:102FF00034E600BF3C080024000096432408002467
:103000000000B444736803F500420392D2F88421AF
:10301000002A25DD47F27C1C04949C440CEB420200
:1030200091463CF8022F4FF6FF7003EB420202F587
:103030000052B2F8C6E4864503EB0E040DD042F20E
:10304000BC414FF00008714445F67E1E03EB410180
:1030500004F80E80C880A2F8C604CC45E1D1049CD7
:1030600000220399C1F88421D1F88021002A31DDA2
:1030700046F27C1CDDF80C8004949C4407960CEB13
:1030800042029146CDE905753CF8025F4FF6FF74A8
:1030900045F67E174FF0010E03EB450143F6BC02E7
:1030A000C88901F50056CC81A0420DD0191801F84D
:1030B00007E0A6F8C604D8F884110A44714403EB6B
:1030C0004202C8F88411D580CC45DDD1DDE9044742
:1030D000DDE906560023039A86F85C30C2F8803199
:1030E00082F88831AAE5AC1A3FF400AE5B03E9E54B
:1030F000F8EE677A1FED3E0A87EE800A14F020FC96
:10310000B7EEC07A9FED6A6B27EE067BB4EEC67B06
:10311000F1EE10FA00F18F80D6ED146AB8EE664B2E
:10312000B4EE447BF1EE10FA34FE077BA1E4D6E95D
:103130000201736AC6E90C01B363002080230021F9
:10314000B3622B7DC6E9020170E5A6F85C307364BA
:103150001BE496ED127BFCEEC77B17EE901AC6EDD2
:10316000147AB1F5F07FF2D3B365B8EE677BC6E9A8
:1031700009234FF07E53002233620223736400233D
:1031800086ED067BC6E90223C6E90423FFF7FDBBF3
:10319000D6E900391A4609F500430393D3F8803184
:1031A000002B3FDD46F27C1E94460695CE440EEB86
:1031B0004303CDE904471F463EF8023F4FF6FF7236
:1031C00009EB43015D00CC89944226D01B03D9F85A
:1031D0000800D9F8001003F58052904227D362030B
:1031E0004FF48050023A11446FF000421A44DCF868
:1031F000003003EB42020023013331F9028F834296
:1032000022F8028FF8D342F2BC434FF6FF724D44CE
:10321000234409EB4303DA80EA81BE45CCD1069D05
:10322000DDE904470023039AC2F88031A7E6C01AFB
:10323000E9D06203D6E7336DD6ED147AB3F5B46FF7
:10324000B8EE677B15D2B0EE474B12E496ED127BD9
:10325000BCEEC77B17EE101A86ED147AB1F5F07F3D
:1032600010D27364FFF799BBE97881F00101E9702E
:1032700083E5B7EEC85A25EE075BB0EE467B86EDD8
:10328000045B05E4C6E90923B3654FF07E53B8EE4D
:10329000477B0022336202237364002386ED067BA2
:1032A000C6E90223C6E90423FFF777BBAFF300802A
:1032B00000000000008096402DE9F04F002190486A
:1032C000904E4FF40067904C904D2DED048B97B0CD
:1032D000B7EE008A01F002FC2021894801F088F94C
:1032E0000321874801F070F9854801F07FF984488F
:1032F000F0EE408A01F08EF907EE900A9FED847A95
:10330000844B0021F8EE677A8348844A746067EE44
:10331000877A306087EEA87A83ED007A14F000FE99
:103320007F4B44F67012AC6000242B6005F500431F
:10333000FF2105F10E0083F88841AC816F60C3E97D
:10334000604414F0EDFD4FF48052FF21754814F0F5
:10335000E7FD21463A46744814F0E2FD7349002225
:103360000023A1F85C4081ED088A8C6264484C64BB
:103370000C6581ED158A8C6581F85E40C1ED108A7F
:103380000994C1E91223C1E90223C1E904230022FF
:10339000674BC1E90623674BC1E9006501251C7035
:1033A00083F85040703303F8104C4D62079301F0DE
:1033B00031F907EE900A604CB8EEE79A07F096FBF9
:1033C0009FED5E6A07EE900A4FF440732046C8EE08
:1033D000896A5B4A23805B4B50F8041BD360C9EEBB
:1033E000289A136153611570F8EE677A86EE267A93
:1033F00067EEA97AC8EE276A37EE088AC7EE087A20
:10340000C2ED016AC2ED067A03F09AF904F10800F0
:103410003B4C03F0C3F8142104F58C7304F594704D
:1034200004F5104AC4F83431474BC4F8383107F07A
:10343000DDF804F59470454B0090D4E94B1206F08A
:10344000F1FE204601F0E8F84149204601F0BAF8C3
:103450004FF4806200213F4814F062FD334B5B6CF7
:10346000012B00F01387022B00F000870023CAF81D
:103470007C32394B5A7893F800B05B6805925F460E
:10348000364A069345230392203BDAB25E2A00F2C5
:103490009F80BAF87C8208EB070EBEF1800F00F324
:1034A0009780BAF87E22059904920A44402A00F3D4
:1034B0008F80002976D0059A6FF00046049802FBB1
:1034C00003F31E441344069AA2F1020B02EB4606D4
:1034D0000BEB430B36F802CF002F5FD000F0070351
:1034E0000125C20800249D4049F28C2343446DB25B
:1034F00003EBC213024A6FEA0509134442463BE05C
:103500003C070024D49D002400F82401202F01242E
:1035100000007A441C070024000000C100F04902AA
:10352000000000C09E7801249E88012478000024B9
:103530000000F03F04000024DC9D0024DB0FC940A4
:10354000200700240000C07F850A0008790A0008CF
:1035500089280008C899002450040024D893010841
:103560007F2A04D83F2802D81978294319700134DA
:1035700001330132A74211D00CFA04F10904EFD44F
:103580007F2AF4D83F28F2D8197801340133013268
:1035900009EA0101A74203F8011CEDD15E4500F1E3
:1035A000010097D1049B1FFA8EFE039A3F2B28BF80
:1035B0003F23BEF17F0FAAF87E3228BF4FF07F0E67
:1035C00012F8013FAAF87CE20392002B7FF45CAF73
:1035D000A94BF6EE007ADFEDA96A4FF47A76D3EDC7
:1035E000105A18211B6D10A8A54D07EE103A039331
:1035F000A44AB8EE477A87EE256AE6EE267AFDEE13
:10360000E77A17EE904A85FB0435E317C3EBA51361
:1036100006FB1344009414F0BFFD9B4A38235178F5
:1036200092F800B0CAF87C3252689DF8403005919B
:103630000692002B71D010AA5F460392203BDAB2AB
:103640005E2A6AD8BAF87C8208EB070EBEF1800FBA
:1036500063DCBAF87E22059904920A44402A5CDCB5
:10366000002945D0059A6FF00046049802FB03F349
:103670001E441344069AA2F1020B02EB46060BEB22
:10368000430B36F802CF7FB300F007030125C208D1
:1036900000249D4049F28C2343446DB203EBC213D6
:1036A0007A4A6FEA0509134442460BE07F2A04D8A0
:1036B0003F2802D8197829431970013401330132A7
:1036C000BC4211D00CFA04F10904EFD47F2AF4D8DB
:1036D0003F28F2D8197801340133013209EA010197
:1036E000BC4203F8011CEDD15E4500F10100C8D1D8
:1036F000049B1FFA8EFE039A3F2B28BF3F23BEF187
:103700007F0FAAF87E3228BF4FF07F0E12F8013FDC
:10371000AAF87CE20392002B90D1574A92F85D30D0
:10372000002B40F09E8592F85C30002B40F05786CD
:10373000536803F5004393F88821002A40F0BC86C3
:10374000D3F88431002B40F3BF86514A752303928E
:103750006E22CAF87C224F4A92F800B051785F4638
:10376000526805910692203BDAB25E2A6AD8BAF80E
:103770007C8208EB070EBEF1800F63DCBAF87E2274
:10378000059904920A44402A5CDC002945D0059A38
:103790006FF00046049802FB03F31E441344069A9C
:1037A000A2F1020B02EB46060BEB430B36F802CFFD
:1037B0007FB300F007030125C20800249D4049F2B1
:1037C0008C2343446DB203EBC213304A6FEA050900
:1037D000134442460BE07F2A04D83F2802D81978C8
:1037E00029431970013401330132BC4211D00CFA63
:1037F00004F10904EFD47F2AF4D83F28F2D81978CD
:1038000001340133013209EA0101BC4203F8011C11
:10381000EDD1B34500F10100C8D1049B1FFA8EFE23
:10382000039A3F2B28BF3F23BEF17F0FAAF87E32B9
:1038300028BF4FF07F0E12F8013FAAF87CE20392F6
:10384000002B90D19AF80B34134A43F010038AF8F6
:103850000B3412F8011F41F0100111700F49914211
:10386000F7D19AF80B254FF0140B022142F04002D9
:103870008AF80B2516E000BF7800002400007A4487
:10388000D34D621010940108500400243C0700241A
:103890000094010848040024C79A0024469B002491
:1038A00092F80B330BF0070401220AEBC11093448A
:1038B000A2404FEADB011343BBF1260F0AEBC11212
:1038C00080F80B33ECD19AF88C34734A43F0400300
:1038D0008AF88C3412F8011D41F0400111706F49D3
:1038E0009142F7D19AF88C23042142F010028AF811
:1038F0008C2301E092F88C320BF0070401220BF1CB
:10390000FF3B0AEBC110A2404FEADB01BBF1140FF1
:1039100043EA02030AEBC11280F88C32EAD1604A12
:10392000136D05EE903A9FED5A7BB8EE655B92ED14
:10393000066B25EE077BB4EEC76BF1EE10FA40F193
:10394000FB80002B00F0508586EE054BDFED553AED
:1039500092ED042B82EE057BB7EEC44BF7EEC77BEE
:1039600024EE237A67EEA37ABDEEC77AFDEEE77AFE
:1039700017EE102A17EE903A022AACBF9918991C3C
:103980007F2940F3A6857F2B0CD849F28C321A444C
:10399000454B13441A7842F00E0203F8012B434AB8
:1039A0009A42F7D17E39424A00237F2B03F101036B
:1039B00003D8107840F00E0010708B4202F1010223
:1039C000F3D1F7EEC67B9FED3B7A354BF6EE006AFE
:1039D000394A102167EE877A93ED106A0CA887EEBA
:1039E000867A77EE267AFDEEE77A17EE903A14F0B3
:1039F000D3FB324A324B517892F80090CAF87C32AD
:103A000052689DF8303006910892002B00F09480A7
:103A10000CAA4D46CDF814B00392203BDAB25E2AD0
:103A200000F28880BAF87C8208EB050EBEF1800FA8
:103A300000F38080BAF87E22069904920A44402A54
:103A400078DC002960D0069A6FF0004C049C02FBE1
:103A500003F39C441344089AA2F1020B02EB4C0CB2
:103A60000BEB430B3CF8026F002D49D004F0070329
:103A7000012749F28C2241469F40E30842447FB22D
:103A800002EBC312084B6FEA07091A44002325E032
:103A90005C8FC2F5285CEF3F489C0024C99B002442
:103AA000780000240000FE423C070024489B0024CC
:103AB000C89A002400007A441C9401084804002499
:103AC00058000A007F2904D83F2C02D810783843C8
:103AD00010700133013201319D4211D006FA03F01A
:103AE0000004EFD47F29F4D83F2CF2D810780133AA
:103AF0000132013109EA00009D4202F8010CEDD1CA
:103B0000E34504F10104ADD1049B1FFA8EFE039A34
:103B10003F2B28BF3F23BEF17F0FAAF87E3228BF7C
:103B20004FF07F0E12F8013FAAF87CE20392002BBF
:103B30007FF473AFDDF814B07F4B5B6C022B00F0A9
:103B400067847D4B6421DFED7D7AD3ED086A5B6A83
:103B50007B4A07EE103A0393B8EEC77A27EE267A2F
:103B6000F0EEC76AB5EEC07A66EEA77AF1EE10FA0B
:103B7000FDEEE66AFDEEE77ACDED006A17EE903ACB
:103B8000A2FB030210A84FEA521201FB12336D4A46
:103B90004FF0180101936C4B48BF13466B4A14F069
:103BA000FBFA6B4A4FF42813517892F80090CAF848
:103BB0007C3252689DF8403003910692002B72D0FF
:103BC00010AA4F460492203BDAB25E2A6AD8BAF8AD
:103BD0007C8208EB070EBEF1800F63DCBAF87E2210
:103BE000039905920A44402A5CDC002945D0039AD7
:103BF0006FF00046059802FB03F31E441344069A37
:103C0000A2F1020B02EB46060BEB430B36F802CF98
:103C10007FB300F007030125C20800249D4049F24C
:103C20008C2343446DB203EBC2134A4A6FEA050981
:103C3000134442460BE07F2A04D83F2802D8197863
:103C400029431970013401330132BC4211D00CFAFE
:103C500004F10904EFD47F2AF4D83F28F2D8197868
:103C600001340133013209EA0101BC4203F8011CAD
:103C7000EDD1B34500F10100C8D1059B1FFA8EFEBE
:103C8000049A3F2B28BF3F23BEF17F0FAAF87E3254
:103C900028BF4FF07F0E12F8013FAAF87CE2049291
:103CA000002B90D1B946244BDFED2B7A93ED157A9A
:103CB0002A4BB4EEE77ACAF87C32F1EE10FAC0F281
:103CC0002B82274A4FF0300B46234D4604920BEBD4
:103CD0000509B9F1800F00F38280BAF87E220399BA
:103CE00005920A44402A7ADC00295FD0039A203BDF
:103CF0006FF0004C059C02FB03F39C441344069AAE
:103D0000A2F1020802EB4C0C08EB43083CF8026FEE
:103D1000002D47D0134A04F00703012759465A449F
:103D20009F40E30892B27FB202EBC312094B6FEAE5
:103D3000070E1A44002323E0780000240000C84244
:103D40001F85EB51E0930108E493010824940108D6
:103D5000480400243C07002477BE7F3F30002A003F
:103D6000E89301088C92FFFF7F2904D83F2C02D8EA
:103D7000107838431070013301320131AB4211D059
:103D800006FA03F00004EFD47F29F4D83F2CF2D8D0
:103D900010780133013201310EEA0000AB4202F823
:103DA000010CEDD1E04504F10104AFD1059B1FFAF0
:103DB00089FB049A3F2B28BF3F23BBF17F0FAAF852
:103DC0007E3228BF4FF07F0B12F8013FAAF87CB279
:103DD000049223B1A3F120025E2A7FF678AFA946B0
:103DE000794B5B6A002BC0F25582784B0DF12F00A6
:103DF000774A1C792E2104B11178103300F8011F85
:103E0000079901328B42F4D100238DF837304FF4FB
:103E10005813CAF87C329DF83030002B71D00CAAB0
:103E20004F460492203BDAB25E2A6AD8BAF87C8206
:103E300008EB070EBEF1800F63DCBAF87E2203990F
:103E400005920A44402A5CDC002945D0039A6FF0B1
:103E50000046059802FB03F31E441344069AA2F1A0
:103E6000020B02EB46060BEB430B36F802CF7FB397
:103E700000F007030125C20800249D4049F28C236D
:103E800043446DB203EBC213524A6FEA050913446F
:103E900042460BE07F2A04D83F2802D819782943EC
:103EA0001970013401330132A74211D00CFA04F128
:103EB0000904EFD47F2AF4D83F28F2D819780134C6
:103EC0000133013209EA0101A74203F8011CEDD1D7
:103ED0005E4500F10100C8D1059B1FFA8EFE049AD1
:103EE0003F2B28BF3F23BEF17F0FAAF87E3228BFA9
:103EF0004FF07F0E12F8013FAAF87CE20492002BEB
:103F000090D1354BF6EE007A9FED347A40F2E734EB
:103F1000D3ED006A1821324A10A8E6EE877AFDEE4A
:103F2000E77A17EE903AA342A8BF234614F034F97B
:103F30002C4A2D4B517892F800B0CAF87C32526866
:103F40009DF8403005910692002B00F0878010AA62
:103F50005F460392203BDAB25E2A7FD8BAF87C82B1
:103F600008EB070EBEF1800F78DCBAF87E220599C7
:103F700004920A44402A71DC002959D0059A6FF056
:103F80000046049802FB03F31E441344069AA2F170
:103F9000020B02EB46060BEB430B36F802CF002F69
:103FA00042D000F007030125C20800249D4049F2D9
:103FB0008C2343446DB203EBC213064A6FEA050932
:103FC000134442461EE000BF780000240400002491
:103FD000909401083C070024140700240000C84204
:103FE0003894010848040024500036007F2A04D881
:103FF0003F2802D81978294319700134013301325E
:10400000A74211D00CFA04F10904EFD47F2AF4D8A6
:104010003F28F2D8197801340133013209EA01014D
:10402000A74203F8011CEDD15E4500F10100B4D1B7
:10403000049B1FFA8EFE039A3F2B28BF3F23BEF13D
:104040007F0FAAF87E3228BF4FF07F0E12F8013F93
:10405000AAF87CE20392002B7FF47CAFAD4EB02433
:104060000025AD488DF82F400134294603F074FA3D
:10407000642301220DF12F01A848E4B205F07AF97A
:104080002946A5488DF82F5003F066FA01226423D3
:104090000DF12F01A14805F06DF9102329469E4826
:1040A0008DF82F3003F058FA642301220DF12F010F
:1040B0009A4805F05FF90121974803F04DFA31461F
:1040C000642380229548803605F054F9B82CC7D176
:1040D00006F068FB099BC31AB3F57A7FFFF4B8A911
:1040E0008F4BD3ED047AF5EEC07AF1EE10FA09DBCE
:1040F000B1EE007AF4EEC77AF1EE10FA02D5894BF0
:10410000C3ED007A884B864A0990D36013615361EE
:1041100001231370FFF79CB90021844800F094FA42
:10412000DFED837AB6EE007A9FED825A30EE670AB1
:10413000DFED816AB7EE006ADFED805A804A182110
:10414000C0EE057A10A8C7FEA57AC7FEC67AA7EE0C
:10415000A67AFDEEC77A17EE903A14F01DF8794A68
:104160009DF84030517892F8009052680391069281
:10417000002B3FF435AE10AA4D460492203BDAB234
:104180005E2A3FF62CAEBAF87C8208EB050EBEF133
:10419000800F3FF724AEBAF87E22039905920A44B5
:1041A000402A3FF71CAE002945D0039A6FF0004C1F
:1041B000059C02FB03F39C441344069AA2F1020BF4
:1041C00002EB4C0C0BEB430B3CF8026F7DB304F09D
:1041D0000703012749F28C2241469F40E3084244ED
:1041E0007FB202EBC312514B6FEA07091A44002356
:1041F0000BE07F2904D83F2C02D810783843107088
:10420000013301320131AB4211D006FA03F0000450
:10421000EFD47F29F4D83F2CF2D810780133013243
:10422000013109EA0000AB4202F8010CEDD1E3458F
:1042300004F10104C8D1059B1FFA8EFE049A3F2B9E
:1042400028BF3F23BEF17F0FAAF87E3228BF4FF070
:104250007F0E12F8013FAAF87CE20492002B8DD168
:10426000BDE5394A53230392FFF772BA374A502308
:1042700003920022CAF87C22354A92F800B05178A5
:1042800052685F4605910692FFF7FEB8314A522305
:104290000392EEE7304B4FF0560B304A4D46CAF8CA
:1042A0007C323C2304920BEB0509B9F1800F00F33B
:1042B0009480BAF87E22039905920A44402A00F3BA
:1042C0008C80002970D0039A203B6FF0004C059C35
:1042D00002FB03F39C441344069AA2F1020802EB8A
:1042E0004C0C08EB43083CF8026F002D58D01C4AD8
:1042F00004F00703012759465A449F40E30892B24D
:104300007FB202EBC312094B6FEA070E1A44002377
:1043100034E000BFC8990024C4990024BC9900244B
:1043200020070024140700240000C07F3C0700245D
:104330008FC2F53CD7A3703F0000C84200000000C8
:104340003094010848040024FC93010808940108F3
:10435000500400240494010856002A00EC9301083C
:104360008C92FFFF7F2904D83F2C02D81078384365
:1043700010700133013201319D4211D006FA03F071
:104380000004EFD47F29F4D83F2CF2D81078013301
:10439000013201310EEA00009D4202F8010CEDD11C
:1043A000E04504F101049ED1059B1FFA89FB049AA4
:1043B0003F2B28BF3F23BBF17F0FAAF87E3228BFD7
:1043C0004FF07F0B12F8013FAAF87CB2049223B1A0
:1043D000A3F120025E2A7FF666AFA94605E53F4AB3
:1043E0004F230392FFF7B4B97F2149F28C323C4846
:1043F0001A4402447F2B03F1010303D8107840F0E4
:104400000E001070994202F10102F3D2FFF7D9BAFF
:10441000344A136D002B54D007EE903A92ED025BB4
:10442000B8EE676B92ED047B37EE057BB4EEC67B8E
:10443000F1EE10FA0DDB37EE467BB4EEC76BF1EE12
:1044400010FAF8D9B5EEC07BF1EE10FA06D537EECA
:10445000067BB5EEC07BF1EE10FAF8D487EE065B72
:104460009FED217AF7EEC57B67EE877AFDEEE77A5E
:1044700017EE903A7F2B18D803F50072524492F849
:104480008C1241F0400182F88C127F2B0DD84FEA3C
:10449000DB020BF00700012103EBC2128140524402
:1044A00092F88C02014382F88C120BF1010BBBF1E4
:1044B000260FEAD1FFF745BB0C4A55230392FFF7BD
:1044C00047B94FF40072D9E76E23CAF87C32FFF780
:1044D000B9B98B423FF675AA87E700BFF893010888
:1044E0003C070024780000240000FE42F4930108F9
:1044F0002DE9F0412B4D00244FF60B73DFF8C080FF
:1045000005F58C702C60C5F8003140F20F776C61B6
:1045100040F201162C62EC63C5F80C41C5E93A344F
:10452000C5E93C44C5E9414401F06CFF05F5F4716F
:1045300005F510431C4AC5F8D81128461B49C3F895
:104540008042C3F878121A49C5F82841C5F8D081CD
:10455000A5F8D471C5F8DC61C5E9784413F0B6F864
:104560001448114A00F1B4031349C0F89C80C0F804
:10457000A4304FF4407344600360C0F8A070C0F8EA
:10458000A860C0E92B4413F0A1F80C4B03F50042DE
:104590009C609C8182F88841C3E90044C2E9604480
:1045A000BDE8F0813C070024000000244C94010881
:1045B000450A0008DC9D0024650A0008202F01241C
:1045C0000080707F00F02EBB70B5054600F02EFB1A
:1045D00005F1680405F1E806284600F069FB20466D
:1045E000203401F063FEB442F6D170BD00F03ABB56
:1045F00070B5054600F03AFB05F1680405F1E806E0
:10460000284600F055FB2046203401F04FFEB4420E
:10461000F6D170BD00F046BB183002F021BB00BFE0
:1046200010B50446683001F01DFE04F1880001F069
:1046300019FE04F1A80001F015FE04F1C800BDE860
:10464000104001F00FBE00BF00EB411191ED1D0ABB
:10465000704700BF403001F085BE00BF30B59DB04F
:10466000054600F029FB012847D0274900220123F5
:10467000CDF82A10CDE91023002224490123032478
:10468000ADF8542002A80F9318931B930C94CDE916
:10469000082140F20451ADF828101D49CDE90D3232
:1046A000CDE91231CDE916431A4B08A9CDE91922FB
:1046B000149300220023CDE9022303F095FE12A9F2
:1046C00003A803F091FE40F60163ADF804300198B1
:1046D00000F032FC4FF07E5230214FF07C5C0792AC
:1046E00005F11400049104A9039B029A0594CDF8E6
:1046F00018C001F0B3FC1DB030BD034A0023109078
:10470000CDF82A201193B7E7040604030402040439
:10471000000106090002030BF0B502220646002440
:1047200006F1180706F168052DED028B99B09FED93
:10473000228AADF8082006A8029902F06FF84FF41B
:10474000407302220DF12A00ADF80C30039902F0FB
:1047500065F840F2024302220FA8ADF81030049928
:1047600002F05CF84FF4E06302220DF14E00ADF868
:104770001430059902F052F8042306A938461A4667
:1047800002F060F8E1B2384602F080FA01460134E6
:104790003046019100F08CFA2846F0EE480A0023DA
:1047A00001220199203501F02BFD042CEAD119B02A
:1047B000BDEC028BF0BD00BF6F12033B0000000098
:1047C0002DE9F0430FF20C39D9E900898FB0C04BC5
:1047D00049F2802401250C9300260444002206950A
:1047E00004F10807CDE9028900F51048384604F1C4
:1047F0000409A8F88832022388F88A52CDE90A33DE
:10480000082307930023CDE90866CDE9042302F0CD
:10481000B9FDBDF83230484688F88652A8F884328F
:1048200002F0B0FD02A9204604F01CFD31464846C6
:1048300002F092FE0A2005F0BDFF2946484602F02C
:104840008BFE0A2005F0B6FFAE23314638468DF8C0
:10485000073002F081FE2A460DF10701642320464D
:1048600004F088FDD523314638468DF8073002F034
:1048700073FE2A460DF107016423204604F07AFDF9
:104880008023314638468DF8073002F065FE2A460F
:104890000DF107016423204604F06CFDA823314686
:1048A00038468DF8073002F057FE2A460DF1070111
:1048B0006423204604F05EFD3F23314638468DF8E0
:1048C000073002F049FE2A460DF107016423204615
:1048D00004F050FDDA23314638468DF8073002F0F7
:1048E0003BFE2A460DF107016423204604F042FDF9
:1048F0001223314638468DF8073002F02DFE2A4645
:104900000DF107016423204604F034FDD323314622
:1049100038468DF8073002F01FFE2A4664230DF159
:104920000701204604F026FD314638468DF8076021
:1049300002F012FE2A460DF107016423204604F01E
:1049400019FD4023314638468DF8073002F004FE49
:104950002A460DF107016423204604F00BFDA6232F
:10496000314638468DF8073002F0F6FD2A460DF143
:1049700007016423204604F0FDFCA4233146384699
:104980008DF8073002F0E8FD2A460DF10701642397
:10499000204604F0EFFC8D23314638468DF8073071
:1049A00002F0DAFD2A460DF107016423204604F0E7
:1049B000E1FC1423314638468DF8073002F0CCFD77
:1049C0002A460DF107016423204604F0D3FCA123FD
:1049D000314638468DF8073002F0BEFD2A460DF10B
:1049E00007016423204604F0C5FCC823314638463D
:1049F0008DF8073002F0B0FD2A460DF1070164235F
:104A0000204604F0B7FC8123314638468DF8073044
:104A100002F0A2FD2A460DF107016423204604F0AE
:104A2000A9FC8F23314638468DF8073002F094FDFB
:104A30002A460DF107016423204604F09BFCD9238C
:104A4000314638468DF8073002F086FD2A460DF1D2
:104A500007016423204604F08DFC252331463846A7
:104A60008DF8073002F078FD2A460DF10701642326
:104A7000204604F07FFCDB23314638468DF80730B2
:104A800002F06AFD2A460DF107016423204604F076
:104A900071FC3423314638468DF8073002F05CFD56
:104AA0002A460DF107016423204604F063FCAF237E
:104AB000314638468DF8073002F04EFD64232A4611
:104AC0000DF10701204604F055FC0FB0BDE8F0835E
:104AD0000104010F060B0B000105060A2DE9F04742
:104AE000044698B001260027019100F099F8019939
:104AF000204600F09DF904F1200A20464FF00209FB
:104B0000FFF7ACFD2046FFF75BFE11A9504604F508
:104B1000104805ADCDE91467CDE9129702F080FA8F
:104B200049463A46504602F0F9FA40F601139FED25
:104B3000380A04F14000ADF8103040F60103049942
:104B4000ADF80C3040F60143ADF80830DDE9023233
:104B500001F0D8FB2F4B49F28C60C8F88C3620440A
:104B600002F010FC2C4B324604F1E800196801F009
:104B700037FC2A4B324604F58070196801F030FC8E
:104B80002046FFF71DFE284601F03CFC47F61223A5
:104B90000DF1240E04F58C7CCDF854900DF1340900
:104BA00017931396169604F59476149795E80F00CC
:104BB0008CE80F008EE80F0089E80F00BDF8383050
:104BC0001290ADF84630BDF83A30D4E9485EADF801
:104BD0004430C4E94B5EBEF1000F04D07246394642
:104BE000284613F09DF911A9304605F0B1FA04F5F5
:104BF0009E7001F0D3FC2046FFF78EFD1123C8F80C
:104C0000943605F0CFFDC8F8900618B0BDE8F087DF
:104C10000000000001010100989401089C94010823
:104C2000704700BF143001F0B7BA00BF38B500F1CB
:104C3000140504462DED028B284601F069FA28463A
:104C400001F062FA2846B0EE408A01F04BFAD0ED4E
:104C5000007AF8EE677A88EE277ABDEC028B84ED55
:104C60000E7A38BD143001F04FBA00BF38B500F1EC
:104C7000140504462DED028B284601F037FA28462C
:104C800001F042FA2846B0EE408A01F02BFAD0ED4E
:104C9000007AF8EE677A88EE277ABDEC028B84ED15
:104CA0000E7A38BD08B5143001F01CFA006808BD52
:104CB00090ED0E0A704700BF10B540F203338EB07E
:104CC00000244FF60B7240F20341ADF8083009A8FA
:104CD0000123ADF81020ADF824202246ADF80C10C9
:104CE0000094029907940C94CDE90544CDE90A4457
:104CF00002F04CFA04A8012322460399009402F022
:104D000045FA09A802F028FB10B901200EB010BD29
:104D100004A802F021FBA0420CBF022020460EB0E6
:104D200010BD00BF2DE9F04103239AB001270024F4
:104D30000646CDE914373B4BCDE9104340F204530E
:104D4000CDE91647ADF84830FFF7B6FFB842054643
:104D500025D0022845D040F60132334B0DF12C0806
:104D60001894ADF82C200B981997CDF84A3000F024
:104D7000E3F810A906F13C0003F036FB30200322D3
:104D80004FF07E5341460D930E93CDE90B02F26B2B
:104D900006F1140001F02AF91AB0BDE8F0811023E1
:104DA000214A06A906908DF828300DF12C081F4BDA
:104DB000CDF84A2007930294CDE91804CDE9080400
:104DC00002A802F049FD0823029A03A94046ADF863
:104DD0000C508DF80E40049505930B9400F0ECF800
:104DE000C7E700200121104B0DF12C083A46009432
:104DF000CDF84A304FF60B730C94ADF82C302346A7
:104E0000CDE9180140F601314046ADF81810069979
:104E1000CDE90D4402F0BAF92146404602F0A8FA65
:104E2000A7E700BF04020404040604030704010BFF
:104E30002DE9F04704462DED028B82B000294DD0BC
:104E4000012140F2011200230091ADF804208DF8F9
:104E50000630364A0127364B04F10409354904F17E
:104E60002908626040F20272A36040F60663E160C6
:104E700004F1250AA4F82520A4F82930278284F813
:104E8000277084F82B7005F039FE054605F094FC78
:104E90006946064650BB4DB304F130008DF80670EC
:104EA00005F0ACFD072D3CD104F114052046FFF7B9
:104EB00039FF284601F028F92846B0EE408A01F073
:104EC00011F9D0ED007AF8EE677A88EE277A84ED52
:104ED0000E7A02B0BDEC028BBDE8F08740F2011300
:104EE00000918DF80610ADF80430B2E704F13000FF
:104EF00005F084FD072D11D04946204602F0F4FE4E
:104F00000EB9002DD0D1504602F03CFA404602F0D6
:104F100039FA04F1120000F079F9C5E7002EF2D158
:104F2000C2E74946204602F0DFFEBDE70508050955
:104F300005070506050A060610B584B003460124D8
:104F4000ADF8040003A8ADF80C30ADF80E4002F047
:104F500019FA214603A802F0FFFA204605F02AFCC0
:104F6000002103A802F0F8FA204605F023FC2146B0
:104F700003A802F0F1FA04B010BD00BF10B5C2F3EF
:104F8000002384B00C46017C8DF80D2043EA4402D6
:104F9000FA2402238DF80C2003AA009402F0F2FCFC
:104FA00018B10124204604B010BD04460A2005F0C3
:104FB00001FC204604B010BD034670B543F8042B35
:104FC000044684B007C983E80700A37983B91A218E
:104FD0000B461E22FA2523742046ADF80C2002232E
:104FE00003AA009502F0CEFC28B1012004B070BDE8
:104FF0001B210B46EDE70A2005F0DCFB4FF4B8520D
:1050000000950223ADF80C20204603AA217C02F073
:10501000B9FC0028E9D10A2005F0CCFB41F202726C
:1050200000950223ADF80C20204603AA217C02F053
:10503000A9FC0028D9D10A2005F0BCFB0422009568
:105040000223ADF80C20204603AA217C02F09AFC32
:105050000028CAD10A2005F0ADFB062200950223E4
:10506000ADF80C20204603AA217C02F08BFC00281E
:10507000BBD10A2005F09EFB41F2082200950223D5
:10508000ADF80C20204603AA217C02F07BFC00280E
:10509000ABD10A20064605F08DFB0095022303AA3A
:1050A000217C2046ADF80C6002F06CFC00289CD1FD
:1050B000304605F07FFB009522790C232046002A1C
:1050C0008DF80C3003AA4FF0020314BF6221422175
:1050D0008DF80D10217C02F055FC002885D130465A
:1050E00005F068FB2279D4E902310B43DBB20AB93F
:1050F00043F0400362790AB143F020030E22FA25FF
:105100008DF80D302046009502238DF80C2003AA5F
:10511000217C02F037FC00287FF467AF0A2005F0FD
:1051200049FB102200950223ADF80C20204603AA6B
:10513000217C02F027FC00287FF457AF0A2005F0FD
:1051400039FB122100950223ADF80C1003AA217C33
:10515000204602F017FC00287FF447AF0A2005F034
:1051600029FB012209212046FFF708FF003818BF5C
:1051700001203BE7F0B5102387B0234C0122002526
:105180000126002702A920460195CDE902234FF40C
:105190008052CDE904670CF009FE642006F088F81F
:1051A00002A94FF480522046CDE904670226102759
:1051B000CDE902670CF0FAFD0322102302A9204674
:1051C000CDE9022300230422CDE904234FF48052C9
:1051D0000CF0ECFD40F23223042202A901931023CB
:1051E0002046CDE90223019A012305924FF4805213
:1051F00004930CF0DBFD40F6060120460CF0F6FDB2
:10520000284607B0F0BD00BFB4B001241C4B0022FB
:105210001C494FF0400C30B5054689B0022059605A
:1052200007219A601A620124DA620A224FF4006EA2
:10523000DC6006922022CDE9000104200821CDE99E
:10524000020103201021CDE9040108206946C3E9C9
:1052500004024FF4C072181DC3E906C24FF4805215
:10526000C3E909E20CF078FD38B92846FFF782FF60
:10527000003818BF012009B030BD204609B030BD4C
:10528000B0B0012440410052614A0021D0B51368FA
:105290008EB00A91002B40F0B9805E4B01214FF691
:1052A00083700C2411600221D3F8D4200026032738
:1052B00042F48052C3F8D420D3F8D42002F48052B0
:1052C0000092009AD3F8E02042F01002C3F8E020E8
:1052D000D3F8E02002F010020192019AD3F8E02006
:1052E00042F04002C3F8E020D3F8E02002F0400290
:1052F0000292029AD3F8E02042F00802C3F8E020BC
:10530000D3F8E02002F008020392039AD3F8E020D9
:1053100042F48072C3F8E020D3F8E02002F48072F7
:105320000492049AD3F8E02042F08002C3F8E0200F
:10533000D3F8E02002F080020592059AD3F8E0202D
:1053400042F02002C3F8E020D3F8E02002F020026F
:105350000692069AD3F8E02042F00402C3F8E02057
:10536000D3F8E0300C9403F0040307930323079A67
:105370000B93CDE9080108A9274807F04BFF48F235
:105380003712022308A925480C94CDE90823CDE95A
:105390000A6707F03FFF4CF20372022308A9204876
:1053A0000C94CDE90823CDE90A6707F033FF40F2FA
:1053B000FF62022308A91B480C94CDE90823CDE91C
:1053C0000A6707F027FF4FF60C72022308A9164858
:1053D0000C94CDE90823CDE90A6707F01BFF4FF6CF
:1053E0003F02022308A911480C94CDE90823CDE916
:1053F0000A6707F00FFF2022022308A90A480C942D
:10540000CDE90A67CDE9082307F004FF0EB0D0BD4F
:10541000ACB0012400440258001002580018025891
:10542000000C025800200258001C025800140258B8
:105430002DE9F04FDFF8108406460D46144608F1BA
:1054400018002DED028B89B000AF03F0C5F8D8F835
:10545000183073B3D8F81C30D8F80490002B436987
:105460000BBF4FF0080A4FF0100A4FF0020B4FF03D
:10547000040BB9F1000F2AD0A200EA46012B02F179
:10548000070222F00702ADEB020D6846ADEB020DFC
:10549000694600F03F81022B00F0D680002B6FD0D0
:1054A0002246C847D5462437BD46BDEC028BBDE831
:1054B000F08FD8F81C30002BF5D0D8F804904FF0BE
:1054C000080A4FF0020B4369B9F1000FD4D1FB6118
:1054D000D8F80030BB61002BE5D0D54803F0EEF8DA
:1054E0006B46BBF1020F786108EE103AFB6900F0E1
:1054F00083816A465146A2EBC40295466200EA46A1
:10550000B2FBFBF2AAEBC40085460AEB8200EE4632
:10551000F861ADEB010DF8690EEB820CC7F810C015
:10552000EC46ADEB010D00EB8201CCF80400CCF8A9
:10553000081001EB82013869E946CCF80C1000EB49
:105540008201CCF800A001EB8202C9E900E0C9E9C0
:105550000212012B00F06483022B00F06C82002BFE
:1055600000F08081620849466046BB69984718EEA2
:10557000103A24379D46BD46BDEC028BBDE8F08F46
:10558000002C8DD01A46D8ED0C6A9FEDB27A844675
:10559000331D36F922E00CF1080C07EE90EA33F9DE
:1055A00022E00232F8EEE77A944267EE877A67EEFD
:1055B000A67A4CED027A07EE90EAF8EEE77A67EE0B
:1055C000877A67EEA67A4CED017AE2D8F961224635
:1055D000C847984ED8ED0D6A0020F9692B1D9FED44
:1055E0009E7A9FED9E6ADFED9E5A22E0F4EEC67A27
:1055F000F1EE10FAC0F2C88447F6FE72D1ED017ADE
:1056000045F8202066EEA77AF4EEC77AF1EE10FA9C
:1056100040F2F080F4EEC67AF1EE10FAC0F2D584D2
:1056200047F6FE7243F820200230083184427FF6AC
:1056300039AFD1ED007A66EEA77AF4EEC77AF1EED3
:1056400010FAD3D83246D9E7002C3FF429AFD8ED71
:105650000C6A84469FED787A0022331D8E4656F8F8
:1056600022100CF1080C07EE901A53F822100232A7
:10567000F8EEE77A944267EE877A67EEA67A4CED09
:10568000027A07EE901AF8EEE77A67EE877A67EE0D
:10569000A67A4CED017AE2D871462246C7F81CE0A2
:1056A000C847664ED8ED0D6A0020F9692B1D9FEDA5
:1056B0006A7A9FED6A6ADFF894C120E0F4EEC67A58
:1056C000F1EE10FAC0F279843246D1ED017A45F854
:1056D000202066EEA77AF4EEC77AF1EE10FA40F2D7
:1056E0008780F4EEC67AF1EE10FAC0F25E8432469C
:1056F00043F820200230083184427FF6D3AED1ED4A
:10570000007A66EEA77AF4EEC77AF1EE10FAD5D8F1
:105710006246DAE7002C3FF4C3AED8ED0C6A864649
:105720009FED477A4FF0000C331D56F82C200EF1F8
:10573000080E82F40002A2F5000207EE902A53F848
:105740002C200CF1020CF8EEE77A82F4000264459A
:10575000A2F5000267EE877A67EEA67A4EED027A2E
:1057600007EE902AF8EEE77A67EE877A67EEA67A78
:105770004EED017AD9D8F9612246C847314ED8EDAD
:105780000D6A0020F9692B1D9FED337A9FED336A76
:10579000DFF8BCC01FE0F4EEC67AF1EE10FAC0F2FA
:1057A000FC833246D1ED017A45F8202066EEA77AD7
:1057B000F4EEC77AF1EE10FA18D9F4EEC67AF1EEEB
:1057C00010FAC0F2DA83324643F820200230083162
:1057D00084427FF667AED1ED007A66EEA77AF4EEEA
:1057E000C77AF1EE10FAD6D86246DBE76246EBE7FD
:1057F00062467DE7324615E7A100D64662080731CA
:1058000021F00701ADEB010DEA46ADEB010D694654
:10581000ADEB0E0D0AEB8200EC46ADEB0E0D01EB8D
:105820008202F861E946CCE900A0C9E9001290E6DD
:1058300004B101240280FFFF000000300082FF7FDE
:105840000000003482FF7F00E8B00124007E008069
:105850007E0080FF0000003804FF7FBF04FF7F3F11
:1058600000FEFF46002C00F0C982BBF1020FD8F801
:10587000242000F0FA827969C7F8049002EB810EC7
:105880005FED0C5A8A00DCF808100EF104007A6112
:105890001A46DCF80C303B61331DD7F810903D619F
:1058A000FD69C7E902CB8C46834636F92210D8ED54
:1058B0000C7A06EE101A33F9221006EE901A3EF911
:1058C0002210B8EEC66A07EE101AF8EEE66A3BF947
:1058D0002210B8EEC77A26EE256A66EEA56A27EE94
:1058E000257A26EE276A66EEA76A27EE277A07EE64
:1058F000901A51080232F8EEE77A0AEB81009442DE
:1059000080ED006A05EB810067EEA57AC0ED006AC4
:105910000CEB810009EB810180ED007A98ED0C7AA7
:1059200067EE877AC1ED007ABFD8D7F804903D6959
:10593000D7E902CB60466208BB6949469847D8F868
:105940002C307A69D8ED0D6A1A441FED3D7A1FEDAF
:105950003D6A2B1D904602F1040A5FED3F5A00227A
:10596000A84ED9E900EC51E0F4EEC67AF1EE10FA57
:10597000C0F2C78247F6FE7045F822000CEB01002A
:10598000D0ED007A66EEA77AF4EEC77AF1EE10FA5F
:105990004BD9F4EEC67AF1EE10FAC0F2BA8247F6AD
:1059A000FE70BBF1020F43F822002BD0D9F808009B
:1059B0000844D0ED007A66EEA77AF4EEC77AF1EEED
:1059C00010FA36D9F4EEC67AF1EE10FAC0F2CD82B2
:1059D00047F6FE7048F82200D9F80C000144D1EDDA
:1059E000007A66EEA77AF4EEC77AF1EE10FA1ED9C5
:1059F000F4EEC67AF1EE10FAC0F2AF8247F6FE710D
:105A00004AF82210023294427FF6B1AD51080EEBF3
:105A100081008900D0ED007A66EEA77AF4EEC77AAD
:105A2000F1EE10FAA0D83046A6E73046B9E7314685
:105A3000E6E73046CEE7002C00F0E081BBF1020F34
:105A4000D8F8243000F0E1817A69DCF8081003EB23
:105A5000820EC7F804909300DFED6B5A0EF104003C
:105A600000227B61DCF80C303B61331DD7F81090CD
:105A70003D61FD69C7E902CB8C46834656F822108A
:105A8000D8ED0C7A07EE101A53F82210B8EEC76A58
:105A900007EE101A5EF82210F8EEC76A07EE101A29
:105AA00026EE256A5BF82210B8EEC77A66EEA56A84
:105AB00026EE276A27EE257A66EEA76A27EE277A72
:105AC00007EE901A51080232F8EEE77A0AEB8100ED
:105AD000944280ED006A05EB810067EEA57AC0ED87
:105AE000006A0CEB810009EB810180ED007A98EDF2
:105AF0000C7A67EE877AC1ED007ABFD8D7F80490A8
:105B00003D69D7E902CB60466208BB6949469847C0
:105B1000D8F82C307A69D8ED0D6A1A449FED3E7A98
:105B20009FED3E6A131D9246DFF8E4C00022FB6140
:105B30002B1D364ED9E9008E4EE0F4EEC67AF1EE1A
:105B400010FAC0F2FC81304645F822000EEB01004D
:105B5000D0ED007A66EEA77AF4EEC77AF1EE10FA8D
:105B600049D9F4EEC67AF1EE10FAC0F2EF81304670
:105B7000BBF1020F43F822002AD0D9F808000844EC
:105B8000D0ED007A66EEA77AF4EEC77AF1EE10FA5D
:105B900035D9F4EEC67AF1EE10FAC0F2C98130467A
:105BA0004AF82200D9F80C000144D1ED007A66EEE3
:105BB000A77AF4EEC77AF1EE10FA1ED9F4EEC67A9F
:105BC000F1EE10FAC0F2AD813146F86940F82210CA
:105BD000023294427FF6CBAC510808EB8100890079
:105BE000D0ED007A66EEA77AF4EEC77AF1EE10FAFD
:105BF000A3D86046A8E76046BAE76146E5E7604695
:105C0000CEE700BF0280FFFF000000300082FF7F70
:105C1000007E00800000003404FF7FBF04FF7F3F50
:105C2000002C00F0EB807A690021D8F82430C7F806
:105C3000109003EB820ED7F81C909300FD610EF1DB
:105C400004021FED0C6A7B61331D154656F82120B6
:105C50004808D8ED0C6ABBF1020F82F40002A2F5ED
:105C6000000207EE902A53F8212082F40002B8EED9
:105C7000E77AA2F5000227EE067A07EE902A0AEBF1
:105C80008002F8EEE77A27EE267A67EE867A82EDD2
:105C9000007A09EB80024FEA800067EEA67AC2ED37
:105CA000007A27D05EF8212082F40002A2F50002DB
:105CB00007EE902A55F8212082F40002B8EEE77A28
:105CC000A2F5000227EE067A07EE902ADCF80820FB
:105CD000F8EEE77A024427EE267A67EE867A82EDBE
:105CE000007A98ED0C7ADCF80C2067EE877A024493
:105CF000C2ED007A02318C42A8D8D7F810906046E5
:105D00006208BB694946FD699847D8F82C307A6922
:105D1000D8ED0D6A1A441FED407A1FED406A131D3D
:105D20009246DFF8C4C20022FB612B1DAB4ED9E9BD
:105D3000008E4EE0F4EEC67AF1EE10FAC0F2C580A5
:105D4000304645F822000EEB0100D0ED007A66EEF9
:105D5000A77AF4EEC77AF1EE10FA49D9F4EEC67AD2
:105D6000F1EE10FAC0F2BF803046BBF1020F43F8EB
:105D700022002AD0D9F808000844D0ED007A66EE57
:105D8000A77AF4EEC77AF1EE10FA35D9F4EEC67AB6
:105D9000F1EE10FAC0F2AE8030464AF82200D9F88F
:105DA0000C000144D1ED007A66EEA77AF4EEC77AD2
:105DB000F1EE10FA1ED9F4EEC67AF1EE10FAC0F246
:105DC0008B803146F86940F82210023294427FF607
:105DD000CEAB510808EB81008900D0ED007A66EE69
:105DE000A77AF4EEC77AF1EE10FAA3D86046A8E7D6
:105DF0006046BAE76146E5E76046CEE72246494697
:105E00006046BB699847FFF7B2BBC7F810B00022E5
:105E100098ED0C6A331DDFED726AD7F81CB0786913
:105E200056F8221007EE901A53F82210B8EEE77ACF
:105E300007EE901A51080232F8EEE77A27EE267A3A
:105E40000AEB810E94420BEB810167EEA67A27EEF6
:105E5000067A67EE867A8EED007AC1ED007ADFD899
:105E60008300D7F810B07B614DE61A46C7F810B032
:105E700098ED0C6A331DDFED5B6AD7F81CB07869CA
:105E800036F9221007EE101A33F9221007EE901A95
:105E9000B8EEC77A51080232F8EEE77A27EE267A92
:105EA0000AEB810E94420BEB810167EEA67A27EE96
:105EB000067A67EE867A8EED007AC1ED007ADFD839
:105EC0008300D7F810B07B6134E5F0EE675AFEEE40
:105ED000E45A15EE900A34E7F0EE675AFEEEE45A03
:105EE00015EE901A6EE7F0EE675AFEEEE45A15EEE4
:105EF000900A3AE7F0EE675AFEEEE45A15EE900A81
:105F00004BE767EEA57AFDEEE77A17EE900A00B24E
:105F100032E567EEA57AFDEEE77A17EE900A00B259
:105F20003FE5F0EE675AFEEEE05A15EE901A4CE6A9
:105F3000F0EE675AFEEEE05A15EE900A30E6F0EE0B
:105F4000675AFEEEE05A15EE900AFDE5F0EE675A4C
:105F5000FEEEE05A15EE900A0AE667EEA57AFDEE2F
:105F6000E77A17EE901A09B24AE567EEA57AFDEED8
:105F7000E77A17EE900A00B22CE5F0EE675AFEEED3
:105F8000E45A15EE902A1FE467EEA57AFDEEE77A53
:105F900017EE902A12B2FFF731BBF0EE675AFEEE11
:105FA000E45A15EE902AFFF7FDBBF0EE675AFEEEBD
:105FB000E05A15EE902AFFF79BBBF0EE675AFEEE13
:105FC000E05A15EE902AFFF780BB67EEA57AFDEE4A
:105FD000E77A17EE902A12B2FFF724BB82FF7F0008
:105FE00000000030000000387E0080FF30B5184C03
:105FF000154685B0046004F1080EEC460FC98EE822
:106000000F00D4ED047AF5EEC07A8CE80F00F1EEC3
:1060100010FA1ADDB7EE006A94ED057A27EE277ABA
:10602000C6EE276A84ED0D7AC4ED0C6A6DB1204688
:1060300040F8185F02F0D0FA064903690020064ACA
:106040002162A262E36005B030BD012005B030BD21
:10605000E8B001240020003000000030F0B51C4CF6
:1060600016461F4689B0046004F10805EE460DF19E
:10607000100C0FC985E80F00D4ED047AF5EEC07A54
:106080008EE80F00F1EE10FA8CE80F0017DDB7EE86
:10609000006A94ED057A27EE277AC6EE276A84ED2A
:1060A0000D7AC4ED0C6A56B1204640F8186F02F024
:1060B00093FA08490369084A2162A262E360074A29
:1060C0000020074BE7616262E36209B0F0BD00BFE8
:1060D000E8B0012400200030000000300030003023
:1060E0000010003000680830704700BFB1F5807FB5
:1060F00003680A4628BF4FF48072B1F5807F9A602A
:1061000094BF0020012070470068183002F0C4BA24
:1061100070B504688AB0A369E160CBB104F11805D9
:10612000284602F059FA8446EE46E668BCE80F00BD
:10613000AEE80F00BCE80F00AEE80F009CE80300DB
:106140008EE8030069462846049602F04DF9F8B936
:10615000E069D8B104F11C05284602F03DFA8446F6
:10616000EE46E468BCE80F00AEE80F00BCE80F00A4
:10617000AEE80F009CE803008EE80300694628465D
:10618000049402F031F9003818BF01200AB070BD44
:1061900001200AB070BD00BF30B5046883B00D4661
:1061A000E3694BB1A3680020E26A616A9B0000903A
:1061B00004F11C0002F012FAA3680748A26A9B00CF
:1061C000216A009004F1180002F008FA0020C4E9E6
:1061D000005003B030BD00BF3154000810B4074B6D
:1061E0004FF07E5130240022032019619C60D8605A
:1061F0005DF8044B5961C3E906227047E8B00124F9
:10620000F6EE007A9FED166A20EE207A0160F7EE36
:10621000006A80ED036A80ED020A27EE277AC6EE57
:10622000877AF4EEE67AF1EE10FA11DDF0EE667A96
:106230004FF07E514FF0000C02760022C0ED017A43
:10624000C0F814C0016143768276C0ED070A70473A
:10625000F4EEC67AF1EE10FAEAD5F0EE467AE7E708
:10626000000000000268037E128807EE902AFBEE11
:10627000C87A1BB1B7EE007A77EE677AD0ED056A7F
:1062800090ED047A77EEE67A437E67EE877A0BB17B
:10629000F1EE677A90ED030A90ED017A77EEC07A1D
:1062A000A7EE270A80ED030A704700BF837E80EDCA
:1062B000020AABB9D0ED077A27EE800AF6EE007A33
:1062C000B7EE007A20EE270AC7EE007AF4EEC77A1E
:1062D000F1EE10FA07DDF0EE477AC0ED017A704773
:1062E000DFED067AE8E7F5EEC07AF1EE10FAF4D5C4
:1062F000DFED037AC0ED017A704700BF6F12033BF8
:106300000000000030B585B004460025ADF80C1043
:10631000ADF80820ADF8043004F044FABDF80C20C4
:106320004FF48073206004F118002283BDF8082028
:106330006383E383A283257101F024F804F11C0038
:1063400001F020F89FED060A019904F1080000F021
:106350002BF94FF6FF736562238405B030BD00BF93
:1063600000000000F8B5044604F01CFA002623687B
:106370002671834205D104F10800BDE8F84000F021
:106380002DB9012794F82050206004F11800BD4079
:10639000277101F0D3F86DB2284394F82150BD4025
:1063A00084F8200004F11C0001F0C8F894F82030B3
:1063B0006DB2666203F003032843022BC0B284F877
:1063C000210009D000F003000228D4D1002BD2D143
:1063D0004FF0FF336362CEE78307CCD16762CAE731
:1063E00070B584B0002504461646ADF80C102B4657
:1063F0002A460399009500F0C9FEA582A67504B04F
:1064000070BD00BF074A118830B481800024064D5A
:1064100091884FF4807285600460C180C26030BC96
:10642000704700BF749301080040003038B504463F
:10643000104694F895301942237815D0032B19D0C3
:1064400094F89820002594F896300A4025700B4067
:10645000A26001F0F8021B09F82A237100F086807F
:10646000092B73D9002038BD032BFBD8DFE803F0DC
:10647000112A5102F7291CD094F98E2094F88E30FD
:10648000002AEFDBE21801330020917384F88E308C
:1064900038BD94F8942094F8973022711940131F56
:1064A000012B217305D994F88F3003F0FD03012BE4
:1064B00045D10023237018B19022211D11F022FD37
:1064C000012038BD94F8973094F894201940131F98
:1064D0002173012B05D994F88F3003F0FD03012BB4
:1064E00029D10023237000284CD09022211D11F0C7
:1064F00009FD94F894200120032AB4D1237B772B43
:10650000B1D90922783B227184F8942084F8913023
:1065100038BD94F8973094F894201940012A61739B
:1065200000D181B118B19022211D11F0EBFC0023A4
:106530000120237038BD022300202370DCE70223F2
:106540000020237038BD00232371EBE70122072BC5
:10655000227019D101F00703A56084F88F30CBB900
:106560000322184684F88E30227038BD0823237128
:1065700094F8993000221940227084F89010002875
:106580009AD19DE70120B7E7082BF1D0284684F87F
:10659000943038BD4B077FF565AF8AE700220A23A8
:1065A00002700371704700BF70B5044682B0C1F33A
:1065B0000726CDB2ADF8041004F0F4F84FF4807261
:1065C0004FF001232060A01DA571A280E671A36099
:1065D00002B0BDE8704000F0D5BE00BF38B504463B
:1065E00004F0E0F8002223682271834210D00122D7
:1065F000A57AE37A954020602271A01D6DB243B95F
:1066000000F09CFF40B22843C0B27F28A0720AD09D
:1066100038BD00F093FFB0FA80F040092843C0B2C3
:106620007F28A072F4D104F0BDF807EE900AF8EECE
:10663000677AC4ED037A38BD704700BF30B5D0F833
:106640000C44ADF2044D3CB3D0F80824D0F8043427
:106650009A4224D0EC460021E6460131D0F80834B5
:10666000D0F804249B1AC3F30903002BF6D0D0F80A
:1066700004345A1C0344C2F309021D79C0F80424EF
:10668000D0F80824D0F804340EF8015B9A42E4D123
:10669000D0F810246046A0470DF2044D30BD002113
:1066A000EC46F5E7F8B5254CE378002B43D00B68B2
:1066B0000E46002B3FD0002105460F465B1A032BE8
:1066C00030D96B5C294413F00E0F2BD003F00F036D
:1066D000234493F818382BB3013B481C50FA83F03D
:1066E000D4F80434D4F80824013B9B1AC3F30903FB
:1066F00013B311F801CFD4F80434D4F80824013BC3
:106700009B1AC3F30903002BF5D0D4F80834814257
:1067100003F101022344C2F3090283F804C0C4F860
:106720000824DDD104372046FFF788FF3368BFB265
:106730009F423946C2D3F8BDE370F3E720B101248C
:10674000CAB2114BA2F1010210B5B2FA82F282B0C4
:106750000E4C5209ADF8041004600120A4F8011099
:10676000114618702046009210F00EF900230A20FE
:10677000E37004F01FF8009A2046054902B0BDE816
:10678000104010F087B900BF64EF012420B101244C
:10679000A566000803684FF0010CC3F80C1483F8D9
:1067A00003C0C3F8102470470368D878704700BF4F
:1067B0000368D3F80424C3F80824704730B54FF4B5
:1067C0004072114C114BA4F8012004F61805104A30
:1067D00003F1100E04F6280CC4F838284FF60F0207
:1067E000A4F83C28072284F83E280FCB85E80F0048
:1067F0009EE80F008CE80F002046064A0649BDE8D7
:10680000304010F063BF00BF20B101247C93010829
:1068100080707FF0000000243966000800B583B066
:106820004FF0000E4FF0030C4274ADF80410BDF8A9
:10683000043080F810E0A0F802C0038003B05DF8D7
:1068400004FB00BF2DE9F04FDFF81C8300258DB05D
:10685000C04C037008F140034260074601920E46A7
:10686000202229464046C4F86831C4F86481CDE945
:106870000255CDE90455CDE90655CDE90855CDE9D8
:106880000A5511F04DFB2022294604F5A170C4F8E9
:106890003151C4F83551C4F83951C4F83D5111F0A3
:1068A0003FFB019B84F8485284F830317A68002A13
:1068B0006AD02B4604F59871454606F1100A9E46AB
:1068C000F01856F803B0E2180EF1010ED0F80CC023
:1068D000D0F80490D0F8088044F803B0C2F80CC097
:1068E0004FF0000CC2F80490C2F80880008A25F826
:1068F00002CB10821AF8032001F8012F002A70D071
:106900007A684FF001001233724584F84802D7D8F4
:106910004FF4802290489DF8043008214FF0000881
:106920004FF00009C4F884310023C4E95B0201225E
:10693000C4F8743184F88031C4E95E2194F84812B7
:10694000C4E96489A9B3C4F89821002284F881318C
:1069500084F888313B78C4E96722002B38D00122C3
:1069600000200121013B84F8A421C4E96C01082B1B
:1069700030D8DFE813F0BD00C200C700CC00D10062
:10698000D600DB00E100E8009DF804300121C4F8E6
:106990007421C4F884314FF4802384F880216E4A36
:1069A000C4E95B2308230022C4E95E130023C4E981
:1069B00064230123002284F88131002384F8883184
:1069C0000323C4F898313B78C4E96722002BC6D171
:1069D00084F8A431614805F0A3F8034638B1FFBE3E
:1069E000FEE77A68123372453FF66AAF90E702A974
:1069F0005A48029305F0F2F98246002876D1042223
:106A000040F2FF710A90CDE9081294F83021002A73
:106A100000F0F3804FF006080AEBCA034FEACA09F8
:106A200004EB43035B7C072B07D8DFE803F0595CDA
:106A30005653504D4A04072307930FFA8AF6D14460
:106A400006EBC60604EB490904EB46077500384619
:106A500000F098FC99F81030042B00F3AA80022B68
:106A600000F3BD8000F0B98004EB0A03002283F834
:106A7000202114F81630002B78D0022B00F08A80E9
:106A8000012B40F0B2807B78012B00F0B080002B0E
:106A9000334B18BF002305A93048CDE9053804F071
:106AA0006BFC002840F0AC800AF1010A94F8303108
:106AB0005FFA8AFA534540F2A0802A4B53F82A80A5
:106AC000AAE706230793B8E705230793B5E704234E
:106AD0000793B2E703230793AFE702230793ACE7DB
:106AE00000230793A9E701230793A6E7FFBEFEE76C
:106AF00003224023C4E96A236CE707226023C4E928
:106B00006A2367E70F228023C4E96A2362E71F2212
:106B1000A023C4E96A235DE73F22C023C4E96A23B6
:106B200058E77F22E023C4E96A2353E7FF224FF4AA
:106B30008073C4E96A234DE740F2FF124FF490736B
:106B4000C4E96A2346E740F2FF324FF4A073C4E978
:106B50006A233FE760B9012400200240CCBA012437
:106B60000002B025A0940108004100307B78062B7C
:106B700037D0072B3DD0022B4AD0032B4AD0002B15
:106B80004CD0012B48D0042B4AD0052B254B18BFE5
:106B9000002380E77B78042B25D0052B2BD08BB3EB
:106BA000012B31D0022B31D0032B1F4B18BF0023F8
:106BB00071E70323043504EB0A0B4FF00009254469
:106BC0008BF82031284609F1010900F0DBFB9BF826
:106BD000203104354B45F5DC4BE70123EAE702237E
:106BE000E8E7124B57E7124B55E7002353E7114BE9
:106BF00051E7114B4FE7114B4DE70DB0BDE8F08F5A
:106C0000FFBEFEE70E4B46E70E4B44E70E4B42E756
:106C10000E4B40E70E4B3EE70E4B3CE70E4B3AE780
:106C20000E4B38E70000B84F002090360800900C5B
:106C30001000C0102000F0148000501D00018021C1
:106C40000004002A0008302E001060320040C03AD4
:106C50000080F03E00005247000021430000844BBA
:106C600038B5094C40F2FF724FF0011104F5B675CA
:106C7000284605F061F894F83021D4F864112846CC
:106C8000BDE8384004F0CCBD60B90124034B0F29A6
:106C9000D3F8640198BF00EB4100704760B901244C
:106CA000214B02689A4200D07047204A00232048B6
:106CB000D2F8D81030B51F4C41F0200183B0C4F891
:106CC000D001092004F5E875C4E975034FF480602C
:106CD000C2F8D810D2F8D8204FF40061C4E9773058
:106CE00094F8480202F02002C4F8E4114FF4005175
:106CF000984201922846C4F8E811C4E97C33019B0C
:106D000014BF00234FF48073C4F8EC3105F0B8FBD6
:106D100008B1FFBEFEE704F5B673C4F8B851C4F875
:106D2000083203B030BD00BF0020024000440258CA
:106D30004000024060B90124014805F019BF00BFBE
:106D400030BB012402682DE9F84F4B4B9A4201D029
:106D5000BDE8F88F494D95F84832002BF8D095F8EA
:106D60003031002B77D0002405F10C0905F5A17610
:106D700005F59877A04613E003F0010117F811BC60
:106D8000A9F1080000F0E8FBBBF1010F25D895F848
:106D90003031013409F112090236A2B293422BD9E3
:106DA00017F8012F002AF4D0D5F864310021327889
:106DB00033F81400D5F8683103EB041323F81200FC
:106DC000338801339BB233805FFA83FA3A789A4270
:106DD000D2D88A46A6F80080D0E7CAF34001A9F1CC
:106DE000040000F0B9FBBBF1020FCAF38001CED062
:106DF000484600F0B1FBCAE7002395F84802204955
:106E000009229842C5F8D8314FF48060C5F8D011F6
:106E1000C5F8D4214FF400614FF40052C5F8DC31BD
:106E200008BF4FF48073C5F8E821C5E97801002256
:106E30001448C5E97B32C5F8F42105F021FB08B1FF
:106E4000FFBEFEE795F83021D5F864110E48BDE885
:106E5000F84F04F0E5BC0A4909224FF48060C5F8F8
:106E6000D831C5E974124FF400614FF40052C5E9FE
:106E70007730C5E97912DAE70020024060B90124D1
:106E80004000024030BB0124CCBA0124704700BF4F
:106E90004F4B02689A4200D070474E4BD3F8E8102F
:106EA00030B541F000514C4C85B0D4F84821C3F8BE
:106EB000E810D3F8E81001F0005101910199D3F8DE
:106EC000E01041F00101C3F8E010D3F8E03003F026
:106ED00001030293029B32F002033DD0013A012AE2
:106EE0006BD9D4F84C31012B0AD000223620114640
:106EF00004F0E8FF362005B0BDE8304005F020B8CA
:106F0000D4F8483133F0020234D0013B012BECD8E5
:106F1000442240233149324DC4F88C1000212846C8
:106F2000C4F8B010C4E9242300224FF48063C4E9FC
:106F300026234FF400624FF40053C4E928234FF492
:106F400080724FF48033C4E92A2305F099FA80B99E
:106F5000E560C4F8C440C8E74FF48062032303A887
:106F6000ADF80C208DF80E3000F00CFAD4F8482162
:106F7000B4E7FEE71B4BA2634322636140231A4D33
:106F8000C4E9062300224FF480632846C4E908239D
:106F90004FF400624FF40053C4E90A234FF48072A7
:106FA0004FF48033C4E90C2305F06AFA20B9D4F811
:106FB0004831A560E464A8E7FEE74FF4A06203232C
:106FC00003A8ADF80C208DF80E3000F0DBF988E74F
:106FD0000074004000440258B0BB01242804024061
:106FE0003CBC012410040240C4BB0124014805F04C
:106FF000BFBD00BFC4BB0124014805F0B9BD00BF3F
:107000003CBC012410B5054C204605F085F804F57C
:107010008270BDE810400BF0B9BF00BFB0BB0124C7
:1070200030B58C463A4C3B4D8DB0046004F5A27EE1
:10703000BCE80F00AEE80F00DCF800302046256009
:10704000CEF8003005F00AF80023D4F84C51039331
:10705000C5B11622012D049217D00022D4F8541184
:10706000D4F848319142CDE9062218BF0222059298
:1070700033F0020235D0013B012B3CD900252846D4
:107080000DB030BD02230493E7E7234A0093C4F810
:107090000C31C4F81431C4F80421C4F81C31CDE912
:1070A000013303F029FDD4F844314BF68032C4F8A3
:1070B0000851002B08BF1346B0FBF3F304F58270B0
:1070C000C4F810310BF0CCFD0028D8D12023029059
:1070D000694604F5827000930CF010F80028BCD0CB
:1070E000CDE703A90A4805F04BF878B9D4F8483140
:1070F000013B012BC2D8102203A9054805F040F836
:10710000051E18BF012528460DB030BD0125B6E784
:10711000B0BB012400740040001000402DE9F04194
:107120000668D6F84C5105BBD6F850310C461746C8
:10713000002B0CBF4FF008084FF0000831F002039D
:1071400005D0013C012C14D92846BDE8F081134636
:10715000294642463046013C04F0C4FF29463046E9
:1071600004F092FF012CEFD803E001252846BDE88A
:10717000F0813B4642461021304604F0B3FF102117
:10718000304604F081FF2846BDE8F08110B592B08A
:10719000ADF804100180C9B2149C0B29C460C0E989
:1071A00001233FD090F801C0BCF10F0F3AD8022A5A
:1071B0003FD0032A02D0012A00D000220E92012BD8
:1071C00002D0022B18BF0023022C0F932CD0032CCB
:1071D0002AD0012C28D000230A29109327D85C4AF2
:1071E00002EB812202610A2914D8DFE801F0A3959D
:1071F00087796B5D4F4133250600564BD3F8E0107D
:1072000041F48061C3F8E010D3F8E03003F4806308
:107210000C930C9B01230DA9104603FA0CF30D935C
:1072200005F0F8FF12B010BD0A291094D7D900223A
:10723000D8E711220E92C2E7464BD3F8E01041F492
:107240000071C3F8E010D3F8E03003F400730B933F
:107250000B9BDFE73F4BD3F8E01041F48071C3F89C
:10726000E010D3F8E03003F480730A930A9BD1E76F
:10727000384BD3F8E01041F08001C3F8E010D3F8A8
:10728000E03003F080030993099BC3E7314BD3F847
:10729000E01041F04001C3F8E010D3F8E03003F013
:1072A00040030893089BB5E72A4BD3F8E01041F060
:1072B0002001C3F8E010D3F8E03003F02003079377
:1072C000079BA7E7234BD3F8E01041F01001C3F868
:1072D000E010D3F8E03003F010030693069B99E723
:1072E0001C4BD3F8E01041F00801C3F8E010D3F8CC
:1072F000E03003F008030593059B8BE7154BD3F8AB
:10730000E01041F00401C3F8E010D3F8E03003F0DE
:1073100004030493049B7DE70E4BD3F8E01041F087
:107320000201C3F8E010D3F8E03003F00203039346
:10733000039B6FE7074BD3F8E01041F00101C3F85E
:10734000E010D3F8E03003F001030293029B61E701
:10735000000002580044025808B501214378006932
:10736000994089B206F05EF9003818BF012008BDC7
:1073700001230A464178006903FA01F189B206F057
:1073800057B900BF8378022B30B504468FB037D091
:10739000032B33D0012B31D000230A93E378012B48
:1073A0002AD0022B28D000230B93002320460C93D5
:1073B00003F05CFE0546204603F060FE237809904A
:1073C000082B13D8DFE803F01F3245586B7E91A4D9
:1073D0000500594BD3F8E02042F48072C3F8E02056
:1073E000D3F8E03003F480730893089B09A928467A
:1073F00005F010FF0FB030BD0B93D6E70A93CDE731
:1074000011230A93CAE74C4B09A92846D3F8E02078
:1074100042F00102C3F8E020D3F8E03003F00103AA
:107420000093009B05F0F6FE0FB030BD424B09A95A
:107430002846D3F8E02042F00202C3F8E020D3F857
:10744000E03003F002030193019B05F0E3FE0FB06F
:1074500030BD394B09A92846D3F8E02042F0040298
:10746000C3F8E020D3F8E03003F004030293029B5A
:1074700005F0D0FE0FB030BD2F4B09A92846D3F838
:10748000E02042F00802C3F8E020D3F8E03003F037
:1074900008030393039B05F0BDFE0FB030BD264BE0
:1074A00009A92846D3F8E02042F01002C3F8E020F2
:1074B000D3F8E03003F010030493049B05F0AAFE18
:1074C0000FB030BD1C4B09A92846D3F8E02042F08C
:1074D0002002C3F8E020D3F8E03003F02003059346
:1074E000059B05F097FE0FB030BD134B09A9284648
:1074F000D3F8E02042F04002C3F8E020D3F8E030B7
:1075000003F040030693069B05F084FE0FB030BDE8
:10751000094B09A92846D3F8E02042F08002C3F8BD
:10752000E020D3F8E03003F080030793079B05F0D9
:1075300071FE0FB030BD00BF0044025838B505469B
:1075400003F094FD0446284603F098FD01462046CA
:10755000BDE8384006F066B870B506460D4603F043
:1075600085FD0446304603F089FD2A1E014620466B
:1075700018BF0122BDE8704006F05AB8002312225D
:1075800070B586B0CDE9022304930368032B01D8BC
:1075900004230593061D841D304603F067FD054650
:1075A000304603F06BFD034601A92846019305F020
:1075B00031FE204603F05AFD034620461C4603F0E8
:1075C0005DFD01A903462046019305F023FE06B0A8
:1075D00070BD00BF634A0368934210B58CB028D0D9
:1075E000614A934258D0614A934200F09480604AC5
:1075F000934201D00CB010BD5E4C5F48D4F8E0302F
:1076000043F00203C4F8E030D4F8E03003F00203A2
:107610000A930A9BFFF7B2FFD4F8F43043F08003DB
:10762000C4F8F430D4F8F43003F080030B930B9BD0
:10763000E0E7504C5148D4F8E03043F00203C4F87E
:10764000E030D4F8E03003F002030193019BFFF730
:1076500095FFD4F8E83000221F2043F400131146B0
:10766000C4F8E830D4F8E83003F400130293029B26
:10767000D4F8D83043F00103C4F8D830D4F8D83067
:1076800003F001030393039B04F01CFC1F200CB0C8
:10769000BDE8104004F054BC364C3948D4F8E03012
:1076A00043F08003C4F8E030D4F8E03003F0800306
:1076B0000493049BD4F8E03043F00203C4F8E030B4
:1076C000D4F8E03003F002030593059BFFF756FF63
:1076D000D4F8E8300022212043F480031146C4F896
:1076E000E830D4F8E83003F480030693069BD4F81E
:1076F000D83043F00103C4F8D830D4F8D83003F0C0
:1077000001030793079B04F0DDFB21200CB0BDE8CB
:10771000104004F015BC1B48FFF730FF154B00224A
:107720004820D3F8E840114644F40004C3F8E84088
:10773000D3F8E84004F400040894089CD3F8D84037
:1077400044F00104C3F8D840D3F8D83003F0010363
:107750000993099B04F0B6FB48200CB0BDE810402B
:1077600004F0EEBB0054004000580040005C0040B4
:10777000001C005800440258A4BF01241CBD012471
:10778000F4BD0124CCBE01242DE9F0431A4B87B08F
:1077900000254FF010099E46EC46184BFF22E046AC
:1077A00067461A700EF118060EF13004CDE9005547
:1077B000CDE90255ADF80090BCE80F00CDE90455C5
:1077C000AEE80F009CE803000095ADF800908EE84D
:1077D0000300B8E80F000FC69CE803000095ADF861
:1077E000009086E803000FCF0FC49CE8030084E8F4
:1077F000030007B0BDE8F083D800002418BD0124C1
:1078000010B5EFF3108472B6084B1A78120602D541
:1078100004B962B610BD1B78D82205485BB202FBE2
:107820000300143005F0A4F9F2E700BF18BD0124ED
:107830001CBD0124014806F093BD00BFA8BD012472
:10784000014806F08DBD00BF80BE0124014806F04E
:1078500087BD00BF58BF01242DE9F0430F68D8242D
:107860003F4D85B007FB04F4032F05EB04030360D1
:1078700040DCCB680E46012B3CD84DD04FF0D808E9
:10788000B646DFF8FC9008FB0758BEE80F00C44678
:10789000ACE80F00DEF800300DF1100ECCF800302F
:1078A000D8F808C099E80F000EE90F000EEB870327
:1078B000BCF1010F53F8103CC8F88C3031D0BCF14A
:1078C000020F42D0BCF1000F35D0317C8C34D8236C
:1078D000002201202C4403FB07534900C3E9260280
:1078E000C3F894102046C3E92822C3E92A2206F0EF
:1078F00029FB18B1012005B0BDE8F0830146204600
:1079000006F03AFD0028F5D10146204606F05EFD5E
:10791000003818BF0120EEE70B7C103B672BADD978
:10792000E8E703F0E1F80F4B98420CBF0E4B0F4B0A
:10793000C8F89030C9E703F0D7F80A4B98420CBF5B
:107940000B4B0C4BC8F89030BFE703F0CDF8054B5C
:1079500098420CBF084B094BC8F89030B5E700BF00
:107960001CBD0124000E27072D0FB0303211D0208E
:107970005F4390608A62E030200BA0101A098010EB
:107980009C9301082DE9F041D0F8008082B00D46AB
:1079900017461E4608F18C04204606F0E9FC202814
:1079A000FAD1D8F80C3073B96D002046089C3346E4
:1079B0003A46A9B2009406F01BFB003818BF01201C
:1079C00002B0BDE8F081089B32463946204606F0F9
:1079D000E3FBF2E7044B10221A7483F8E82083F8E3
:1079E000C02183F8982270471CBD012430B50023C4
:1079F00095B04FF48071062204460B9306921393C0
:107A0000CDE90C13CDE90E33CDE9113303F076F84F
:107A100007282BD004F1100541F2883206A9284628
:107A200007F026FC28B10123184684F85C3015B015
:107A300030BD0222022306A92846CDE900231022E8
:107A40000123CDE9022300224FF48003CDE9042372
:107A500005224FF0807306926A460F9341F28833F5
:107A600007F072FD0028DED115B030BD03230120E0
:107A700084F85C3015B030BD70B50023A4B04FF071
:107A800080724FF480750446ADF806300D93CDE951
:107A900010320122CDE90E53CDE91223CDE9143382
:107AA000002943D0F02300F1100508AEADF80630F0
:107AB000C02341F2883231462846089307F0D8FBAC
:107AC00028B10123184684F85C3024B070BD41F21F
:107AD00088320DF10601284607F034FC03460028E1
:107AE000EFD105224FF480711E93284616924FF075
:107AF00080721B9321931F9202AA9FED1F7BCDE9F9
:107B00001C13CDE922338DED027B9FED1D7B41F2ED
:107B1000883316A98DED047B9FED1B7B8DED067BD5
:107B200007F012FD0028CCD124B070BD00F1100583
:107B300008AE612341F2883231462846089307F0A7
:107B400097FB0028BDD141F288320DF1060128468D
:107B500007F076FC0028B4D1BDF80630204623F0AB
:107B6000780343F04003ADF80630FFF73FFF0028ED
:107B70009ED0A6E7AFF300800000000001000000E7
:107B800010000000010000000000000000004000A4
:107B90002DE9F04F00234FF4807501264FF08078D7
:107BA00004462DED028BABB08DF807301393219373
:107BB000299314950E96CDF85C80CDE91533CDE967
:107BC0001863CDE91A33CDE92253CDE92433CDE949
:107BD000273306231C9302F091FF072808D004F1F5
:107BE000100741F288321CA9384607F041FB40B12A
:107BF0000123184684F85C302BB0BDEC028BBDE845
:107C0000F08F4FF0020A4FF0020B4FF0050941F2DE
:107C1000883308AA1CA93846CDF89480CDF8709016
:107C20009FED2D8BCDE908AB4FF0000A4FF4800B90
:107C30008DED0A8BCDE90CAB07F086FC0028D7D17F
:107C400041F2883238460EA907F012FB0028CFD146
:107C5000402341F288320DF1070138468DF8073094
:107C600007F070FB0028C3D141F288330EA902AAA5
:107C70003846CDF83890CDF85C809FED197B8DEDBE
:107C8000048BCDE906AB8DED027B07F05DFC03466E
:107C90000028ADD1CDF870904FF00109CDF8948057
:107CA0004FF00008219308AA29931CA93846229571
:107CB000CDE92333CDE9273341F288338DED0A8BAB
:107CC000CDE90CABCDE9088907F03EFC002893D044
:107CD000304684F85C608FE710000000010000006F
:107CE00040000000400000002DE9F043624CA3B0CA
:107CF0000D46046002F002FF072800F0A980286802
:107D000023466968AA6807C31E46AB8926F8043B68
:107D10003046257B677B07F08DFAE0B9574B012D84
:107D20004FF00108E061236114BF4FF480134FF45A
:107D30000003C4E9058893FAA3F3B3FA83F34FF47D
:107D40008079013BC4F82490C4E90B0030462362DB
:107D500007F004FA38B10122134684F85C20184673
:107D600023B0BDE8F08366230B90139041F2883274
:107D700006A90693CDE90C90CDE90E00CDE91100DE
:107D8000304607F075FA0028E5D1992341F2883290
:107D900006A93046069307F06BFA0028DBD10523CD
:107DA0001C9019906A4614934FF08073219014A987
:107DB0001D9341F288339FED2A7BCDE91A90CDE9DE
:107DC0001F008DED007B9FED287B30468DED027B03
:107DD0009FED277B8DED047B07F0B6FB0028BAD121
:107DE00029462046FFF748FE0028B4D12046FFF779
:107DF000CFFE03460028AED1002FB0D118933046F5
:107E00000027002606AA14A9CDF86890CDE91F33F3
:107E1000EB2314934FF440631B934FF400531793D9
:107E20004FF440431C93A0231693062319934FF05D
:107E3000805321934FF04073CDE906671D9307F0FF
:107E4000FBFB034600288AD0434684F85C8086E723
:107E500001230322184684F85C2023B0BDE8F08398
:107E60000000000001000000100000000100000000
:107E700000000000000040007CC0012400500052BF
:107E80002DE9F04F8FB0414B0024026800AF9A42B9
:107E90007C63C7E90944C7E90B4403D03C37BD46BE
:107EA000BDE8F08F3A4B40F609213A48EB46D3F84B
:107EB000D42007F11C0607F1220A4FF0020942F410
:107EC00080424FF00308C3F8D420D3F8D42002F442
:107ED0008042BA60BA68D3F8E02042F04002C3F8AA
:107EE000E020D3F8E02002F04002FA60FA68D3F80C
:107EF000E02042F02002C3F8E020D3F8E02002F0B6
:107F000020023A613A69D3F8E02042F01002C3F847
:107F1000E020D3F8E02002F010027A617A69D3F809
:107F2000E02042F00202C3F8E020D3F8E030F8612C
:107F300003F002033984BB61174B7B60BB697B682C
:107F400053F8040F7B6003F091F87B6805461868CE
:107F500003F094F816F8013B786207F124012846F3
:107F6000C7F830807B63C7E90A9405F053F956459A
:107F7000E5D100225C20114603F0A4FF5C2003F051
:107F8000DFFF3C37DD46BD46BDE8F08F00500052B4
:107F9000004402580A0A0909D8C00124114B02689A
:107FA0009A4200D07047104A70B5D2F8D4300F4CC6
:107FB00023F4804304F11806C2F8D43054F8040FB7
:107FC00003F054F80546206803F058F801462846A7
:107FD00005F060FAB442F1D15C20BDE8704003F0D6
:107FE000BDBF00BF0050005200440258D8C0012459
:107FF000014807F0ADBB00BF8CC00124084B1A1D1F
:10800000981D03F1080110B49C1C9A6603F10A0242
:10801000C3E91834C3E91B015DF8044B5A67704784
:108020007CC0012438B5036871B9026A00F12805E3
:1080300000F5AC74012A0CBF002140218BBB1D4B05
:108040005722C0F858310DE0426A00F1C00500F532
:10805000E874012A0CBF00214021EBB1164B5A22D3
:10806000C0F8D03100232046C4E901214FF48052EA
:108070004FF48061636262614FF48042C4E903316E
:108080004FF48073C4E906234FF40033236204F0F5
:10809000F7F958B1FFBEFEE7084B5822C0F8D031BF
:1080A000E0E7074B5922C0F85831DBE7C5E9204427
:1080B000A56338BD10000240700002402800024055
:1080C000580002402DE9F043821D05468BB0031D88
:1080D00005F10A010830CDE9052305F10C02AB6971
:1080E000CDE907010992002B3DD0EB69B3FA83F883
:1080F0004FEA58180123022205AE0AAF4FF00609D5
:108100000393CDE9012356F8044B2B79227893424F
:1081100016D02B68F3B1012B02D1F2B10A230493DC
:10812000204602F0ABFF03462046009302F09EFF7C
:10813000694605F06FF8BE42E5D10BB0BDE8F083AB
:10814000697963789942E4D1B8F1000FF3D02B68D4
:10815000002BE0D1CDF81090E2E76378022B14BF3A
:108160000A230823DBE74FF00108C3E7534A0368FB
:10817000934230B505468BB055D02032934252D051
:108180004F4A934204D02032934201D00BB030BD0D
:108190004C4C4D48D4F8E03043F00103C4F8E030D3
:1081A000D4F8E03003F001030593059BD4F8E030E8
:1081B00043F00803C4F8E030D4F8E03003F00803DB
:1081C0000693069BD4F8E03043F04003C4F8E03057
:1081D000D4F8E03003F040030793079BD4F8F03065
:1081E00043F40003C4F8F030D4F8F03003F4000393
:1081F0000893089BFFF766FFD4F8D830296843F04E
:1082000001032F4A3048C4F8D830891AD4F8D8303E
:1082100018BF012103F001030993099B0BB0BDE8CE
:108220003040FFF7FFBE274C2848D4F8E03043F039
:108230000103C4F8E030D4F8E03003F00103009308
:10824000009BD4F8E03043F01003C4F8E030D4F8D9
:10825000E03003F010030193019BD4F8E03043F0C9
:108260004003C4F8E030D4F8E03003F04003029358
:10827000029BD4F8F03043F48003C4F8F030D4F813
:10828000F03003F480030393039BFFF71BFFD4F844
:10829000D830296843F00103084A0C48C4F8D830A4
:1082A000891AD4F8D83018BF012103F001030493D0
:1082B000049B0BB0BDE83040FFF7B4BE045801404A
:1082C000045C01400044025850C30124F4C001245E
:1082D000014804F04DBC00BF4CC20124014804F029
:1082E00047BC00BFC4C20124014804F041BC00BF28
:1082F000A8C40124014804F03BBC00BF20C50124F0
:108300001A4A0368934210B40BD02032934208D02B
:10831000174A934216D02032934213D05DF8044B93
:108320007047144B0022D3F85442C3F85822002C53
:10833000F4D0D3F84802D3E9931223465DF8044BF6
:10834000520818470B4B0022D3F8B044C3F8B424AA
:10835000002CE3D0D3F8AC24D3F8A814D3F8A404A9
:10836000520823465DF8044B184700BF04580140EB
:10837000045C0140F4C00124184A0368934210B41D
:108380000BD02032934208D0154A934217D02032A6
:10839000934214D05DF8044B7047124BD3E99424F8
:1083A0005208C3F85822002CF4D0D3E99201234696
:1083B00001EB820100EB82005DF8044B1847094B8A
:1083C000D3F8AC24D3F8B0445208C3F8B424002C3A
:1083D000E0D0D3F8A814D3F8A404E8E70458014087
:1083E000045C0140F4C001242DE9F04F0C684FF407
:1083F0001776754F87B004FB06F6012C07EB060ACB
:10840000C0F800A000F3A0800D468E464FF0000893
:10841000D44669A3D3E9002369A1D1E90001CDE9DC
:10842000022306ABCAF8508203EB8403CDE90401B2
:1084300053F810BC53F8083CCAE992880193BEE88F
:108440000F00ACE80F00BEE80F00ACE80F00019B86
:108450009EE80300CAF828B0CAF8C0308CE80300D0
:108460002B69042B0CD8DFE803F0737D87910300A0
:108470004FF41773554A03FB04739A64C3F8E02062
:10848000AA692B6A002A43D0002B4FF4177308BF48
:10849000022203FB047318BF0322DA6201221A636B
:1084A000EA696B6A002A40D1191E4FF4177318BF8E
:1084B000012103FB0473C3E931126B69022B05D858
:1084C000434A12F80380434A52F823904FF417733B
:1084D00006F128004246494603FB04740023384451
:1084E00063646363E365C4F8DC30C4F8CC30C4F87B
:1084F000F430C4E90F33C4E91533C4E93533C4E9B2
:108500003B33022309F0C6F9002849D0FFBEFEE73D
:10851000191E4FF4177318BF012103FB0473C3E93D
:108520000B12EA696B6A002ABED0002B4FF4177356
:1085300008BF022203FB047318BF0322C3F8C42040
:108540000122C3F8C820B8E7012007B0BDE8F08FCA
:108550004FF417734FF4FA5203FB04739A64C3F891
:10856000E0208DE74FF417734FF47A5203FB047346
:108570009A64C3F8E02083E74FF417734FF4FA428C
:1085800003FB04739A64C3F8E02079E74FF4177390
:108590004BF6803203FB04739A64C3F8E0206FE764
:1085A00006F1C000022342464946384409F072F9F8
:1085B0000028CAD0FFBEFEE704580140045C014019
:1085C00024580140245C0140F4C0012400770100DC
:1085D000E0940108E49401080068704770B50468ED
:1085E00082B015460E46C4F85032C4E99212069A7B
:1085F000C4F85422A269012A26D0626A012A9AB2DA
:1086000011D0294604F1C000019209F0FFF9236A54
:10861000019A012B10D0294604F1280009F0F6F93F
:10862000002002B070BD04F1C000019209F080FA90
:10863000236A019A012BEED1314604F1280009F09A
:1086400077FA002002B070BD226A012A9AB211D0D6
:10865000294604F12800019209F0D8F9636A019AC9
:10866000012B10D0294604F1C00009F0CFF90020F9
:1086700002B070BD04F12800019209F059FA636A52
:10868000019A012BEED1314604F1C00009F050FAF5
:10869000002002B070BD00BF03681B69042B05D821
:1086A000044A02EB830393ED000A70479FED020A30
:1086B000704700BFF094010800803B470368D3F87F
:1086C0005802704770B5002304464FF480620421BD
:1086D0004FF440353448C4F83821C4F8D410C4F8F5
:1086E0003431C4F84C113149C4F8B000C4F8281131
:1086F000C4E92F32C4E93133C4E93335C4E937332F
:10870000C4E94F33C4E95135C4E95533A2680323A2
:10871000C4F8D830C4F85031042A0AD8DFE802F08F
:108720001F262D34030055225623C4F8B420C4F864
:108730002C310022402304F1B005C4F8B8202846AB
:10874000C4F8303103F09CFE08B1FFBEFEE704F52B
:108750009476304603F094FEE8B1FFBEFEE7252292
:108760002623C4F8B420C4F82C31E2E727222823BA
:10877000C4F8B420C4F82C31DBE73D223E23C4F812
:10878000B420C4F82C31D4E753225423C4F8B420C5
:10879000C4F82C31CDE704F12803C4E92865C4F8F6
:1087A000E830C4F8603170BD400402405804024013
:1087B0002DE9F04F814683B00E4617461D4600F165
:1087C000280420460AF048FA01288246F9D1484692
:1087D000FFF778FF8046002835D1EFF3108301932F
:1087E00072B6DFF888B00C9B99F90820DFF880A0FA
:1087F000DFF88090CBF800300D9B89F80020CAF894
:1088000000300DB11846A847BAB23146204609F0EB
:1088100099FD30B9019B03B962B6404603B0BDE88B
:10882000F08F0023CBF80030CAF80030FF2389F81E
:1088300000300C9B8BB101210D9888469847019B15
:10884000002BEAD1E8E70C9B53B1D0460D98514676
:108850009847404603B0BDE8F08F4FF00108D9E7D4
:10886000D046404603B0BDE8F08F00BFCCCF012416
:10887000D4CF0124D0CF01242DE9F04F814683B01D
:108880000E4617461D4600F1280420460AF0E4F97A
:1088900001288246F9D14846FFF714FF8046002898
:1088A00035D1EFF31083019372B6DFF888B00C9BDB
:1088B00099F90820DFF880A0DFF88090CBF800302D
:1088C0000D9B89F80020CAF800300DB11846A84762
:1088D000BAB23146204609F0F9FE30B9019B03B91E
:1088E00062B6404603B0BDE8F08F0023CBF80030FD
:1088F000CAF80030FF2389F800300C9B8BB10121AE
:108900000D9888469847019B002BEAD1E8E70C9B1D
:1089100053B1D0460D9851469847404603B0BDE844
:10892000F08F4FF00108D9E7D046404603B0BDE8CC
:10893000F08F00BFCCCF0124D4CF0124D0CF0124AD
:108940002DE9F04F814683B00F461646984600F158
:10895000280420460AF080F90128FAD182464846C8
:10896000FFF7B0FE0546002838D1EFF310830193DE
:1089700072B699F90830DFF88890DFF888B089F886
:1089800000300D9BDFF880A0CBF800300E9BCAF8BA
:1089900000300C9B0BB10E9898471FFA88F33A46AB
:1089A0003146204609F086FD30B9019B03B962B615
:1089B000284603B0BDE8F08F0023CBF80030CAF89A
:1089C0000030FF2389F800300D9B8BB101210E98F8
:1089D0000D469847019B002BEAD1E8E70D9B4BB170
:1089E00055460E9851469847284603B0BDE8F08F8B
:1089F0000125DAE75546284603B0BDE8F08F00BFF1
:108A0000D0CF0124CCCF0124D4CF01242DE9F043D1
:108A1000002387B00222044605690493CDE90223AE
:108A2000D0E902128E00FAB1022D7AD02178B5FA7F
:108A300085F54FF00108276A0B294FEA551521D11A
:108A4000A2780B2A02D0B8F1000F38D123790B2B72
:108A500001D0002D6CD1A37917B10B2B40F0998078
:108A6000002007B0BDE8F08335F002032178276AC3
:108A70000CBF4FF001084FF00008023D18BF012560
:108A80000B29DDD07D4B94F801C053F826201078D7
:108A90000B2802D0884200F0AD80D378D01C9942D8
:108AA00002D10B2B40F0BD809379901D8B4202D1F7
:108AB0000B2B40F0BC80012007B0BDE8F083711C97
:108AC0006E4BE07853F8213019780B2902D08A4296
:108AD00000F0B580D97803F1030C0B2902D08A424B
:108AE00000F0BB80997903F1060C0B29E3D08A4290
:108AF000E1D1DB798342DED1634604F102099B7840
:108B00004846059302F0B2FA8046484602F0B6FAAB
:108B100001A90190404604F07DFB23790B2B98D1ED
:108B200099E70178076A0B2940F0868001258DE7D7
:108B3000B11C524A607952F8212011780B2902D0D9
:108B40008B4200F08180D178D51C0B2902D08B425A
:108B500000F08D809179951D8B42ACD10B29AAD064
:108B6000D3798342A7D12A46251D937828460593B9
:108B700002F07CFA034628461D4602F07FFA01A95E
:108B80000190284604F046FBA379002F7FF465AFDF
:108B900066E7F11C394AE07952F8212011780B2957
:108BA00001D08B425FD0D178D51C0B2901D08B42EC
:108BB0004FD09179951D8B427FF47DAF0B293FF407
:108BC0007AAFD37983427FF476AF2A46A51D937896
:108BD0002846059302F04AFA0446284602F04EFA67
:108BE000034601A92046019304F014FB002007B0BE
:108BF000BDE8F083537863457FF44FAF9378204608
:108C0000059302F033FA8146204602F037FA01A9B3
:108C10000190484604F0FEFAA2780B2A7FF413AFC5
:108C200014E7137963457FF43FAF0246E6E7D37953
:108C300063457FF440AFF8E79846012522E759786D
:108C400081427FF447AF58E7517881427FF47BAF90
:108C50008AE711798142ACD1B7E7197981427FF473
:108C600041AF634649E7517881429CD1AEE7117923
:108C700081427FF46FAF2A4676E700BF2C9501084A
:108C8000654A0368934200F0B980A2F578429342A6
:108C900000F0B68002F58062934200F0B38002F5E6
:108CA0007842934200F0B08002F5E052934200F027
:108CB000AD805A4A934240F0AB8005234FF4D07107
:108CC000574A01FB03F310B5D418D05C86B002F00C
:108CD000DDF9A07802F0DAF9207902F0D7F9A0796D
:108CE00002F0D4F9A368052B11D8DFE803F0192F9F
:108CF000455B71034B4BD3F8F42042F02002C3F8DC
:108D0000F420D3F8F43003F020030593059B2046AC
:108D1000FFF77CFE012801D006B010BDFFBEFEE7C4
:108D2000404B00222320D3F8F01041F48051C3F8C7
:108D3000F0101146D3F8F03003F480530093009BF9
:108D400003F0C0F8232003F0FBF8E0E7354B0022E6
:108D50002420D3F8E81041F48041C3F8E81011460C
:108D6000D3F8E83003F480430193019B03F0AAF8A1
:108D7000242003F0E5F8CAE72A4B00223320D3F879
:108D8000E81041F40041C3F8E8101146D3F8E83088
:108D900003F400430293029B03F094F8332003F0A2
:108DA000CFF8B4E71F4B00225420D3F8F01041F461
:108DB0000051C3F8F0101146D3F8F03003F400531B
:108DC0000393039B03F07EF8542003F0B9F89EE769
:108DD000144B00225520D3F8F01041F48011C3F851
:108DE000F0101146D3F8F03003F480130493049B81
:108DF00003F068F8552003F0A3F888E700235DE747
:108E000001235BE7022359E7032357E7042355E7D0
:108E100000231B78FFDE00BF003001400014005823
:108E2000ACC50124004402582DE9F043002289B06A
:108E30001B4B01210DF1040C9E461A4B0791E14694
:108E4000E04667460EF11C060EF138050EF154049B
:108E5000CDE90122CDE90322CDE90522FF221A70D6
:108E6000BCE80F00AEE80F009CE807008EE80700A2
:108E7000B9E80F000FC69CE8070086E80700B8E8CD
:108E80000F000FC59CE8070085E807000FCF0FC44F
:108E90009CE8070084E8070009B0BDE8F08300BF44
:108EA000E0010024D0CF0124014809F0A9BD00BF92
:108EB000D4C50124014809F0A3BD00BF74C7012433
:108EC000014809F09DBD00BF14C90124014809F003
:108ED00097BD00BFB4CA0124014809F091BD00BF8D
:108EE00054CC012410B5EFF3108472B6084B1A78F5
:108EF000120602D504B962B610BD1B784FF4D072C9
:108F000004485BB202FB0300B03003F031FEF1E72E
:108F1000D0CF0124ACC5012410B5EFF3108472B694
:108F2000094B1A78120602D504B962B610BD1B7837
:108F30004FF4D07205485BB202FB030000F5947059
:108F400003F016FEF0E700BFD0CF0124ACC501242A
:108F50002DE9F04184B0EFF3108772B6284AFF2163
:108F6000284C1368217023B100211160264A106833
:108F7000984723781B061CD5DFF894800025234EE4
:108F80004446216879B162686AB1A369012B22D095
:108F9000A3B963693046019323690093E36822898A
:108FA000FFF76AFC18B301351C3406F5D076042DA2
:108FB000E7D107B962B604B0BDE8F081D4E9043066
:108FC000CDE90130E068238900903046FFF7B8FC16
:108FD0000028E8D10BE0D4E904301146CDE9003097
:108FE0003046E3682289FFF7E3FB0028DBD1C5EBBD
:108FF000C50508EB850348F825005860D9E700BF90
:10900000CCCF0124D0CF0124D4CF0124ACC501247E
:10901000E00100242DE9F04184B0EFF3108772B62F
:10902000284AFF21284C1368217023B100211160C8
:10903000264A1068984723781B061CD5DFF89480D1
:109040000025234E4446216879B162686AB1A3695C
:10905000012B22D0A3B963693046019323690093A1
:10906000E3682289FFF708FC18B301351C3406F5C4
:10907000D076042DE7D107B962B604B0BDE8F0811F
:10908000D4E90430CDE90130E0682389009030460E
:10909000FFF756FC0028E8D10BE0D4E90430114674
:1090A000CDE900303046E3682289FFF781FB0028D4
:1090B000DBD1C5EBC50508EB850348F825005860F2
:1090C000D9E700BFCCCF0124D0CF0124D4CF0124D5
:1090D000ACC50124E00100242DE9F04184B0EFF398
:1090E000108772B6284AFF21284C1368217023B1DB
:1090F00000211160264A1068984723781B061CD56A
:10910000DFF894800025234E4446216879B16268D7
:109110006AB1A369012B22D0A3B9636930460193D8
:1091200023690093E3682289FFF7A6FB18B3013592
:109130001C3406F5D076042DE7D107B962B604B029
:10914000BDE8F081D4E90430CDE90130E06823893D
:1091500000903046FFF7F4FB0028E8D10BE0D4E99B
:1091600004301146CDE900303046E3682289FFF72C
:109170001FFB0028DBD1C5EBC50508EB850348F8CC
:1091800025005860D9E700BFCCCF0124D0CF0124FF
:10919000D4CF0124ACC50124E00100242DE9F04125
:1091A00084B0EFF3108772B608F094FE284A294C79
:1091B000FF21136821702BB1002111600121264A83
:1091C0001068984723781B061CD5DFF8948000258B
:1091D000224E4446216879B162686AB1A369012BC5
:1091E00022D0A3B963693046019323690093E368F1
:1091F0002289FFF741FB18B301351C3406F5D07600
:10920000042DE7D107B962B604B0BDE8F081D4E916
:109210000430CDE90130E068238900903046FFF743
:109220008FFB0028E8D10BE0D4E904301146CDE9EA
:1092300000303046E3682289FFF7BAFA0028DBD114
:10924000C5EBC50508EB850348F825005860D9E74C
:10925000CCCF0124D0CF0124D4CF0124ACC501242C
:10926000E00100242DE9F0418F684FF4D0743E4EA8
:109270008C4607FB04F4052F06EB04050560AE469B
:10928000BCE80F00AEE80F00BCE80F00AEE80F002E
:109290009CE803008EE8030004D8EB68002B60D044
:1092A000012B02D00120BDE8F08100214FF4D073E2
:1092B00003FB07631A69032AF4D8D3F814C0ACF18E
:1092C00004001C28EED89B691BB1012BEAD14FF09A
:1092D00000734FF4D07000FB0760C06918B101281B
:1092E000E0D14FF080704FF4D07505FB0765D5F8DD
:1092F00020E0BEF1020FD5D8D5F82480B8F1070FD1
:10930000D0D85204E962C5E90E300CF1FF332A636C
:1093100004F128006B634FEA087330446B64002348
:10932000C5E91233C5E91433C5E91833C5E91A3361
:10933000C5E91C33AB67C5F880300C4B53F82E20C1
:109340000B4B2A644FF0804253F82730EA65AB623A
:109350004FF00043EB6708F0BDFD0028A3D0FFBE2F
:10936000FEE74FF48001A1E7ACC501241C9501087C
:1093700004950108006892B208B5283008F058FE3C
:10938000003818BF012008BD30B4544B002108221A
:109390000220534CD9615862C3F8BC11C3F8C40110
:1093A000C3F85C13C3F86403C3F8F424C3F8F814D7
:1093B000C3F8FC14C3F80405C3F89426C3F8981640
:1093C000C3F89C16C3F8A406C3F83428C3F83818A9
:1093D000C3F83C18C3F84408424D4348C3E905218B
:1093E000C3E96D21C3E9D5212288A3783F49EA80EA
:1093F000CA800B723E492B72CA800B722168A0F89A
:1094000003204371C28003723A4C3B48E2802372CE
:10941000A0F80320394C4371C28003723848E280BF
:109420002372A0F80320374C4371C2800372080CEA
:109430002180A070A4F803206371E2802372324C73
:10944000324D2180A070A4F803206371E280237262
:109450002F4CEA8021802B72A070A4F80320637146
:10946000E28023722B4C2180A070A4F8032063714A
:10947000E2802372284C2180A070A4F8032063713D
:10948000E2802372254C2180A070A4F80320637130
:10949000E2802372224C2180A070A4F80320637123
:1094A000E28023721F4C21801F49A070A4F8032082
:1094B0001E486371E2802372A1F803201C4C4B719B
:1094C000CA800B721B49E2802372C2800372A1F82A
:1094D00003204B71CA800B7230BC7047ACC50124AD
:1094E00028950108680100248C0100245C010024F7
:1094F0002001002474010024B001002498010024FC
:10950000380100249CCF012484CF0124A40100242D
:1095100090CF01246CCF0124C0CF0124A8CF012417
:10952000B4CF012478CF0124D4010024C801002441
:10953000BC010024440100241F4BC1680268F0B53F
:10954000D3F88C5083B00369ADB24D1BA2B1AB42CE
:1095500012D00446866811D2F018E91ACDE900103D
:1095600001F05AF80023DDE90010D4E90062B047A9
:10957000E3682561AB421BD003B0F0BDF018C91AF7
:10958000CDE9000101F048F80023DDE90001D4E94C
:109590000072B8473046294601F03EF800233046B5
:1095A000626829462668B047E3682561AB42E3D18B
:1095B0000023236103B0F0BD000002402DE9F84F05
:1095C00004460F4690461E4600F1340528460AF030
:1095D00073F82028FAD14FF480630020C4F8D0300B
:1095E000C4F848314FF44033C4F8CC00C4F8E0303C
:1095F000C4F858314E4BC4F8DC00C4F8C03003F551
:109600007A73C4F8E400C4F838314023C4F8C800C1
:10961000C4F84031E369C4F84401C4F85401C4F803
:109620005C01C4E93500C4E95300072B0BD8DFE81F
:1096300003F061535A373E454C045123C4F8C430FB
:109640005223C4F83C3104F59C79484602F018FFD7
:1096500008B1FFBEFEE7C4F8A890C4F87051EFF35C
:10966000108972B6DFF8D0B094F91C30DFF8CCA0C6
:109670008BF800300A9B2F4CCAF800300B9B2360FC
:109680000EB11846B0471FFA88F23946284609F04D
:10969000FDFDB0BBB9F1000F00D162B6BDE8F88F97
:1096A0003F23C4F8C4304023C4F83C31CBE7412306
:1096B000C4F8C4304223C4F83C31C4E74723C4F89B
:1096C000C4304823C4F83C31BDE74F23C4F8C4304C
:1096D0005023C4F83C31B6E72B23C4F8C4302C2304
:1096E000C4F83C31AFE72D23C4F8C4302E23C4F8AE
:1096F0003C31A8E72923C4F8C4302A23C4F83C31FC
:10970000A1E7FF238BF800300023CAF80030236064
:109710000A9B3BB10B98012198470120B9F1000F3A
:10972000BCD1BAE70120B9F1000FB7D1B5E700BF4E
:109730008800024010DF01240CDF012408DF01242F
:109740002DE9F84F04460F4690461E4600F13405B9
:10975000284609F0B1FF2028FAD14FF48063002099
:10976000C4F8D030C4F848314FF44033C4F8CC00CA
:10977000C4F8E030C4F858314E4BC4F8DC00C4F8EB
:10978000C03003F57A73C4F8E400C4F838314023DC
:10979000C4F8C800C4F84031E369C4F84401C4F80F
:1097A0005401C4F85C01C4E93500C4E95300072B37
:1097B0000BD8DFE803F061535A373E454C04512380
:1097C000C4F8C4305223C4F83C3104F1C0094846FF
:1097D00002F056FE08B1FFBEFEE7C4F8AC90C4F834
:1097E000F850EFF3108972B6DFF8D0B094F91C305E
:1097F000DFF8CCA08BF800300A9B2F4CCAF8003061
:109800000B9B23600EB11846B0471FFA88F2394609
:10981000284609F08DFDB0BBB9F1000F00D162B64A
:10982000BDE8F88F3F23C4F8C4304023C4F83C316E
:10983000CBE74123C4F8C4304223C4F83C31C4E729
:109840004723C4F8C4304823C4F83C31BDE74F2354
:10985000C4F8C4305023C4F83C31B6E72B23C4F815
:10986000C4302C23C4F83C31AFE72D23C4F8C430F6
:109870002E23C4F83C31A8E72923C4F8C4302A2396
:10988000C4F83C31A1E7FF238BF800300023CAF86D
:10989000003023600A9B3BB10B98012198470120BF
:1098A000B9F1000FBCD1BAE70120B9F1000FB7D16F
:1098B000B5E700BF8800024010DF01240CDF01245F
:1098C00008DF01242DE9F0410D4682B0EFF3108747
:1098D00072B6002948D1FF23254A264C237013680D
:1098E0002BB1002029461060234A1068984723783E
:1098F0001B0625D5DFF888800025204E444605E06C
:1099000001351C3406F5D876092D19D0A369012B31
:109910001BD0002BF4D1216830460029F0D06369B8
:10992000019323690093E3682289FFF709FF002868
:10993000E6D1C5EBC50508EB850348F8250058605E
:1099400007B962B602B0BDE8F08161680029D7D0DE
:1099500063693046019323690093E3682289FFF726
:109960002DFE0028CCD1E4E70BF0A2F9B3E700BF4D
:1099700008DF01240CDF012410DF0124D8CF0124EB
:1099800050020024F0B5002387B00222044604935D
:10999000CDE90223027EC3690B2A4FEA430523D196
:1099A000A27E0B2A02D1002007B0F0BD48496B1CF3
:1099B000484851F82330457801781878E67E884287
:1099C00069D0824277D0D87803F1030C81426ED0FF
:1099D000824278D0987903F1060C88426FD0824297
:1099E00033D0012007B0F0BD394B3A4853F8253049
:1099F00001784678187894F819C081423DD08242A7
:109A000041D0D87803F1030E814240D082424AD03F
:109A1000987903F1060E884241D08242E1D1DB7988
:109A20006345DED1734604F118069B7830460593F2
:109A300001F01CFB034630461E4601F01FFB01A946
:109A40000190304603F0E6FBAAE7DB79B342C8D1C8
:109A500063461A349B782046059301F007FB0346C2
:109A600020461C4601F00AFB034601A9204601934B
:109A700003F0D0FB002007B0F0BD93F801E0B6453D
:109A8000BFD08242BDD158786045BAD1CBE71F79AB
:109A9000B742BBD1BCE75F78AF4292D193E7D979A7
:109AA000B142BAD19DE718796045B1D1BAE71F79C3
:109AB000AF428DD18EE75878B04284D1C9E7D979C9
:109AC000A9428CD18DE71879B04283D1C0E700BF9D
:109AD00068030024640300247E4A03689342F0B5BF
:109AE0008FB000F0E380A2F54C42934200F0E0809A
:109AF00002F58062934200F0DD8002F580629342BD
:109B000000F0DA8002F58062934200F0D98002F51D
:109B10004442934200F0D280A2F51C42934200F0EE
:109B2000D18002F58062934200F0CE806A4A93426F
:109B300040F0CC800826694D4FF4D87404FB0654DD
:109B4000A07E01F0A3FA207E01F0A0FAE369082BC1
:109B500013D8DFE803F03B49576573818F9D0500FB
:109B60005F4BD3F8F42042F00802C3F8F420D3F896
:109B7000F43003F008030893089B2046FFF702FF28
:109B8000012801D1FFBEFEE74FF4D8740EAA554F4D
:109B90000DF1240C04FB0654E36902EB43050FCFDF
:109BA000ACE80F003B680022ACF80030114635F9F4
:109BB000140C02F087F9E3690EAA02EB430333F9B0
:109BC000140C0FB0BDE8F04002F0BAB9444BD3F822
:109BD000F02042F01002C3F8F020D3F8F03003F088
:109BE00010030093009BC8E73D4BD3F8E82042F4F4
:109BF0000032C3F8E820D3F8E83003F400330193CF
:109C0000019BBAE7364BD3F8E82042F48022C3F830
:109C1000E820D3F8E83003F480230293029BACE7FA
:109C20002F4BD3F8E82042F40022C3F8E820D3F801
:109C3000E83003F400230393039B9EE7284BD3F8FB
:109C4000E82042F48012C3F8E820D3F8E83003F4A7
:109C500080130493049B90E7214BD3F8F02042F04B
:109C60002002C3F8F020D3F8F03003F0200305936E
:109C7000059B82E71A4BD3F8E82042F08042C3F8F4
:109C8000E820D3F8E83003F080430693069B74E79E
:109C9000134BD3F8E82042F00042C3F8E820D3F891
:109CA000E83003F000430793079B66E7002642E78E
:109CB000012640E702263EE703263CE705263AE771
:109CC000042638E7062636E7072634E700239B7E7E
:109CD000FFDE00BF00100140000C0058D8CF012467
:109CE00000440258AC9301082DE9F04F91B00023D5
:109CF00001223A490DF1240A09938B4601F11C090E
:109D0000CAF814305446CDF800A001F13808CDF857
:109D100004A001F15407CDF808A001F17006CDF8B8
:109D20000CA001F18C05CDF814A001F1C40E01F1D5
:109D3000E00CCAE90133CAE903330F92FF22284B32
:109D40001A7001F1A803CDE906AA0493BAE80F003E
:109D5000ABE80F009AE807008BE807000FCC009CE7
:109D6000A9E80F009AE8070089E807000FCC019CDA
:109D7000A8E80F009AE8070088E807000FCC029CCB
:109D80000FC79AE8070087E807000FCC039C0FC6AF
:109D90009AE8070086E807000FCC0FC59AE807008D
:109DA000059C85E807000FCC049C0FC49AE80700C7
:109DB00084E80700069C0FCCAEE80F009AE8070085
:109DC000079C8EE807000FCCACE80F009AE807006C
:109DD0008CE8070011B0BDE8F08F00BF50020024EE
:109DE0000CDF012410B5094C04F1340009F072FBBA
:109DF000237D1BB1636BDB69DB0600D410BD2046FD
:109E0000FFF79AFB636B10221A6210BDD8CF0124B2
:109E100010B50B4C04F5F27009F05CFB94F8C431FA
:109E200023B1D4F8E431DB69DB0600D410BD04F5BE
:109E3000D870FFF781FBD4F8E43110221A6210BD0C
:109E4000D8CF012410B50B4C04F5657009F042FB26
:109E500094F8743323B1D4F89433DB69DB0600D46F
:109E600010BD04F55870FFF767FBD4F89433102247
:109E70001A6210BDD8CF012410B50B4C04F2445027
:109E800009F028FB94F8243523B1D4F84435DB6974
:109E9000DB0600D410BD04F5A260FFF74DFBD4F83B
:109EA000443510221A6210BDD8CF012410B50B4CD6
:109EB00004F2F46009F00EFB94F8D43623B1D4F820
:109EC000F436DB69DB0600D410BD04F5D860FFF77B
:109ED00033FBD4F8F43610221A6210BDD8CF012417
:109EE00010B50B4C04F6A40009F0F4FA94F8843889
:109EF00023B1D4F8A438DB69DB0600D410BD04F527
:109F00000760FFF719FBD4F8A43810221A6210BDBD
:109F1000D8CF012410B50B4C04F6542009F0DAFA1E
:109F200094F8343A23B1D4F8543ADB69DB0600D410
:109F300010BD04F52260FFF7FFFAD4F8543A10225E
:109F40001A6210BDD8CF012410B50B4C04F60440A2
:109F500009F0C0FA94F8E43B23B1D4F8043CDB697F
:109F6000DB0600D410BD04F53D60FFF7E5FAD4F838
:109F7000043C10221A6210BDD8CF012410B50B4C3E
:109F800004F6B45009F0A6FA94F8943D23B1D4F83D
:109F9000B43DDB69DB0600D410BD04F55860FFF763
:109FA000CBFAD4F8B43D10221A6210BDD8CF0124E8
:109FB00010B5EFF3108472B6084B1A78120602D56A
:109FC00004B962B610BD1B784FF4D87204485BB276
:109FD00002FB0300C03002F0CBFDF1E70CDF0124EF
:109FE000D8CF012410B5EFF3108472B6094B1A785C
:109FF000120602D504B962B610BD1B784FF4D872B0
:10A0000005485BB202FB030000F59C7002F0B0FD56
:10A01000F0E700BF0CDF0124D8CF01240021FFF7B7
:10A0200051BC00BF214A036893422BD0A2F54C4299
:10A03000934229D002F58062934227D002F58062D4
:10A04000934225D002F58062934223D002F5444228
:10A05000934221D0A2F51C4293421FD002F58062A8
:10A0600093421DD0124A93421CD108224FF4D8715A
:10A07000104B01FB0233197D11B11846FFF75CBA92
:10A08000FFF720BC0022F1E70122EFE70222EDE713
:10A090000322EBE70422E9E70522E7E70622E5E7EA
:10A0A0000722E3E700231B7DFFDE00BF0010014015
:10A0B000000C0058D8CF0124204A0368934229D0CD
:10A0C000A2F54C42934227D002F58062934225D0FC
:10A0D00002F58062934223D002F58062934221D040
:10A0E00002F5444293421FD0A2F51C4293421DD078
:10A0F00002F5806293421BD0114A93421AD1082381
:10A1000010484FF4D87202FB0300037D03B9704777
:10A11000FFF712BA0023F3E70123F1E70223EFE789
:10A120000323EDE70423EBE70523E9E70623E7E74D
:10A130000723E5E700231B7DFFDE00BF0010014081
:10A14000000C0058D8CF01240121FFF7BBBB00BF92
:10A150002DE9F0414F684FF4D876DFF8C0808E4685
:10A1600007FB06F60C46082F08EB0605056005F10F
:10A17000180CBEE80F00ACE80F009EE807008CE862
:10A18000070002D86B6A022B02D90120BDE8F081DA
:10A190002A6A032AF9D8A96A0229F6D8E86A0228A5
:10A1A000F3D80131DFF878C0343689005CF82770C5
:10A1B00046446F63A469A9641549AC6351F8233020
:10A1C0006B64144B53F82230134A2B64002352F86B
:10A1D000201001223046EB65E963C5E91333C5E978
:10A1E00015320AF065FD0028CFD1014630460AF04D
:10A1F000B7FD0028C9D1014630460AF003FE002809
:10A20000C3D130460AF08EFD0028BED12875BDE7C7
:10A21000B0950108BC950108CC950108D8CF012460
:10A220008C950108F8B504681646069A4FF48077B5
:10A23000236000236260012223610D4622753C4A9F
:10A24000C4F8CC30C4F8C0204FF48062C4F8E430C5
:10A25000C4F8C830C4F8D0204FF44032A160E660A2
:10A26000C4E93533E369C4E93772072B0BD8DFE85B
:10A2700003F02E353C434A51580451225223C4F86E
:10A28000C420C4F83C3104F1C007384602F0F8F8A5
:10A2900008B10120F8BD626B04F13403C4F8AC705E
:10A2A0003146C4F8F8301F461368284643F01003BF
:10A2B000136000F0B1F92946B2B2384609F038F817
:10A2C0000028E6D194F91C201A4B1A70F8BD2922F7
:10A2D0002A23C4F8C420C4F83C31D4E72B222C2311
:10A2E000C4F8C420C4F83C31CDE72D222E23C4F895
:10A2F000C420C4F83C31C6E73F224023C4F8C42040
:10A30000C4F83C31BFE741224223C4F8C420C4F85A
:10A310003C31B8E747224823C4F8C420C4F83C3194
:10A32000B1E74F225023C4F8C420C4F83C31AAE757
:10A33000880002400CDF01240368187D704700BFCD
:10A34000006892B208B534300A2308F00FFF0038D5
:10A3500018BF012008BD00BF534B0122002047F663
:10A36000122130B4C3E97420C3E97721C3E9E020A6
:10A37000C3E9E3211A62DA6258621963C3F830252F
:10A38000C3F83405C3F83C25C3F84015C3F8E026EC
:10A39000C3F8E406C3F8EC26C3F8F016C3F8902817
:10A3A000C3F89408C3F89C28C3F8A018C3F8402A3F
:10A3B000C3F8440AC3F84C2AC3F8501AC3F8F02B68
:10A3C000C3F8F40BC3F8FC2BC3F8001CC3F8A40DAE
:10A3D0003648C3F8A02DC3F8AC2DC3F8B01D0288D1
:10A3E000837833490068334CCA804FEA104C0B72B3
:10A3F0003149E2802372A1F80320A4F8032063719D
:10A400004B712E4CCA800B722D492E4DE280237267
:10A41000A1F80320A4F8032063714B712A4CCA8071
:10A420000B722A49EA8008802B7281F802C0E28010
:10A430002372A1F803204B71CA800B722449A1F842
:10A4400003204B71CA800B722249A1F803204B7183
:10A45000CA800B722049088081F802C0A1F803204D
:10A460004B71CA800B721D49088081F802C0A1F8A7
:10A4700003204B71CA800B721949088081F802C011
:10A480001848A1F803204B71CA800B721649A0F836
:10A4900003204371C2800372A1F803204B71CA806C
:10A4A0000B7230BC704700BFD8CF01246403002476
:10A4B000EC030024100400240404002428040024D5
:10A4C0001C040024F8030024D403002438DF0124F2
:10A4D00034040024E003002414DF01242CDF0124D1
:10A4E00020DF0124580300244C0300243E4B0022AB
:10A4F0000B20114610B5D3F8D84082B044F00104C7
:10A50000C3F8D840D3F8D84004F001040094009C6C
:10A51000D3F8D84044F00204C3F8D840D3F8D83078
:10A5200003F002030193019B01F0CCFC0B2001F02E
:10A5300007FD00220C20114601F0C4FC0C2001F0A4
:10A54000FFFC00220D20114601F0BCFC0D2001F0A3
:10A55000F7FC00220E20114601F0B4FC0E2001F0A1
:10A56000EFFC00220F20114601F0ACFC0F2001F09F
:10A57000E7FC00221020114601F0A4FC102001F09D
:10A58000DFFC00223C20114601F09CFC3C2001F045
:10A59000D7FC00221120114601F094FC112001F09B
:10A5A000CFFC00223820114601F08CFC382001F04D
:10A5B000C7FC00223920114601F084FC392001F04B
:10A5C000BFFC00223A20114601F07CFC3A2001F049
:10A5D000B7FC00223B20114601F074FC3B2002B086
:10A5E000BDE8104001F0ACBC0044025820F01F0050
:10A5F0002031BFF34F8F002907DD064A0144C2F81E
:10A60000680220300B1A002BF9DCBFF34F8FBFF329
:10A610006F8F704700ED00E020F01F002031BFF386
:10A620004F8F002907DD064A0144C2F85C02203042
:10A630000B1A002BF9DCBFF34F8FBFF36F8F7047FE
:10A6400000ED00E0704700BF08B500F01FFEBDE858
:10A65000084001F0FFBC00BF064808B503680BB115
:10A6600002F0EAFF044803681BB1BDE8084003F0AC
:10A6700091BF08BD58E7012450E30124064808B5FE
:10A6800003680BB102F0D8FF044803681BB1BDE8B2
:10A69000084003F07FBF08BD58E7012450E30124C0
:10A6A000064808B503680BB102F0C6FF044803680A
:10A6B0001BB1BDE8084003F06DBF08BD58E7012499
:10A6C00050E30124364BDA6A520062D59A6A9A6ADC
:10A6D0009A6A9B6A180600D500BE314B9B6A9906A0
:10A6E00000D500BE2E4B9B6ADA0600D500BE2C4B6F
:10A6F0009B6A1B0700D500BE294B9B6A980700D5B3
:10A7000000BE274B9B6AD90700D500BE244B9B6A2D
:10A710001A0400D500BE224B9B6A9B0400D500BEE4
:10A720001F4B9B6AD80400D500BE1D4B9B6A1905C0
:10A7300000D500BE1A4B9B6A5A0500D500BE184BC7
:10A740009B6A9B0500D500BE154B9B6AD80500D5BA
:10A7500000BE134B9B6A990100D500BE104B9B6A4B
:10A76000DA0100D500BE0E4B9B6A1B0300D500BE6C
:10A770000B4B9B6A580300D500BE094B9B6A99039B
:10A7800000D500BE064B9B6ADA0306D400BE00BEAD
:10A79000FEE7DB6A9B07FAD5F8E700BEF6E700BFE5
:10A7A00000ED00E000F07EBD01480CF063BB00BF8F
:10A7B00044DF012400F07CBD0A4B9B6803F1784321
:10A7C000B3F5003F0BD3084B986848B1986801284F
:10A7D00006D09868022803D09B68032070470120A8
:10A7E000704700BF00ED00E0000080382DE9F04127
:10A7F000CEB004464C2200210AA80DF091FB202285
:10A80000002102A80DF08CFBBC2200211EA80DF037
:10A8100087FB022004F0BAFB2368012B4FF00003F2
:10A8200054D0534A02250193C820D16A514B21F0DC
:10A830000101D162D26A02F0010201929A6942F4E6
:10A8400040429A619B6903F440430193019B494A4A
:10A8500093699B04FCD548490224002201268B6A97
:10A8600004274FF0080823F0030323438B620523DA
:10A8700016900AA818934FF48033109617941994E1
:10A880001597CDF86880CDE91B222122CDE913442C
:10A89000CDE90A2305F064F800B1FEE73F22032367
:10A8A000294602A8CDE9022300220823CDE904238A
:10A8B00040224023CDE9062340234FF48062CDE9B6
:10A8C000082305F07BFB0346B8B1FEE7294A0425BF
:10A8D0000093F0209169264B41F4404191619269C7
:10A8E00002F440420092DA6A42F00102DA62DB6A64
:10A8F00003F001030093009BA9E720224FF480514D
:10A9000025934FF440152B9280222D931EA830934F
:10A91000269135914FF48071249234920C22339415
:10A92000439140F2271120921022CDF884802A977B
:10A930001F96CDE92E34CDE93B334FF48033CDE97A
:10A9400022463193002446930623CDE93E452793C2
:10A950004FF48063094C2C931E94CDE9281205F026
:10A9600089FD00B1FEE704F037FB4EB0BDE8F08191
:10A970000004005800480258004402580F130F0307
:10A9800070B584B0012401F013FB4FF480764FF0D2
:10A990004052194B68460025ADF800400396CDE9BA
:10A9A000012301F023FB19224FF0404368468DF844
:10A9B000082001938DF80F40ADF80D608DF801402F
:10A9C0008DF80A5001F012FB02230B2268468DF825
:10A9D0000F508DF801304FF062538DF8082001932D
:10A9E000ADF80D408DF80A4001F000FB042001F0A5
:10A9F000EDFA04B070BD00BF0E00010330B50D4686
:10AA0000044685B0D1E9000184E8030000F00EFCA3
:10AA1000AB79A3B3FFF76AFDFCF7B6FEFEF704FAC5
:10AA2000FFF762F92B798BBB6B799BB1BFF34F8F2B
:10AA3000BFF36F8F2A4B0022C3F85022BFF34F8F12
:10AA4000BFF36F8F5A6942F400325A61BFF34F8FE0
:10AA5000BFF36F8F4FF0FF320023002400256946BB
:10AA6000204802928DF80C30CDE900450CF088F9B1
:10AA70001C480CF0EDF90CF03BF805B030BD204659
:10AA8000FFF7B4FE2046FFF77BFFC3E7144C00231B
:10AA9000C4F88430BFF34F8FD4F8801043F6E07EC3
:10AAA000C1F34E3CC1F3C9014FEA4C1C0CEA0E0045
:10AAB0000B4640EA8372013BC4F860225A1CF8D16D
:10AAC000ACF1200C1CF1200FF0D1BFF34F8F636964
:10AAD00043F480336361BFF34F8FBFF36F8FA3E7FE
:10AAE00000ED00E044DF012405F098BB08B505F057
:10AAF00095FB400008BD00BF05F0ACBB1C4B9B683C
:10AB000003F17842B2F5003F25D3B3F5803F20D35F
:10AB100003F16042B2F5003F1FD303F15C42B2F58E
:10AB2000002F1CD303F17042B2F5902F19D303F11B
:10AB30004842B2F5803F16D303F18042B2F1806FF4
:10AB400013D303F1E043B3F5000F2CBF0820072017
:10AB50007047012070470020704702207047032093
:10AB6000704704207047052070470620704700BFDB
:10AB700000ED00E003480023034A044903600CF0A1
:10AB8000A5BD00BF44DF01240000002445A6000845
:10AB900010B4204C0022204B83B0D4F888101F48FA
:10ABA00041F47001C4F8881019681D4C41F001018E
:10ABB00019601A61196808401A4918609A61DA61C7
:10ABC0001A629A62DA621A635A639A63DA631A64DF
:10ABD0005A64186820F4802018601A66D3F8DC20C4
:10ABE00042F06042C3F8DC20D3F8DC300193019BD3
:10ABF00023681940B1F1005F03D20B4B0122C3F867
:10AC00000821044B4FF000629A6003B05DF8044BDA
:10AC1000704700BF00ED00E0004402587FEDF6EA07
:10AC20000010005C0000FFFF008000514B4A0368E9
:10AC300030B593428BB04FF00004CDE90444CDE928
:10AC40000644089404D0464A934249D00BB030BD24
:10AC5000444D4FF4C0524448D5F8E03043F001036E
:10AC6000C5F8E030D5F8E03003F00103009302238B
:10AC7000009904A9CDE904230A23089302F0CAFA33
:10AC80004FF40072002304A937480694CDE9042349
:10AC900002F0C0FAD5F8D8302246214643F00063CE
:10ACA0006220C5F8D830D5F8D83003F0006301939E
:10ACB000019B01F007F9622001F042F9224621468A
:10ACC000632001F0FFF8632001F03AF922462146A3
:10ACD000652001F0F7F8652001F032F90BB030BDC6
:10ACE000204D4FF4404204A9D5F8E03043F0020370
:10ACF000C5F8E030D5F8E03003F0020302930223F8
:10AD000002981A48CDE904230C23089302F082FA32
:10AD1000D5F8D830224621464A2043F00073C5F8C2
:10AD2000D830D5F8D83003F000730393039B01F0BB
:10AD3000C9F84A2001F004F9224621464B2001F0CF
:10AD4000C1F84B2001F0FCF8224621464D2001F0CD
:10AD5000B9F84D2001F0F4F80BB030BD0000084008
:10AD60000000044000440258000002580004025849
:10AD700000F57171D0F804040BF0A8B9C1EBC10360
:10AD800000EB8303D0F80404D3F808220BF0CCB90D
:10AD9000C1EBC10300EB8303D0F804049A6C0BF001
:10ADA00001BA00BFD0F804040BF0A0BAC16810B516
:10ADB000044619B1022900D0FEE70121D4F80404A9
:10ADC0000BF07EFAD4F80404BDE810400BF050BA42
:10ADD00010B50446D0F804040BF076FA2268D2F8D5
:10ADE000003E43F00103C2F8003E236A23B1034A48
:10ADF000136943F00603136110BD00BF00ED00E0CE
:10AE0000D0F804040BF06ABAD0F804040BF07EBA50
:10AE1000D0F804040BF078BAD0F804040BF078BA38
:10AE2000D0F804040BF076BA70B5067804461EB16B
:10AE3000012E30D0002070BD304D0923304AC5F8B6
:10AE40000404C0F8985228462E612E63C5E90023F9
:10AE500002230222EB600023C5E90623002200231F
:10AE6000C5E9082301220123C5E90A2303F0DAFA20
:10AE700000B1FEE78021284604F068F83146402200
:10AE8000284604F039F880220121284604F034F8DD
:10AE90002678012ECED11B4D09221B4B00216A6062
:10AEA00002222B600223C5F804442846EB600023ED
:10AEB000C4F898522961C5E9062300220023C5E998
:10AEC0000823C5E90C2301220023C5E90A2303F066
:10AED000A9FA044600B1FEE74FF40071284604F0D9
:10AEE00035F821468022284604F006F84FF4BA725D
:10AEF0003146284604F000F89CE700BF48DF0124F3
:10AF00000000084050E3012400000440D0F89802FB
:10AF100008B503F01DFB032802D8024B185C08BDDE
:10AF2000022008BDE89501089446D0F898021A4618
:10AF300008B5634603F092FE032802D8024B185C62
:10AF400008BD022008BD00BFE8950108D0F89802AE
:10AF500008B503F0C1FE032802D8024B185C08BDF7
:10AF6000022008BDE8950108D0F8980208B503F062
:10AF700043FF032802D8024B185C08BD022008BD1D
:10AF8000E8950108D0F8980208B503F079FF032886
:10AF900002D8024B185C08BD022008BDE8950108E4
:10AFA0000A06D0F8983206D4C1EBC10103EB810147
:10AFB00091F8FE01704701F07F01C1EBC10103EB85
:10AFC000810191F83E007047D0F8980208B503F06F
:10AFD0002FFE032802D8024B185C08BD022008BDD2
:10AFE000E8950108D0F8980208B503F0DDFE0328C3
:10AFF00002D8024B185C08BD022008BDE895010884
:10B00000D0F8980208B503F09DFE032802D8024B41
:10B01000185C08BD022008BDE8950108D0F8980228
:10B0200003F0B8BED0F8C0020BF066BCD0F8C00286
:10B030000BF07ABCD0F8C0020BF082BC704700BFA6
:10B04000D0F8C0020BF068BCD0F8C0020BF068BCAE
:10B05000D0F8D00308B502F0AFFE032802D8024BA7
:10B06000185C08BD022008BDEC950108024B02786F
:10B0700053F82200704700BF10960108024B427837
:10B0800033F81200704700BFF09501088CB00A2811
:10B0900014D8DFE800F01523313F4D5B69778593C5
:10B0A00006004D4BD3F8E02042F48062C3F8E02064
:10B0B000D3F8E03003F480630B930B9B0CB0704724
:10B0C000454BD3F8E02042F00102C3F8E020D3F86A
:10B0D000E03003F001030193019BEFE73E4BD3F80F
:10B0E000E02042F00202C3F8E020D3F8E03003F0A1
:10B0F00002030293029BE1E7374BD3F8E02042F0D2
:10B100000402C3F8E020D3F8E03003F00403039313
:10B11000039BD3E7304BD3F8E02042F00802C3F89A
:10B12000E020D3F8E03003F008030493049BC5E764
:10B13000294BD3F8E02042F01002C3F8E020D3F806
:10B14000E03003F010030593059BB7E7224BD3F8DB
:10B15000E02042F02002C3F8E020D3F8E03003F012
:10B1600020030693069BA9E71B4BD3F8E02042F08F
:10B170004002C3F8E020D3F8E03003F04003079327
:10B18000079B9BE7144BD3F8E02042F08002C3F802
:10B19000E020D3F8E03003F080030893089B8DE7AC
:10B1A0000D4BD3F8E02042F48072C3F8E020D3F8CE
:10B1B000E03003F480730993099B7FE7064BD3F8D3
:10B1C000E02042F40072C3F8E020D3F8E03003F44A
:10B1D00000730A930A9B71E700440258704700BF4E
:10B1E0000F4B1B780BB90120704710B504464FF484
:10B1F0007A700C4AB0FBF3F31068B0FBF3F000F088
:10B20000C1FE0F2C00D808B1012010BD002221463C
:10B210004FF0FF3000F056FE034B00201C6010BDC5
:10B2200058040024400400245C04002438B50320A2
:10B23000124D00F035FE124C04F020FE114A124966
:10B240009369C3F30323CB5C03F01F0320FA03F3DA
:10B250000E202B60926902F00F028A5C02F01F023E
:10B26000D3402360FFF7BCFF10B10124204638BD56
:10B270000446FFF7B3FF204638BD00BF400400245A
:10B280004404002400440258D8950108034A044BA2
:10B2900011681B780B441360704700BF1CEA01243F
:10B2A00058040024014B1868704700BF1CEA0124B1
:10B2B00038B50446FFF7F6FF0546631C02D0044B81
:10B2C0001B781C44FFF7EEFF431BA342FAD338BDA3
:10B2D00058040024014B1868000C70470010005CF3
:10B2E000704700BF806B08B5FFF7FAFF08BD00BFCD
:10B2F000836B5A6D12F0500F5A6D10B51DD119683D
:10B3000042F400725A650A6812F0080FCA681BD02E
:10B3100012F4406F0DD1CA6894040AD45A6D22F415
:10B3200080725A655A6DD10403D45A6D42F00102FD
:10B330005A651846FBF706FD10BDD2060AD4DB6C31
:10B34000BDE81040DB6C18479007E7D01846FBF7C4
:10B35000F9FCF1E71846FBF799FD10BD806B08B5C5
:10B36000436D43F040034365836D43F004038365FD
:10B37000FBF78CFD08BD00BFF0B5002283B0019241
:10B3800090F85020012A00F01C81034601201A6821
:10B3900083F850009468640700F18A800C68C4F355
:10B3A0001305002D40F08F80C4F38464A0404D68E5
:10B3B0004FF01F0ED6694FEA951C30430CF00C0C71
:10B3C000D06105F01F0002F1300584400EFA00FE46
:10B3D0005CF8050020EA0E0004434CF80540906834
:10B3E00040076ED4956815F0080547D10C68072012
:10B3F00002F11406B94F4FEAD45CC4F304540CF0C4
:10B40000040C00FA04FE886800FA04F45CF80600F4
:10B4100020EA0E0020434CF80600386800F0704027
:10B42000B0F1805F00F0C580D068D668C70600F133
:10B43000E880C6F382064869760000FA06F60F69CE
:10B44000042F00F0C18002F16004086854F827C09E
:10B4500000F0F8400CF0004C40EA0C00304344F897
:10B460002700487E0E69012854F8260008BF4FF0D7
:10B47000004520F00040054344F826509068C4077A
:10B4800014D4CE68086806F01807954CD2F8C0505E
:10B49000FC40C0F31307044025EA07052C43C2F81B
:10B4A000C040904CA64246D0002816DB002003E0A6
:10B4B0005A6D42F020025A65002283F8502003B0F2
:10B4C000F0BD9068DAE794FAA4F5B5FA85F5C4F30F
:10B4D000846405F01F05A84069E783498A4200F0AB
:10B4E000B68001F580718A4200F0B1807F4D804CBA
:10B4F000A968A46801F0E076E44304F00104002C9C
:10B5000000F0B4807B4CA04200F0FC807A4CA0425A
:10B5100000F01A81794CA042C8D14902C6D47449BE
:10B520008A42C3D1AA68002022F0E072324342F47A
:10B530008002AA60C0E7002F6AD090FAA0F4B4FAA3
:10B5400084F4013404F01F04092C00F2A48090FA62
:10B55000A0F4B4FA84F490FAA0F5B5FA85F50134B4
:10B5600001260135A40605F01F0504F0F84406FA8B
:10B5700005F52C4390FAA0F0B0FA80F0304400F0CA
:10B580001F0000EB400000052043C60D02F114052A
:10B59000C0F30450072406F0040604FA00F77459B7
:10B5A00024EA07048F6807FA00F020437051086806
:10B5B0007AE7D6684869C6F38206760000FA06F68E
:10B5C0003DE7022003B0F0BD106E0C6800F0F840BB
:10B5D000A506B0EB846F30D0506E00F0F840854285
:10B5E00026D0906E00F0F84085422BD0D06E00F04F
:10B5F000F84085427FF442AFD06E20F00040D06624
:10B600003CE77608486906F0080600FA06F616E7F1
:10B61000800E441C04F01F06092E2DD8A40601201C
:10B6200004F0F844B040044306EB46000005ABE7E5
:10B63000506E20F000405066D3E7106E20F00040BE
:10B640001066C9E7906E20F000409066CEE7264C69
:10B650002B4D04F58074A96854F8F86CA468344341
:10B6600001F0E076E44304F0010448E75A6D01205C
:10B6700042F020025A651FE706EB4600A5060124AA
:10B680001E3805F0F84504FA06F60005354340F08B
:10B690000070284379E790FAA0F5B5FA85F590FA9D
:10B6A000A0F4B4FA84F4013501260134AD0604F0A7
:10B6B0001F0405F0F84506FA04F4254390FAA0F4B7
:10B6C000B4FA84F4344404F01F0404EB4404A4F1F9
:10B6D0001E00000540F00070DBE700BF0010005CBA
:10B6E000FFFF0F000000FF470020024000630258E8
:10B6F00000600258000084CB000052C70000B8CFA1
:10B700000023024008023FF5D1AE17498A427FF478
:10B71000CDAE164AA9681268154821F0E071920969
:10B720003143A0FB020241F400019209A9605200DA
:10B730000192019A002A3FF4B9AE019A013A0192AE
:10B74000019A002AF9D1B1E611F080707FF4AEAE13
:10B7500005498A427FF4AAAEAA6822F0E072324319
:10B7600042F08072AA60A7E60060025840040024FC
:10B77000632D3E0503689A68D20701D50020704703
:10B780009968214A114270B5044608D0636D0120C2
:10B7900043F010036365A36D0343A36570BD99680F
:10B7A0001A4A0A4042F001029A60FFF77BFD2368C3
:10B7B000174A054693421ED002F5807293421AD072
:10B7C000144A9268114E0AE09A68324042F001022F
:10B7D0009A60FFF767FD401B0228D7D823681A68D4
:10B7E000D2070FD49A68D107EED5FFF75BFD401B57
:10B7F0000228F3D9CAE7084A9268D006E2D0074A7D
:10B800009342DFD1002070BD3F000080C0FFFF7F6A
:10B810000020024000630258002302400021024041
:10B820002DE9F0413A4D044600680F461646A842FD
:10B8300019D0384B984216D0374DAB688068420714
:10B8400016D494F85020012A12D003F01F080122C8
:10B85000B8F1090F84F850200DD90023012084F895
:10B860005030BDE8F0812D4DAB6880684207E8D5C7
:10B870000220BDE8F08140F2212323FA08F3DB43E4
:10B8800013EA0205E9D12046FFF774FF002839D1F9
:10B89000626D234B2168134043F480736365B8F1F4
:10B8A000000F02D01B4B994203D0636D23F4801329
:10B8B0006365636D13F4805328D0A36D23F00603F2
:10B8C000A365E06C3346174D3A464031C563164DCB
:10B8D0000564164DC5641C2541F8405C002584F8BC
:10B8E000505051F83C5C45F0100541F83C5C00F0CC
:10B8F00085FF22680E4B91680B4043F00403936070
:10B90000BDE8F08184F85050BDE8F081A365D8E728
:10B910000020024000210240006302580023024040
:10B92000FEF0FFFFF1B20008E5B200085DB30008C9
:10B93000C0FFFF7F38B503689A68910702D59B68FE
:10B94000002038BD9A68D20723D59A68044602F0D1
:10B950000D02012A08D0636D012043F010036365D6
:10B96000A36D0343A36538BD986803210A4A0240CA
:10B9700042F002029A601960FFF794FC054604E069
:10B98000FFF790FC401B0228E5D823689B68DB0783
:10B99000F6D4002038BD00BFC0FFFF7F38B5574A3E
:10B9A00004460368934226D002F58072934222D067
:10B9B000534B9B6813F4403F22D004F019FC63689A
:10B9C0000546B3F5003F00F08880B3F5403F70D0E6
:10B9D000B3F5803F00F08180FFF77CFC41F2030368
:10B9E00098422DD8474B9D425DD92268936843F415
:10B9F0008073936038BD444B9B6813F4403FDCD1A7
:10BA00004FF4002005F0C0FC63680546B3F5101F35
:10BA10006DD008D8B3F5E01F55D01AD9B3F5001F83
:10BA2000DAD14509D8E7B3F5201F4AD0B3F5301F66
:10BA3000D2D1FFF74FFC41F20303984233D92D0ACC
:10BA4000324B9D421DD82268936823F44073936063
:10BA500038BDB3F5801F06D00AD9B3F5A01F02D0B8
:10BA6000B3F5C01FB8D19B0C5B00B5FBF3F5B3E792
:10BA7000B3F5002FF7D023F40022B2F5802FF2D0D7
:10BA8000AAE7234B234A2B4493421ED9224B234A35
:10BA90002B449342226893682BD823F4407343F4D9
:10BAA0000073936038BD2268936823F480739360B9
:10BAB00038BD8508FFF70EFC41F203039842BFD85A
:10BAC00090E7C50988E7050986E72268936823F4AB
:10BAD000407343F48073936038BD1B0CB5FBF3F5E2
:10BAE000FFF7F8FB41F203039842A9D87AE78509EA
:10BAF00072E743F44073936038BD00BF00200240FA
:10BB000000630258002D310100230240105E5F00E7
:10BB1000EFA1A0FF0F5E5F00DF4341FF1FBCBE002F
:10BB200030B5002383B00193002800F0D080456D2C
:10BB30000446002D00F0BA80226893689B0003D56C
:10BB40009168714B0B4093609368DD0015D46F4B87
:10BB500090686F491B6801406E489B0941F0805115
:10BB6000A0FB030391609B090193019B2BB1019BF7
:10BB7000013B0193019B002BF9D19368D80024D499
:10BB8000636D012543F010036365A36D2B43A3652B
:10BB9000936813F0040F636D1DD1D9061BD4636D38
:10BBA00023F4817343F0020363659368DB0728D4B1
:10BBB000594B9A4217D003F580739A4213D0574BD2
:10BBC0009B68D9071DD4564A15E09368002513F0E9
:10BBD000040F636DE1D0636D012543F01003284627
:10BBE000636503B030BD4C4A4E4B92689B6813436B
:10BBF000D80706D44C4A9368616823F47C130B433E
:10BC00009360FFF767FB41F20303A1689842237F2B
:10BC100052D894F815C01A04206B42EA4C32024301
:10BC20000A43012B03D1236A013B42EA4342636A80
:10BC300023B103F47873A16A0B431A4323683B4989
:10BC4000D86801400A43DA609A6812F0040F9A68D3
:10BC50001CD112071AD4D868354A217D024042EA25
:10BC60008132E16A0A43DA6094F83820012A3AD036
:10BC70001A6922F001021A611A692046616B22F0EA
:10BC800070420A431A61FFF789FE2368E268012ABD
:10BC900021D01A6B22F00F021A63636D284623F03D
:10BCA000030343F00103636503B030BDFAF7F8FF07
:10BCB000A56584F850503FE71029AAD1617D1A0488
:10BCC00042EA4132216B0A4342F01C02A9E70125F6
:10BCD000284603B030BD196BA26921F00F01013A6B
:10BCE0000A431A63D9E7D4E9102118690A431149B4
:10BCF00001400A43A16C0A43E16B42EA014242F06F
:10BD000001021A61B8E700BFC0FFFF5F40040024D2
:10BD1000C0FFFF6F632D3E05002002400060025807
:10BD200000630258002102400023024003C0F0FFDC
:10BD3000FCBFFFFF1EF800FCF0B5002383B00193A9
:10BD400090F85030012B40D0012304460E46154692
:10BD500080F85030FFF7EEFDE8B9676D05F08042DE
:10BD60001B4B06F480311B4D3B401B4F43F002033D
:10BD7000636523689E68354015430D4345F00045D3
:10BD80009D609A68002A0FDB636D23F0030343F084
:10BD90000103636503E0636D43F0100363650023F3
:10BDA00084F8503003B0F0BD019A01320192019A3B
:10BDB000BA42E6D9636D0022012023F0120384F811
:10BDC000502043F010036365ECE7022003B0F0BDA0
:10BDD000FDEEFFFFC0FFFE3FFF955A55F0B490F80F
:10BDE00050200E68012A49D00346294A01201C68C8
:10BDF00083F85000944208D05A6D002142F020028E
:10BE000083F850105A65F0BC7047224DAA6852075B
:10BE10000AD5A2685A6D012042F020025A6500221C
:10BE200083F85020F0BC7047A06810F00400F1D1F6
:10BE3000C6B1DFF868C04F68DCF8082022F4404241
:10BE40003A43CCF80820A468AA682243D40713D444
:10BE50008A68DCF8081016430F4A0A401643CCF8EB
:10BE60000860DCE70D498A6822F440428A60A068D5
:10BE7000AA680243D00704D50020D0E70220F0BC16
:10BE800070478C683046044A22408A60C7E700BF8A
:10BE90000020024000210240E0F0FFFF00230240AA
:10BEA00006494FF6FF0C0002054BCA6800F4E0603B
:10BEB00002EA0C0210430343CB60704700ED00E040
:10BEC0000000FA051B4BDB68C3F3022300B5C3F186
:10BED000070E03F1040CBEF1040F28BF4FF0040E4F
:10BEE000BCF1060F1AD9033B4FF0FF3C0CFA03FCE0
:10BEF00022EA0C024FF0FF3C00280CFA0EFC21EA6B
:10BF00000C0101FA03F141EA02010ADB09010A4BC3
:10BF1000C9B2034483F800135DF804FB0022134602
:10BF2000E8E700F00F000901044BC9B20344197699
:10BF30005DF804FB00ED00E000E100E0FCEC00E057
:10BF4000002807DB00F01F0101234009024A8B4053
:10BF500042F82030704700BF00E100E000280DDB10
:10BF60004309012200F01F000549203302FA00F0C6
:10BF700041F82300BFF34F8FBFF36F8F704700BFAF
:10BF800000E100E0431EB3F1807F0CD24FF0E022CD
:10BF9000002006494FF0F00C5361072381F823C0BD
:10BFA0009061136170470120704700BF00ED00E011
:10BFB000BFF35F8F044B00215A6A22F480325A6229
:10BFC000C3F89410704700BF00ED00E0064B40F04E
:10BFD0000100C3F894005A6A42F480325A62BFF3F7
:10BFE0004F8FBFF36F8F704700ED00E0174A437823
:10BFF000C2F89830017821B3436800B5C2F89C308C
:10C00000C37A90F80CC01B0690F80FE043EA0C735B
:10C0100090F80AC00B43817B43EACC4390F80DC0F3
:10C0200043EA8C4390F809C043EA4143017A43EA6A
:10C030000E4343EA0C2343EA4103C2F8A0305DF803
:10C0400004FBC2F89C10C2F8A010704700ED00E09D
:10C05000704700BF08B5FFF7FBFF08BD88B110B5FA
:10C060000379044603F0FF023BB1002302210122C1
:10C07000217118462361227110BD4271FAF708FF41
:10C08000F3E70120704700BF4279012A28D0034618
:10C090000222006801F0100C10B41A710122046829
:10C0A00002FA0CF222430260026879B902F03E0201
:10C0B000022A03D1426842F00102426000220121BB
:10C0C0005A71104619715DF8044B704702F47812EA
:10C0D000B2F5003FF2D1426842F002024260EDE761
:10C0E0000220704710B4006883B0002401940190CE
:10C0F00051B9019908310A440192019A0020136054
:10C1000003B05DF8044B7047019914310A44019261
:10C11000F3E700BF704700BF03681A68910410B5C9
:10C12000044602D55A6B920418D41A68910002D5BD
:10C130005A6B920000D410BD04224FF000512046EB
:10C140002271226942F00202226159631A6822F0C8
:10C150008052BDE810401A6000F0AAB804224FF4E3
:10C1600000510271026942F00102026159631A68CA
:10C1700022F480521A60FFF7CDFF2368D5E700BF95
:10C180002DE9F04143790E460968012B00F08A80C1
:10C19000012304290446154643714FF0020303713D
:10C1A0003AD002F0100023683269012A2AD0D6E979
:10C1B00002252A4307250A43716805FA00F6DD6B5C
:10C1C0008240814025EA06052A434FF48045DA6320
:10C1D00085401A6822EA050240F6FE751A6085401D
:10C1E0001A6822EA050201251143C0221960824023
:10C1F0001868002120EA0200186008462571617164
:10C20000BDE8F0811F259A6B854022EA0505726919
:10C2100082402A439A63CAE7D2B9FFF743F8DFF8AE
:10C220008C80074604E0FFF73DF8C01B012830D89A
:10C2300023685B6B13EA080FF5D10120FFF738F88C
:10C240002368B2691A640DE0FFF72CF8012820D8A2
:10C2500023685B6B002BF7DB0120FFF729F82368CD
:10C26000B2695A6405F0100040F2FF319A6C8140C7
:10C2700022EA0102F16981400A43FF219A64814068
:10C28000DA6C22EA0102316A81400A433168DA64D9
:10C290008AE72369032243F00803104623612271D1
:10C2A000BDE8F0810220BDE8F08100BF00800020E1
:10C2B000704700BF0268344B344930B4344D354CBC
:10C2C000AA4218BF9A420CBF012300238A4208BF2A
:10C2D00043F001033031A24208BF43F00103303480
:10C2E0008A4208BF43F001033031A24208BF43F045
:10C2F000010330348A4208BF43F0010301F55C7149
:10C30000A24208BF43F0010304F55C748A4208BFEF
:10C3100043F001033031A24208BF43F0010330343F
:10C320008A4208BF43F001033031A24208BF43F004
:10C33000010330348A4208BF43F001033031A24286
:10C3400008BF43F001038A4208BF43F0010313B959
:10C35000114B9A4213D1D3B21049114C103BA1FB9F
:10C3600003515F2B0F4BC1F3021103EA0203615C1F
:10C3700088BF0433C1658365184630BC704722F01E
:10C38000FF038365F8E700BF100002404000024051
:10C390002800024058000240B8040240ABAAAAAAF2
:10C3A0009CA3010800FCFFFF0368294A294930B417
:10C3B000294D2A4CAB4218BF93420CBF01220022E8
:10C3C0008B4208BF42F001022831A34208BF42F06D
:10C3D000010228348B4208BF42F001022831A342F7
:10C3E00008BF42F001028B4208BF42F0010212B9BD
:10C3F0001B4A934213D1DBB21A4C1B4A0121083B62
:10C400001A4DA4FB0343456602EB1312C3F3041356
:10C41000920001FA03F30266836630BC7047DAB219
:10C420001349144C1944103AA829A4FB02234FEADB
:10C43000131300D80833104A03F01F0501210F4CD5
:10C440001A44A9404466920081660266E5E700BF8F
:10C4500008540258305402581C540258445402588C
:10C4600094540258CDCCCCCC00960016805802587B
:10C47000F0FBFDBFABAAAAAA008200108008024010
:10C4800070B50446FEF70EFF002C00F0C68023684E
:10C490000546954A934248D01832934245D03032EF
:10C4A00092498B4218BF934201F130010CBF012227
:10C4B00000228B4208BF42F0010218318B4208BFB4
:10C4C00042F0010218318B4208BF42F001021831DC
:10C4D0008B4208BF42F0010201F556718B4208BF42
:10C4E00042F0010218318B4208BF42F001021831BC
:10C4F0008B4208BF42F0010218318B4208BF42F064
:10C50000010218318B4208BF42F0010218318B4200
:10C5100008BF42F0010218318B4208BF42F001020D
:10C520001AB9734A934240F0F5800222002184F840
:10C53000352084F834101A6822F001021A6005E0F0
:10C54000FEF7B0FE431B052B40D823681A68D107BD
:10C55000F6D4D4E9022521692A43A0691D680A435B
:10C5600061690A43E16902430A4362492940256A35
:10C570002A430A43616A04292FD01A605A6922F0BB
:10C580000702114359612046FFF794FEE26D3F23F5
:10C5900002F01F02934083602046FFF705FFA36867
:10C5A000802B3CD06368A06EDAB2013BD4E918510D
:10C5B000072B2A60486026D90023C4E91B33636730
:10C5C00000200123606584F8353070BD20220323EC
:10C5D0000120626584F8353070BDD4E90B512943E0
:10C5E0000A431A605969A26A21F00701114341F018
:10C5F0000401002DC6D000284FD1012A6ED032F0A0
:10C600000202BFD151E0501E072810D9626FD4E951
:10C610001B31002018604A60D2E7012070BD002362
:10C62000A16ED4E91802636003605160C4E7216819
:10C63000314B324DA94218BF994205F114050CBF88
:10C6400001230023A94208BF43F001031435A94286
:10C6500008BF43F001031435A94208BF43F00103AA
:10C660001435A94208BF43F001031435A94208BF9D
:10C6700043F001033BB9224B994204D0214B22499C
:10C6800013449B0003E0214B214913449B000122EA
:10C690008240C4E91B316267BBE7B0F5005F0ED092
:10C6A000022A05D9032A7FF46DAFEA017FF56AAF4C
:10C6B000012340221846626584F8353070BD032A94
:10C6C0003FF660AF01A050F822F000BFB1C60008ED
:10C6D000ABC60008B1C60008DDC60008B5F1C07FD2
:10C6E0007FF450AFE4E700BF10000240400002407A
:10C6F000B80402403F8010FE085402581C540258EF
:10C70000945402583F820010400902403F960016A0
:10C7100040590258324A33483349834218BF934242
:10C7200000F128000CBF012200228B4208BF42F01A
:10C7300001022831834208BF42F0010228308B42B7
:10C7400008BF42F001022831834208BF42F00102D3
:10C750008B4208BF42F0010212B9244A934238D1F9
:10C7600002220021224D84F8341084F835201A6802
:10C770001540A268402A2AD0802A0CBF4FF480407E
:10C780000846266AD4E90312D20842EAD102616956
:10C7900042EAD102A16942EAD102E16942EAD10248
:10C7A000144942EA161219442A4302431248A0FBD4
:10C7B000010120461A600B099B00E365FFF77AFD33
:10C7C000E26D012302F01F0293404360E4E6102073
:10C7D000D7E7402203230120626584F8353070BD1D
:10C7E000085402581C5402583054025894540258A9
:10C7F0000F00FEFFF8ABFDA7CDCCCCCC002800F09D
:10C80000BC80844690F83400012800F0B8800120F4
:10C810002DE9F0419CF835408CF83400844208D072
:10C8200000224FF400638CF83420CCF85430BDE87B
:10C83000F0810220DCF800507A4C8CF835000020A2
:10C84000794ECCF854007948854218BFA54200F1D2
:10C8500018000CBF01240024854208BF44F00104E5
:10C860001830854208BF44F001041830854208BFE3
:10C8700044F001041830854208BF44F0010400F57B
:10C880005670854208BF44F001041830854208BF45
:10C8900044F001041830854208BF44F00104183008
:10C8A000854208BF44F001041830854208BF44F0B7
:10C8B00001041830854208BF44F001041830854255
:10C8C00008BF44F001041830854208BF44F0010459
:10C8D000A0F59560B54218BF8542DCF86C600CBFCE
:10C8E0000120002054EA0008286820F00100286098
:10C8F000DCF86400DCF86840DCF85870446040D034
:10C9000016B1DCE91C044460DCF85C004FF03F0E1B
:10C9100000F01F000EFA00F0B860286820F48020B4
:10C9200028606B60DCF80830402B23D0A960EA60F7
:10C930002B6823F01E0343F016032B60DCF8403015
:10C940001BB12B6843F008032B60DCF860301A68D9
:10C95000D20303D51A6842F480721A601EB133689C
:10C9600043F4807333602B68002043F001032B6095
:10C97000BDE8F081AA60E960DAE701207047022093
:10C98000704716B1DCE91C0444602948DFF8A8E0D0
:10C99000754518BF85420EF1140E0CBF0120002012
:10C9A000754508BF40F001000EF1140E754508BF33
:10C9B00040F001000EF1140E754508BF40F0010073
:10C9C0000EF1140E754508BF40F001000EF1140E73
:10C9D000754508BF40F0010010B9164885420ED1D8
:10C9E000DCF85C0000F01F0E012000FA0EF0786009
:10C9F0006B60DCF80830402B10D0A960EA602B682F
:10CA000023F00E0343F00A032B60DCF84030002BC8
:10CA10009BD02B6843F004032B6096E7AA60E96083
:10CA2000EDE700BF400002402800024058000240ED
:10CA300008540258945402581C54025800285FD0DD
:10CA400038B590F835200346022A55D10168444A8A
:10CA5000914248D01832914245D03032414C424840
:10CA6000A14218BF914204F148040CBF01220022E8
:10CA7000814208BF42F001023030A14208BF42F0BB
:10CA800001023034814208BF42F0010200F55C70BF
:10CA9000A14208BF42F0010204F55C74814208BF64
:10CAA00042F001023030A14208BF42F001023034AE
:10CAB000814208BF42F001023030A14208BF42F07B
:10CAC00001023034814208BF42F001023030A142FD
:10CAD00008BF42F00102814208BF42F0010212B9D0
:10CAE000224A91420ED10422002083F835200B689F
:10CAF00023F001030B6038BD802201205A6538BD48
:10CB0000012070470A681C6E22F00E02D86D9D6DE0
:10CB10000A6000F01F000A6822F001020A60012288
:10CB20002168824021F4807121606A60DA6ED3E965
:10CB30001910486032B11168D3E91C0421F48071E6
:10CB400011604460002401211A6D83F8344083F899
:10CB500035101AB118469047204638BD104638BDEA
:10CB6000100002404000024070000240B804024041
:10CB70002DE9F04300229C4B83B09C4E1D688146FA
:10CB8000019203689A4A846D934218BFB3422768A2
:10CB900008BF0126216818BF002645D018329548E5
:10CBA000834218BF934200F118000CBF01220022FB
:10CBB000834208BF42F001021830834208BF42F0AE
:10CBC00001021830834208BF42F00102183083424C
:10CBD00008BF42F0010200F55670834208BF42F0E0
:10CBE00001021830834208BF42F00102183083422C
:10CBF00008BF42F001021830834208BF42F0010230
:10CC00001830834208BF42F001021830834208BF47
:10CC100042F001021830834208BF42F001021AB903
:10CC2000754A934240F05082D9F85C10082201F016
:10CC30001F0C02FA0CF2174240F0888127FA0CF21E
:10CC4000D2070CD55A69100609D5012202FA0CF256
:10CC5000A260D9F8542042F00202C9F854204FF0E3
:10CC6000040E0EFA0CF038425BD0002E4FD1634A0E
:10CC7000DFF88081434518BF934208F118080CBFC4
:10CC800001220022434508BF42F0010208F11808C2
:10CC9000434508BF42F0010208F11808434508BFA8
:10CCA00042F0010208F11808434508BF42F00102B2
:10CCB00008F55678434508BF42F0010208F118080C
:10CCC000434508BF42F0010208F11808434508BF78
:10CCD00042F0010208F11808434508BF42F0010282
:10CCE00008F11808434508BF42F0010208F118088E
:10CCF000434508BF42F0010208F11808434508BF48
:10CD000042F001021AB93C4A934240F019821A6873
:10CD1000920706D5A060D9F8542042F00402C9F861
:10CD20005420102202FA0CFC1CEA070F6CD0002ED3
:10CD300045D1324A2F4EB34218BF934206F118062E
:10CD40000CBF01220022B34208BF42F00102183694
:10CD5000B34208BF42F001021836B34208BF42F0A6
:10CD600001021836B34208BF42F0010206F55676BA
:10CD7000B34208BF42F001021836B34208BF42F086
:10CD800001021836B34208BF42F001021836B3421E
:10CD900008BF42F001021836B34208BF42F0010258
:10CDA0001836B34208BF42F001021836B34208BF3A
:10CDB00042F001021AB9104A934240F0C9811A6840
:10CDC000100721D5C4F808C01A68560300F14C8139
:10CDD0001A68D20503D41A6822F008021A60D9F83A
:10CDE00040308BB10CE000BF400400241000024032
:10CDF0002800024058000240B804024040000240AF
:10CE000048469847D9F85C1001F01F0120268E4053
:10CE10003E4268D0D9F80020A54BA64FBA4218BFB1
:10CE20009A4207F118070CBF01230023BA4208BF3A
:10CE300043F001031837BA4208BF43F00103183723
:10CE4000BA4208BF43F001031837BA4208BF43F0A3
:10CE500001031837BA4208BF43F001031837BA423A
:10CE600008BF43F0010307F55677BA4208BF43F005
:10CE700001031837BA4208BF43F001031837BA421A
:10CE800008BF43F001031837BA4208BF43F001035B
:10CE90001837BA4208BF43F001031837BA4208BF37
:10CEA00043F001031837BA4208BF43F001031BB92E
:10CEB000814B9A4240F062811368DB0613D5A6606D
:10CEC00099F83530042B136800F0AE8013F4802FEE
:10CED000136800F0D3801C0340F1DE80D9F83C30A9
:10CEE0000BB148469847D9F85430002B00F0B98070
:10CEF000D9F85430D8071FD5D9F80020042189F873
:10CF00003510136823F0010313606C4BA3FB053548
:10CF1000AD0A02E01368D90704D5019B0133AB4287
:10CF20000193F7D9002389F834301368DB074CBF2D
:10CF30000323012389F83530D9F84C30002B00F059
:10CF40009080484603B0BDE8F04318471868400792
:10CF50000AD5186820F004001860A260D9F854209F
:10CF600042F00102C9F8542027FA0CF2D2077FF5EB
:10CF700076AE534A5348834218BF934200F13000C3
:10CF80000CBF01220022834208BF42F00102183088
:10CF9000834208BF42F001021830834208BF42F0CA
:10CFA00001021830834208BF42F0010200F55670BA
:10CFB000834208BF42F001021830834208BF42F0AA
:10CFC00001021830834208BF42F001021830834248
:10CFD00008BF42F001021830834208BF42F001024C
:10CFE0001830834208BF42F001021830834208BF64
:10CFF00042F001021830834208BF42F00102002AC9
:10D000007FF420AE002E7FF41DAE1A68042202FACF
:10D010000CF23A4240F09480102202FA0CFC17EA1B
:10D020000C0F3FF4F1AE84E623F01603136053694E
:10D0300023F080035361D9F840309BB3136823F089
:10D04000080313603F230025012203FA01F1D9F8F8
:10D050005030A16089F8345089F83520002B7FF4D6
:10D0600070AF03B0BDE8F0831B6818037FF5B7AE5F
:10D07000D9F84830002B7FF4C3AEC5E613F48073B3
:10D080007FF42CAF116821F010011160012289F8A2
:10D09000343089F8352021E7D9F84430002B7FF46B
:10D0A00020AF20E7D9F84830002BC7D1CAE700BF2E
:10D0B0001000024028000240B8040240B5814E1B17
:10D0C00058000240400002404E4A4F4DAB4218BF4C
:10D0D000934205F114050CBF01220022AB4208BFA8
:10D0E00042F001021435AB4208BF42F00102143590
:10D0F000AB4208BF42F001021435AB4208BF42F018
:10D1000001021435AB4208BF42F0010212B93F4A96
:10D110009342A6D1D9F85C5004261A6805F01F0581
:10D12000AE400E4219D0570717D5100466604BD594
:10D13000D1034FD4D9F84830002B7FF402AF90E7E9
:10D140001A68102202FA0CFC17EA0C0F3FF45CAECE
:10D150001A6852077FF558AE34E60226AE400E42FA
:10D1600011D097070FD56660140439D5D00343D486
:10D17000D9F84430002B7FF4E4AE72E713689F07C0
:10D180007FF5B1AE9BE60826AE400E423FF469AF94
:10D1900011077FF566AF1A68002122F00E021A60AF
:10D1A0000123D9F84C2003FA05F56560C9F854301D
:10D1B00089F8341089F83530002A3FF452AF4846D8
:10D1C00003B0BDE8F0431047920603D41A6822F07A
:10D1D00004021A60D9F84030002B7FF4B2AE40E769
:10D1E00012F0200208D11968012421F00A01196007
:10D1F00089F8342089F83540D9F83C30002B7FF489
:10D20000A0AE2EE7085402581C54025894540258F9
:10D21000406D70472DE9F04F0D6883B0002D00F090
:10D22000D5800023DFF8688201229A4012EA050CBB
:10D2300000F0C7804E6826F01009B9F1020F40F0E7
:10D24000C88003F007044FEAD30E4FF00F0A4FEAED
:10D25000840900EB8E0E0AFA09FADEF8204024EA6F
:10D260000A0A0C6904FA09F406F0030944EA0A04FC
:10D27000CEF820404FEA430E0324D0F800A009FA6C
:10D280000EF904FA0EF42AEA040AE44349EA0A0908
:10D29000C0F80090D0F808A0CF6804EA0A0A07FA9C
:10D2A0000EF949EA0A09C0F80890C6F30019D0F847
:10D2B00004A009FA03F92AEA020249EA02024260DA
:10D2C000C268F70004EA02048A6802FA0EF242EA2F
:10D2D0000402C26075D5644C23F0030E03F0030909
:10D2E000D4F8F420C6444FEA890942F00202C4F897
:10D2F000F420D4F8F42002F002020192019A0F22E5
:10D30000DEF8084002FA09F224EA0202574CA04271
:10D3100025D004F58064A0427BD0554CA0427ED03D
:10D32000544CA0426FD0544CA04200F08480534C27
:10D33000A04200F08680524CA04276D0514CA042D0
:10D3400000F08580504CA04200F087804F4CA042F6
:10D350000CBF09240A2404FA09F942EA0902CEF8AA
:10D3600008204FF0B0426FEA0C0EF403D2F8802090
:10D370004FF0B04454BF0EEA02024CEA0202C4F875
:10D380008020B203D4F884404FF0B04254BF0EEA7C
:10D3900004044CEA0404F702C2F8844014684FF015
:10D3A000B04254BF0EEA04044CEA04041460B40210
:10D3B00052684FF0B04454BF0EEA02024CEA020237
:10D3C0006260013335FA03F27FF42EAF03B0BDE89B
:10D3D000F08F4FEA430E0324D0F800B006F0030AA2
:10D3E00004FA0EF409F1FF390AFA0EFA2BEA040BDB
:10D3F000B9F1010F6FEA04044AEA0B0AC0F800A071
:10D400003FF65EAF46E7032404FA09F942EA09024F
:10D41000A5E7012404FA09F942EA09029FE7022478
:10D4200004FA09F942EA090299E7062404FA09F91B
:10D4300042EA090293E7042404FA09F942EA0902DC
:10D440008DE7052404FA09F942EA090287E707246F
:10D4500004FA09F942EA090281E7082404FA09F901
:10D4600042EA09027BE700BF00440258000002586C
:10D4700000080258000C025800100258001402580C
:10D4800000180258001C02580020025800240258BC
:10D4900000040058002900F0A88000232DE9F04F77
:10D4A000DFF8689183B0DFF86881DFF868A1DFF802
:10D4B00068B14FF0010E0EFA03F212EA010C6FD0C0
:10D4C00023F0030503F003040F2640454D444FEAC3
:10D4D000C404AF6806FA04F607EA0607019721D0EC
:10D4E000504566D0584567D0434FB8426ED0434F41
:10D4F000B84270D0424FB84263D0424FB84256D083
:10D50000414FB84272D0DFF814E1704568D0DFF8BF
:10D5100010E1704514BF4FF00A0E4FF0090E0EFADD
:10D5200004F400E00024019FA74219D1AC6824EA6A
:10D5300006064FF0B044AE60D4F8805025EA0C05E2
:10D54000C4F88050D4F8845025EA0C05C4F88450FF
:10D55000256825EA0C052560656825EA0C056560E7
:10D5600003255C0003F007070F2605FA04F405689D
:10D57000BF00254306FA07F70560DD0800EB8505C7
:10D580002E6A26EA07062E62856825EA040585606C
:10D59000456825EA02024260C26822EA0404C460C7
:10D5A000013331FA03F284D103B0BDE8F08F4FF0BC
:10D5B000060E0EFA04F4B6E74FF0020E0EFA04F46B
:10D5C000B1E74FF0050E0EFA04F4ACE74FF0030E8E
:10D5D0000EFA04F4A7E74FF0040E0EFA04F4A2E7E3
:10D5E0004FF0080E0EFA04F49DE770474FF0070E57
:10D5F0000EFA04F497E700BF000C0258001002581E
:10D600000014025800180258001C02580004005868
:10D610000000025800040258000802580020025876
:10D62000002402580369194214BF012000207047EA
:10D6300002B90904816170472DE9F04F056885B092
:10D640000446284608F0AAFA012802D005B0BDE831
:10D65000F08F206808F052FA0028F7D0206808F010
:10D660004DFA10F4001F206802D04FF400134361FC
:10D6700008F044FA10F4801F206802D04FF48013A1
:10D68000436108F03BFA10F0806F206802D04FF041
:10D690008063436108F032FA10F0020F20682FD146
:10D6A00008F02CFA870000F11381206808F026FAB0
:10D6B000C60100F1CF80206808F020FA000700F1D1
:10D6C000BE80206808F01AFA10F0007F20681AD196
:10D6D00008F014FAC306B9D52568AB6923F0100326
:10D6E000AB612E6AC6F34341C6F30A17022902D181
:10D6F000002F40F0C681AB6943F01003AB61A5E792
:10D7000002234361CCE708F0B7FAD4F808E080467A
:10D710002068BEF1000F00F0998005F5A065002695
:10D720004FF0280B4FF0020A4AE000F5A0694A01C9
:10D7300009EB4117BB685B075DD50423BB60FB6841
:10D7400043F00203FB60BB68980500F1FD80BB68F5
:10D75000DB0740F1CF80236953B101EB81003B69C6
:10D7600004EBC000C3F3120C836CA3EB0C03C36483
:10D770008B004FF0010C4FF0000E581804EBC00066
:10D78000C0F858E080F85DC0C7F808C090F83FE0E6
:10D790001EF0FD0F00F06481BEF1030F00F0408227
:10D7A0000B4404EBC30393F8502082F0010283F88A
:10D7B0005020D4F808E0206801362035764545D25F
:10D7C00006F00F0328FA03F3D907F5D52B68F1B259
:10D7D0001A04AAD400F5A0624FEA411C02EB4117DB
:10D7E000BB6813F004090DD00423BB60FB6843F051
:10D7F0000203FB60E0E7BB689B0640F1B380202397
:10D80000BB60A0E7BB6813F0200300F0CA8001EB07
:10D810008103202204EBC303BA6093F83D20012A60
:10D82000CAD183F83D9083F85CA0FB6843F0020303
:10D83000FB6008F025FAD4F808E02068BCE7204631
:10D84000FDF7F0FB2068082343613BE74FF00073CE
:10D8500043613DE72668D6F840340293D6F8403459
:10D860000393039B23F02E030393029B980707D592
:10D87000029BD90700F16381039B43F002030393EA
:10D88000029B1A0718D5039B43F008030393029BDE
:10D890005B0740F15C81A169022900F09A81E3688D
:10D8A000012B03D14EF66022C6F804242046FDF772
:10D8B000C7FB2046FDF7BAFB2068029B9F0603D5F5
:10D8C000039B43F020030393039BC6F84034F3E625
:10D8D000D5F84034204623F02E03C5F84034FDF738
:10D8E000A9FB0121206808F0A5F920684FF000533A
:10D8F0004361DBE6BB68980740F18E80FB6801EB73
:10D90000810C23F0020304EBCC0CFB608B009CF831
:10D910005D00012800F0B280052800F0AF800628E5
:10D9200000F0A381082800F0A081032800F0DC812A
:10D930009CF85C000246C7F808A02046FDF77EFB75
:10D94000D4F808E0206837E7FB68206843F002035A
:10D95000FB6008F095F94FF400732068BB60D4F8C1
:10D9600008E029E7BB681B0700F1BB80BB685B05CB
:10D970007FF5E9AEFB68019243F002030091FB6082
:10D9800008F07EF900991020019A01EB8103B8603C
:10D99000082004EBC30383F85D004FF48063BB6091
:10D9A000D1E6D7F8089019F0400F40F0B180BB687D
:10D9B00013F4007340F02F81D7F8089019F0010F8D
:10D9C00040F03F81BB6813F0080340F06881D7F84E
:10D9D000089019F0100F00F0C98001EB810204EBF0
:10D9E000C2029365032382F85D3092F83D303BB963
:10D9F0000BFB014393F83C2012B9012283F83D2030
:10DA0000FB6843F00203FB6008F03AF9102320683A
:10DA1000BB60D4F808E0CFE6BB6813F0800340F0A9
:10DA2000E380BA68D20640F1D08001EB810004EBBC
:10DA3000C00090F83F20032A00F04B8112F0FD0255
:10DA4000E4D123698265002BE0D10BFB0143032263
:10DA500083F85D20FB68206843F00203FB60D3E796
:10DA6000FA68206842F0020201930091FA6008F01F
:10DA700007F91022DDE90013BA6091E68CF85C002A
:10DA800058E706F00F0606EB860804EBC808D8F83E
:10DA9000441000293FF42FAE284605F5A0653A460C
:10DAA00007F08EFFD8F8443005EB46123B4411696D
:10DAB000D8F84C20C8F8443073013A44C8F84C20D8
:10DAC000BC4A0A405AB1EA5822F0804242F0004271
:10DAD000EA5098F8503083F0010388F850302568F8
:10DAE00009E6FB684FF0050C019243F00203009138
:10DAF000FB6001EB810304EBC30383F85DC01023DB
:10DB0000BB600823BB6008F0BBF8DDE900121AE631
:10DB100001EB810204EBC2029365042382F85D30BD
:10DB2000012382F83D30FB6843F00203FB6008F0FC
:10DB3000A7F840232068BB60D4F808E03CE6B3694E
:10DB4000204623F00053B361FDF770FA94E62046B7
:10DB5000FDF77AFAD6F84034206823F02E03C6F891
:10DB60004034836943F000538361A6E6BB681B061B
:10DB700000F1C880BB685B0500F1D780BB689B07DC
:10DB80007FF51AAEFB680BFB014023F00203FB603C
:10DB900090F85D30012B00F0E180032B00F0DB807A
:10DBA000042B00F0D880052B00F0FC80062B00F041
:10DBB000E480082B00F0E1800BFB01432046C7F80E
:10DBC00008A093F85C20FDF739FAD4F808E0206843
:10DBD000F2E5029B206803F4C023B3F5802F18BF41
:10DBE000012108F027F861E6FB6801EB810243F0B0
:10DBF000020304EBC202FB60936D013393650623BD
:10DC000082F85D30206808F03BF880232068BB6014
:10DC1000D4F808E0D0E5FB6843F00203FB6098E627
:10DC200052F80970019347F00057009142F80970CB
:10DC3000624680F85CC02046FDF700FADDE900137B
:10DC4000AEE5FA6801EB810942F0020204EBC90972
:10DC5000C9F85830FA6008F013F80123BB6089F85E
:10DC60005D30D4F808E02068A6E503EB010C04EB76
:10DC7000CC0CDCF858000130032825D8CCF858002B
:10DC800002200B4404EBC30383F85C0052F8093014
:10DC900023F0804343F0004342F809304AE608236A
:10DCA0000091BB60FB6843F00203FB6007F0E8FFF4
:10DCB0000099052201EB810104EBC10383F85D208B
:10DCC000D4F808E0206877E50020CCF8580004205C
:10DCD000D7E7FA680BFB014042F002028365206837
:10DCE000FA6007F0CDFF91E60BFB0143022083F8B9
:10DCF0005CA052F8093023F0804343F0004342F81F
:10DD0000093017E6FB68009143F00203FB6007F05F
:10DD1000B7FF009906230BFB014181F85D3080239A
:10DD20002068BB60D4F808E046E5FB68009143F04A
:10DD30000203FB6007F0A4FF10230099BB604FF4BF
:10DD400080630BFB0141BB60082381F85D30D4F890
:10DD500008E0206830E580F85CA02DE780F85C30B2
:10DD600090F83F30023B012B3FF626AF90F8513040
:10DD700083F0010380F851301EE70BFB0140836DF7
:10DD80000133032B11D8836502230BFB014080F87C
:10DD90005C3052F80C3023F0804343F0004342F8EB
:10DDA0000C3009E780F85C3006E700238365042324
:10DDB000EBE700BF0000F81F90F8B832012B0CD041
:10DDC000012310B50446006884F8B83207F0B8FFA4
:10DDD0000023184684F8B83210BD0220704700BFF7
:10DDE000F8B505460E461746701C2C682CD1A36961
:10DDF000990727D4A369DA06F9D5A3699A06FCD551
:10DE000020231022E261E361A3699F0701D500236B
:10DE1000A362A369DE0703D4A36943F00103A361EE
:10DE2000636800221B4820210340012063606B6C63
:10DE300085F8402043F004036B6485F8411085F8B1
:10DE40004220F8BD0020F8BDA3699B07FAD4A3695E
:10DE5000D9061BD4FDF726FAC01BB04201D8002E0C
:10DE6000C2D16B6C2021002201200B4385F8402099
:10DE70006B6485F8411085F84220F8BDFDF712FA71
:10DE8000C01B8642EDD3002EEBD02C68A3699B0605
:10DE9000F4D5B5E700E800FEF8B505460E4617468E
:10DEA0002C68A3699B0649D4A369DA0626D5731C9E
:10DEB00038D1A3699E06FCD520231022E261E361DC
:10DEC000A369990701D50023A362A369DA0703D4E4
:10DED000A36943F00103A36163680022184820216D
:10DEE0000340012063606B6C85F8402043F004031D
:10DEF0006B6485F8411085F84220F8BDFDF7D2F932
:10DF0000C01BB04201D8002ECAD16B6C2021002268
:10DF100001200B4385F840206B6485F8411085F89B
:10DF20004220F8BDA3699806C6D4FDF7BBF9C01B13
:10DF30008642EAD3002EE8D02C68B8E70020F8BD6E
:10DF400000E800FE00284ED010B590F8413004469D
:10DF500003F0FF02002B41D023682421626884F87B
:10DF60004110196822F07062E06821F00101012877
:10DF700019601A619A6822F400429A60A26829D056
:10DF800042F4044202289A6002D14FF400625A60BF
:10DF900058684FF0200C1549226901435960D9682F
:10DFA00021F40041D960D4E90501024342EA01228B
:10DFB000D4E90710DA60002201431046196019689D
:10DFC00041F001011960626484F841C0226384F861
:10DFD000422010BD42F400429A60D9E780F8402008
:10DFE000F9F7F8FAB8E70120704700BF0080000297
:10DFF0002DE9F047984690F84130089E202B40F0DC
:10E00000878090F840300446012B00F08180012386
:10E010008946174680F84030FDF744F9054604E08C
:10E02000FDF740F9401B192875D82368986910F44A
:10E030000040F5D1212267626063C9F3090784F8C3
:10E040004120102284F842206064A4F82A80628D66
:10E0500092B2FF2A6DD8628D494892B2D1B2228520
:10E060005A6802403A4342EA014246491143596024
:10E07000DFF81C814FF0FF0ADFF81891638D2A4604
:10E08000314620469BB2002B30D0FFF7A9FE002876
:10E0900073D1606A216810F8012B238D8A62628D2A
:10E0A000013B6062013A9BB292B223856285628D28
:10E0B00092B2002BE2D1002AE0D0701C43D18B69D0
:10E0C0001A06FCD5638D9BB2FF2B48D94B682A46B4
:10E0D000A4F828A0204603EA08033B4343EA0903C7
:10E0E0004B603146638D9BB2002BCED1FFF7D4FE3F
:10E0F000002842D123682021234DD9615A682A4043
:10E100005A6084F8411084F8400084F8420000E02E
:10E110000220BDE8F087636C2021002201200B4320
:10E1200084F84020636484F8411084F84220BDE8FC
:10E13000F0875A6812490A4014493A431143FF22B2
:10E140002285596094E78B691B06BBD4FDF7AAF8BA
:10E15000401B8642DFD3002EDDD02168ADE7638D02
:10E160009BB2DAB223854B6803EA080343EA024311
:10E170003B4343F000734B6080E70120BDE8F0872C
:10E18000009800FC0020008200E800FE0020FF81D3
:10E19000009C00FC0000FF012DE9F0471F4690F8AD
:10E1A0004130202B40F08E8004460D46002900F0BF
:10E1B0008380B2FA82F916464FEA5919002A7BD0B9
:10E1C0005FFA83FA90F84030012B7BD0012380F86E
:10E1D0004030FDF767F8212365628046256884F8A2
:10E1E000413084F842A0C4F8449066856B68C4F856
:10E1F000349023F400436B607B1C66D1AE69360714
:10E20000FCD50823EB61E368022B06D0AE69F60368
:10E2100028D4AE69F603F9D524E0AB691907FCD51B
:10E220000823EB617B1CF1D0AB69DD031AD4FDF749
:10E2300039F8A0EB0800874253D3002F51D025684E
:10E24000F0E7424639462046FFF7CAFD00285BD179
:10E25000636A226813F8011B9162658D6362013D58
:10E26000ADB26585638D9BB2002BEAD1424639463B
:10E270002046FFF711FE00284DD02268536843F472
:10E2800000435360636C042B54D100236364202348
:10E29000D361781C41D193691904FCD451680023DF
:10E2A000202041F40041516084F84100184684F870
:10E2B000423084F8403003E04FF40073012063647F
:10E2C000BDE8F0870220BDE8F087AB69180733D4BA
:10E2D000FCF7E8FFA0EB0800874202D30FB12568E6
:10E2E0008AE7636C202000212268034384F84010F1
:10E2F000636484F84100012084F84210536843F4B9
:10E3000000435360BDE8F08722680120536843F45E
:10E3100000435360D4E72268B9E793691B04BDD575
:10E32000FCF7C0FFA0EB08008742DAD3002FD8D05B
:10E330002268AEE70120C3E70823EB61E368022B04
:10E340007FF470AF08E0FCF7ADFFA0EB0800874258
:10E35000C7D3002FC5D02568AB691A07F3D55FE78F
:10E360000268436B9169126803B11847704700BF98
:10E3700090F84100704700BF90F84120202A23D137
:10E380005FFA82FC90F840200346012A1CD0026804
:10E39000242000B583F841004FF0000E106820F0F3
:10E3A00001001060106820F4805010601068014374
:10E3B00070461160116841F00101116083F841C09D
:10E3C00083F840E05DF804FB0220704790F841209C
:10E3D000202A22D1034600B55FFA82FE90F8402041
:10E3E000012A1CD0026824204FF0000C83F8410061
:10E3F000106820F001001060106820F4706040EA9E
:10E40000012160461160116841F00101116083F83B
:10E4100041E083F840C05DF804FB02207047022011
:10E420005DF804FBF0B58BB0002800F0888090F810
:10E43000BD330546046803F0FF02002B79D0204667
:10E4400003232E462F1D85F8BD33E36B6C4613F472
:10E45000807308BF2B6106F0EFFE56F810EBB44650
:10E46000BCE80F000FC4BCE80F000FC49CE8030019
:10E4700084E80300704697E80E0006F0C1FD0446EC
:10E4800030B101240223204685F8BD330BB0F0BD26
:10E490000146286806F0D8FE686858B322464FF057
:10E4A000010E2146C2EBC20302F1010C05EB83030E
:10E4B00083F83C20A3F842205FFA8CF283F83DE019
:10E4C000824283F83F101965C3E91111EAD3002293
:10E4D000C4EBC403611C05EB830383F8FC41CCB29D
:10E4E00083F8FD21844283F8FF21C3F81022C3E999
:10E4F0008122EDD36C460FCE0FC40FCE0FC496E829
:10E50000030084E8030097E80E00286806F0B4FED4
:10E5100004460028B5D101226B6A85F83800934281
:10E5200085F8BD230FD0286807F0DAFA20460BB033
:10E53000F0BD80F8BC23FCF779FB286880E7012454
:10E5400020460BB0F0BD284600F006FDEBE700BF0B
:10E5500010B590F8BC3304460068012B17D0012297
:10E56000A36A934284F8BC2309D007F0ABFA206871
:10E5700006F05AFE0023184684F8BC3310BDA36988
:10E580009342F2D0836B43F480338363EDE7022040
:10E5900010BD00BF2DE9F04F076889B0044638462A
:10E5A00007F0FCFA10B109B0BDE8F08F8246206890
:10E5B00007F0A4FA0028F6D0206807F09FFA10F0C0
:10E5C000020F206803D0436903F00203436107F0A0
:10E5D00095FA10F4002B206840F0508107F08EFA75
:10E5E00010F4802F206840F0EB8007F087FA0028B5
:10E5F00074DB206807F082FA000564D4206807F015
:10E600007DFA020114D52268536903F00063536157
:10E6100094F8F433002B40F095810121204684F8D2
:10E62000F413536DC3F38303C4F8F83300F0ACFC68
:10E63000206807F063FAC3047BD4206807F05EFA11
:10E6400010F4005F20685DD107F058FA10F0100F49
:10E65000206812D0836923F0100383613D6AC5F3FB
:10E66000434305F00F06022B00F03182062B00F029
:10E670007F81836943F01003836107F03FFA070746
:10E6800000F15781206807F039FAC60200F146818F
:10E69000206807F033FA850200F13581206807F021
:10E6A0002DFA400000F12681206807F027FA410783
:10E6B0007FF579AF23685D686A0700F129825A689F
:10E6C0002A435A606FE7D7F80838D90700F11C824F
:10E6D0002068436903F40063436190E7D7F8043886
:10E6E00023F00103C7F8043894F8F433012B00F049
:10E6F00038812046FCF784FB2068436903F000431F
:10E70000436177E707F04EFA206806F0D5FE2568EA
:10E71000E06001F06DFD227B0146284606F002FD17
:10E720002046FCF743FB2068436903F40053436130
:10E730008AE7D7F804381021206807F5006523F030
:10E7400001036B6006F09EFE6068B0B107F51063D0
:10E750004FF67F3199600AF1010A1A682033824529
:10E7600022F4001243F8202CC3F8E811D3F8E0217A
:10E7700022F40012C3F8E021ECD1EB6943F001135D
:10E78000EB61236B002B40F0E1806A6942F22B03BE
:10E7900013436B612B6943F00B032B61D7F80038EF
:10E7A00004F57172217C23F4FE632068C7F80038F9
:10E7B00007F014FA2068436903F4805343613DE78E
:10E7C00007F0B4F980462068B8F1000F00F0E5804A
:10E7D000264607F510694FF0000BCDE9037A09E0F2
:10E7E0005FEA58080BF1010B06F11C0609F120093C
:10E7F00000F0D58018F0010FF2D05FFA8BF73946A0
:10E8000007F0B0F9C30705461FD50BF00F030399B6
:10E8100001229A40D1F8343823EA0203C1F834388F
:10E820000123C9F808302369012B03D1D6E911234C
:10E830001344B36439462046FCF7AAFA2369012B36
:10E8400003D1BBF1000F00F0AC81280702D50823EB
:10E85000C9F80830E90602D51023C9F808306A065D
:10E8600002D54023C9F80830AB0702D50223C9F806
:10E8700008302D0600F1C6802068B1E707F048F99E
:10E8800005462068002D00F0868007F53066A14619
:10E890004FF0000B049707E06D080BF1010B06F138
:10E8A000200609F11C097DD0EB07F5D55FFA8BF145
:10E8B000039107F049F910F0010F8046039973D1D5
:10E8C00018F0080F40F0F280206818F0100F01D007
:10E8D0001023B36018F0200F05D02169012900F042
:10E8E0005A812023B36018F4005FD5D04FF4005351
:10E8F000B360D1E72046FCF78FFA2068436903F044
:10E9000080434361D1E620465FFA8BF1FCF77CFA45
:10E910002068436903F400134361C0E620465FFAB0
:10E920008BF1FCF775FA2068436903F480134361A7
:10E93000AFE62046FCF736FA2068436903F0080387
:10E940004361A0E62046FCF743FA71E6D5F884302F
:10E9500043F00B03C5F884306B6C43F00B036B641E
:10E960001CE70021204684F8F41300F00DFBC3E6F9
:10E97000C6EBC606082204F57171384607F020F888
:10E98000C5F30A1304EB86022068D2F814120B4474
:10E99000C2F814326DE6AB4620E6C34625E6DDE953
:10E9A000037A22E6049F19E6206801232769B360F1
:10E9B00000F53063012FD0F840E003EB4B139A6869
:10E9C00000F0C580984FBE4540F0BD80170440F16F
:10E9D000B6804FF4004218F0080F9A603FF475AF0C
:10E9E000026C986890498A4200F097802046039212
:10E9F000FCF7BEF98D4B039A9A4200F296800823E9
:10EA0000B36061E7D6E91453D4F800A0AB42504696
:10EA10003FF6E6AE0AF51062716CCDF81CA002EB71
:10EA20004B120592EA1A8A4228BF0A46059989695B
:10EA3000033289B2B1EB920FC0F0A980CDF81890E3
:10EA4000C146A046059C1AE0736C3A46B16C50462C
:10EA50009D4228BF1D4698F810300093ABB206F0D7
:10EA600099FFB36CA1692B4489B2B364736D2B44D5
:10EA70000335B1EB950F7365C0F08180356D9D4214
:10EA8000A5EB0305E0D84446C846DDF81890D4F855
:10EA900000A0079B0122504603F500610BF00F0315
:10EAA0009A404B6B23EA02034B6399E62268216983
:10EAB00002F53063126C012903EB4B13986891D176
:10EAC0005A498A4229D82046FCF752F997E747F677
:10EAD000F0731D423FF4CDADC6EBC606C5F30A1276
:10EAE000384604EB86061546D6F8081206F068FF8D
:10EAF000D6F8083220682B44C6F80832D6F814320B
:10EB00002B44C6F81432B4E52046FCF761F9DFE582
:10EB10002046FCF785F92368D1E5020402D54FF4BD
:10EB200000429A602046FCF723F9216901297FF40D
:10EB300066AF04F57172206807F050F85FE7900641
:10EB400001D520229A602046FCF718F9B8E617078D
:10EB500032D536498E4504D9120402D54FF400420D
:10EB60009A6020460393FCF703F904F571720121C2
:10EB7000206807F033F80822039B9A60A0E6444619
:10EB8000356DC846DDF81890D4F800A050469D4277
:10EB90003FF626AE7DE704F5717207F01FF8206896
:10EBA0009FE6236D002B7FF450AE04F571720121B6
:10EBB000206807F013F848E6970608D520229A60E7
:10EBC00018F0080F3FF481AE026C986878E712F0F5
:10EBD000280FF5D1154FBE4505D9120403D54FF4C2
:10EBE00000429A60ECE71B692046D9F80422C3F37F
:10EBF0001203D31AC9F81432D9F808321344C9F8E9
:10EC00000832FCF7BBF8BBF1000F7FF459AED4F823
:10EC10001032002B7FF454AE04F57172012120688C
:10EC200006F0DCFF4CE600BF0A31544F0A30544F67
:10EC300090F8BC23012A0ED0012210B504460068CA
:10EC400084F8381084F8BC2306F02AFF0023184605
:10EC500084F8BC3310BD0220704700BF10B501F02E
:10EC60000F0E0906044627D44FF01C0C0CFB0E0CAB
:10EC70000CF5FE71CEEBCE0C00EB8C0C00208CF86A
:10EC8000FD018A604A7881F800E0CB700AB1A1F8F2
:10EC900006E0022B01D100230B7194F8BC33012B49
:10ECA00018D00123206884F8BC3306F017FC002339
:10ECB000184684F8BC3310BD1C204FF0010C00FB3B
:10ECC0000E4000F13C01CEEBCE0004EB800080F85A
:10ECD0003DC0D6E7022010BD11F0800F01F00F03F8
:10ECE0004FF01C0110B504461AD101FB0341C3EBE0
:10ECF000C302002001F5FE7104EB820282F8FD01DF
:10ED00000B7094F8BC33012B19D00123206884F8D0
:10ED1000BC3306F02BFC0023184684F8BC3310BD2E
:10ED200001FB0341C3EBC302012004EB82023C312F
:10ED300082F83D000B7094F8BC33012BE5D1022022
:10ED400010BD00BF10B501F00F041C21C4EBC40CB2
:10ED500001FB040100EB8C0C01F5FE71CCF81032C4
:10ED60000023CCF808228CF8FC41CCF814328CF843
:10ED7000FD3103690068012B08BFCCF80C22DAB220
:10ED80001CB906F04DFD002010BD06F031FC00203E
:10ED900010BD00BF01F00F01C1EBC10100EB81010B
:10EDA000D1F81402704700BF10B501F00F041C2108
:10EDB000C4EBC40C01FB040100EB8C0C3C31CCF81F
:10EDC00050300023CCF84820CCF8543001238CF884
:10EDD0003C408CF83D3003690068012B08BFCCF83B
:10EDE0004C20DAB21CB906F01BFD002010BD06F065
:10EDF000FFFB002010BD00BF38B5436801F00F05D0
:10EE00009D4234D80B0604461DD41C22C1EBC1031D
:10EE100002FB010100EB8303002201F5FE7183F880
:10EE2000FD2101230D708B7094F8BC239A421CD0F5
:10EE3000206884F8BC3306F0D3FDD5B10023184612
:10EE400084F8BC3338BD1C21C5EBC503012201FB8E
:10EE5000050100EB83033C3183F83D2001230D7055
:10EE60008B7094F8BC239A42E2D1022038BD012075
:10EE700038BD04F57172217C206806F0AFFEDDE735
:10EE8000426838B501F00F03934232D811F0800F79
:10EE900004464FF01C01C3EBC30219D101FB03412F
:10EEA000002004EB8202002501F5FE7182F8FD01CD
:10EEB0000B708D7094F8BC33012B18D0012320689F
:10EEC00084F8BC3306F0C0FD284684F8BC5338BD36
:10EED00001FB0341012004EB820200253C3182F852
:10EEE0003D000B708D7094F8BC33012BE6D10220ED
:10EEF00038BD012038BD00BF10B40468606A31B964
:10EF000040EA0240A06200205DF8044B7047A36A0B
:10EF1000B1F1010C00EB13400BD0002303F14001D1
:10EF2000013304EB8101DBB24968634500EB11401A
:10EF3000F4D30CF1400C40EA024004EB8C0C5DF879
:10EF4000044BCCF804000020704700BF03460020AB
:10EF50001B685962704700BF03464FF0000C094917
:10EF60001A68604610B4012483F8F4C3C3F8FC4364
:10EF700093695DF8044B43F000639361536D19434B
:10EF80005165704703000010704700BF38B5114B42
:10EF9000DA68520704D4DB6803F00703834214D114
:10EFA0000C4CE36823F007031843E060FCF77AF9A0
:10EFB000054605E0FCF776F9401BB0F57A7F06D8E8
:10EFC00063689B04F6D5002038BD012038BD0320BE
:10EFD00038BD00BF00480258024AD36843F080732E
:10EFE000D36070470048025870B44D6A15B1B2F151
:10EFF000406F3AD18B691BB30C6A002C4CD08E68E1
:10F000000068C661CE69002E69D02B4313432343A9
:10F01000CC6A334323430C6B23434C6B23430C696F
:10F020002343CC6823430C6823434C69B2F1406FFF
:10F0300043EA8443436165D04B6870BC8361704789
:10F040000B6ABBB100682B438C68CE69C461002E8B
:10F050006BD01343CC6A334323430C6B23434C6B79
:10F0600023430C692343CC68DEE78B6A0468013BC9
:10F070002361BFE7CB69002B66D1002D42D0CB6A5C
:10F080000C6B2B43006813434A6923434C6B2343A7
:10F0900043EA8243436135E0CC6945EA030C002C26
:10F0A00032D003684CEA0200B2F1406F40EA04003B
:10F0B000CC6A40EA04000C6B40EA04004C6B40EA66
:10F0C0000400CC6840EA04000C6840EA04004C6983
:10F0D00040EA8440586115D04A689A6112E045EAD6
:10F0E000030C0D694CEA0203CA6A23431343D1E9B6
:10F0F0000C4223430C6813434A692B43234343EADE
:10F100008243436170BC7047CC6A4CEA02030068DA
:10F110002343D1E90C4223430C6813434A69234338
:10F1200043EA824370BC43617047CC6A1343234374
:10F13000D1E90C4223431343D1E90442234343EA78
:10F14000824370BC436170472B43CD6A0C6B134301
:10F1500000682B4323434C6B84E700BF70B5044623
:10F16000FCF7A0F8002C54D094F84030012B52D07A
:10F170000123064684F8403094F8413003F0FF0242
:10F18000002B34D0A56C2268A1681368013923F4E0
:10F19000706343EA0123136001E06B1C31D1936873
:10F1A00013F02003F9D1E069E16815680143206A92
:10F1B0000143606841EA00611C48284001436069DE
:10F1C0001160A16955680143206941EA004118486E
:10F1D00028400125014318465160116829431160F8
:10F1E000636484F84150002384F8403070BD2046A9
:10F1F00084F84020F8F744FE41F288331D46A364AA
:10F20000C1E7FCF74FF8801BA84206D82DB1226851
:10F21000C5E7012070BD022070BD0423012084F8E1
:10F220004130636C03436364DDE700BF2FFFFF00E1
:10F23000FEF8E0FFC8B110B590F840300446012B4D
:10F2400011D00268012380F84030136823F00103D5
:10F250001360F8F7A3FE00236364184684F8413076
:10F2600084F8403010BD022010BD0120704700BF5F
:10F270002DE9F04104460E461546FCF713F894F8C4
:10F280004030012B3AD0012384F8403094F84130CB
:10F29000012BDFB206D002270023384684F8403025
:10F2A000BDE8F081002380466364022384F8413086
:10F2B000681C23680ED19A6812F02002FBD13146F7
:10F2C0002046FFF791FE736AE3B10123002784F81B
:10F2D0004130E1E79A6812F020021ED0FBF7E2FF0E
:10F2E000A0EB0800854201D3002DE1D1042384F86E
:10F2F0004130636C43F001036364CDE70227384675
:10F30000BDE8F081226893689B07FCD502210123A8
:10F310000027D16084F84130BEE731462046FFF730
:10F3200063FE736A43B1D0E7FBF7BCFFA0EB0800B4
:10F330008542DBD3002DD9D0226893689907F3D595
:10F34000E4E700BF2DE9F843044689461546FBF77C
:10F35000A9FF94F840302768012B67D0012384F877
:10F36000403094F84130012B5FFA83F807D04FF01A
:10F3700002080023404684F84030BDE8F8830023AB
:10F380006364B9F1000F56D01223064684F8413069
:10F390003B690133E3623B69C4F824900133A36203
:10F3A0007B6923F040637B61E36A002B31D06A1CE8
:10F3B000394611D18B685B07FCD5636A1B7887F8E7
:10F3C0002030E26A636A013A0133E262E26A636210
:10F3D000F2B16A1C2168EDD08B685807EDD4FBF7B9
:10F3E00061FF801B854201D3002DF2D1042384F8F4
:10F3F0004130636C43F00103636413E0BB689B0717
:10F400000CD4FBF74FFF801B8542EFD3002DEDD0CE
:10F410002768691CF2D1BB689A07FCD502234FF01C
:10F420000008FB60012384F84130A2E74FF0020896
:10F430004046BDE8F883636C43F00803636498E7D3
:10F440002DE9F843044615468946FBF72BFF27684C
:10F45000BA6994F84030012B6CD0012384F8403015
:10F4600094F84130012B5FFA83F807D04FF002087F
:10F470000023404684F84030BDE8F88300236364ED
:10F48000B9F1000F5BD02223064684F841303B6976
:10F490000133A3633B69C4F83090013363637B6934
:10F4A00023F0406343F080637B61BA61A36B002B60
:10F4B00033D0681C394612D18B6813F0060FFBD08D
:10F4C00097F82020236B1A70A26B236B013A01334B
:10F4D000A263A26B2363FAB1681C2168ECD08B682D
:10F4E00013F0060FECD1FBF7DDFE801B854201D344
:10F4F000002DF1D1042384F84130636C43F0010303
:10F50000636413E0BB689B070CD4FBF7CBFE801B46
:10F510008542EFD3002DEDD02768691CF2D1BB687E
:10F520009A07FCD502234FF00008FB60012384F802
:10F5300041309DE74FF002084046BDE8F883636C18
:10F5400043F00803636493E72DE9F84F04461F4630
:10F5500089469046FBF7A6FE94F84030012B52D026
:10F56000012384F8403094F84130012B5FFA83FB8B
:10F5700007D04FF0020B0023584684F84030BDE816
:10F58000F88F002382466364422384F841307A1C5A
:10F5900026682CD1B568AB06FCD4D8F800304946B3
:10F5A0002046B362D8F804307362D8F80830F362AA
:10F5B0003268D8F8103022F440021343D8F80C20F7
:10F5C00043F480033360C9F828204FF00062FFF74E
:10F5D0000BFD781C22681BD193681907FCD5082104
:10F5E00001234FF0000BD16084F84130C3E7B368CA
:10F5F0009D06D2D5FBF756FEA0EB0A00874212D338
:10F60000002FC4D10FE04FF0020B5846BDE8F88F31
:10F6100093681B07E3D4FBF745FEA0EB0A00874283
:10F6200001D3002FD5D1042384F84130636C43F01B
:10F63000010363649FE700BF2DE9F04704460F46CE
:10F640001646FBF72FFE94F84030012B45D00123DE
:10F6500084F8403094F84130012B5FFA83F907D0E9
:10F660004FF002090023484684F84030BDE8F08797
:10F6700000238046D4F848A06364822384F8413094
:10F68000BAF1FF3F256814D1AB689A06FCD42B6809
:10F69000726823F00803082A43EA02032B6021D092
:10F6A0004FF04062394620464FF00009FFF79CFCBE
:10F6B000D8E7AB689B06EAD5FBF7F4FDA0EB0800A2
:10F6C000824502D3BAF1000FDAD1042384F8413025
:10F6D000636C43F001036364C4E74FF002094846DA
:10F6E000BDE8F087326810232A63EB602B6843F48F
:10F6F00080132B60D4E700BF704700BF08B5006CD3
:10F7000000238363C36290F84130082B0BD1036858
:10F710000222DA601A6842F400321A601A6842F073
:10F7200002021A6008BD012380F84130FFF7E4FFB0
:10F7300008BD00BF704700BF704700BF704700BFE3
:10F74000704700BF704700BF704700BF704700BFE1
:10F7500038B5036804469A68196855070ED54803FA
:10F760000CD594F84120122A75D094F84120222A11
:10F7700000F0A1802046FFF7E5FF38BD950726D5AC
:10F78000880324D50222DA601A6822F4E0221A6083
:10F7900094F84120122A7AD094F84120222A00F0CD
:10F7A000A98094F84120022A00F0D08094F84120EA
:10F7B000082AE2D15A690121204622F040625A61AA
:10F7C00084F84110636C3BBBFFF7B4FF38BD1507ED
:10F7D00025D4D50735D5C80333D50125DD601A6892
:10F7E00022F470221A60626C42F0020262641A68AB
:10F7F000520779D51A68E06B22F004021A60574B61
:10F80000836507F0B1FD0028B7D0636C204643F054
:10F810000403636484F84150FFF76EFF38BD0803AA
:10F82000D7D50822DA601A68520206D51A68012173
:10F8300022F410221A6084F841102046FFF784FF5A
:10F8400038BDD00699D5CA0297D510222046DA6075
:10F85000FFF77CFF38BD9A6850078BD518460EE03D
:10F86000626A127883F82020E16A20680139626AAE
:10F87000E1620132816862624D077FF57BAFE26A27
:10F88000002AEDD1036823F48023036072E71A682D
:10F89000510709D51A68E16B22F0040209681A6061
:10F8A000CB6823F00103CB600123204684F841306C
:10F8B000FFF746FF38BD9A6852077FF55BAF1846E1
:10F8C0000EE093F82010226B1170A16B20680139B3
:10F8D000226BA16301328168226349077FF54AAF39
:10F8E000A26B002AEDD1CDE7204684F84150FFF706
:10F8F00003FF38BD1A6852071DD49A6812F47C5F62
:10F900000FD111E093F82010226B1170A16B2068C9
:10F910000139226BA16301328168226311F47C5F9B
:10F9200002D0A26B002AEDD10123204684F8413099
:10F93000FFF704FF38BD1A68E16B22F00402096882
:10F940001A60CB6823F00103CB60EDE7012320466A
:10F9500084F84130FFF7F0FE38BD00BFFDF6000827
:10F96000002800F0DE81F8B503680446D80730D5DA
:10F970009F490A69896A02F03802102A00F0008162
:10F98000182A00F0F8806368B3F5803F00F020810A
:10F99000002B00F05E81B3F5A02F954B1A6800F0A4
:10F9A0002F8222F480321A601A6822F480221A60B0
:10F9B000FBF778FC8E4E41F28837054605E0FBF7F1
:10F9C00071FC401BB84200F2428133689A03F6D5BD
:10F9D00023689D0700F18580D9062FD5844A1369D5
:10F9E000926A03F03803082B00F0DA80182B00F03D
:10F9F000D280E3697E4D002B00F065812B6843F0D7
:10FA000080032B60FBF74EFC064605E0FBF74AFC43
:10FA1000801B022800F21B812B68DB05F6D5FBF763
:10FA200059FC41F20303984200F20B826B68226A90
:10FA300023F0F84343EA82636B6023681D0716D501
:10FA400063696B4D002B00F01C816B6F43F0010369
:10FA50006B67FBF727FC064605E0FBF723FC801BE2
:10FA6000022800F2F4806B6F9807F6D523689A0697
:10FA700016D5A3695E4D002B00F014812B6843F46A
:10FA800080532B60FBF70EFC064605E0FBF70AFCF3
:10FA9000801B022800F2DB802B689F04F6D52368C8
:10FAA000590700F19B80636ACBB1514D2A6902F07E
:10FAB0003802182A6DD0022B2B6823F080732B603C
:10FAC00000F03981FBF7EEFB044605E0FBF7EAFBAB
:10FAD000001B022800F2BB802B689B01F6D400209B
:10FAE000F8BD434A1369926A13F0380329D1404B99
:10FAF000E2681B68590701D5002A4AD03C4D2B68A3
:10FB000023F0190313432B60FBF7CCFB064605E0FB
:10FB1000FBF7C8FB801B022800F299802B685B076B
:10FB2000F6D5FBF7D7FB41F20303226998426B68D5
:10FB300000F2F08023F47C3343EA02336B602368E5
:10FB40004AE7182B00F0E280294DE2682B68002A72
:10FB500000F0CB8023F0190313432B60FBF7A2FBCB
:10FB6000064604E0FBF79EFB801B02286FD82B683B
:10FB70005F07F7D5D5E701F0030102297FF403AF52
:10FB80001B4A126891037FF524AF6268002A7FF454
:10FB900020AF0120F8BD02F00302012A7FF429AF53
:10FBA000134B1B68DA0502D5E369802BF1D1FBF713
:10FBB00091FB41F203030E4A9842216A00F2B3809E
:10FBC000536823F0F84343EA81635360236835E7C1
:10FBD000074A136843F480331360E9E6054D2B6848
:10FBE00043F480732B60FBF75DFB064609E000BF22
:10FBF0000044025800480258FBF754FB801B64285D
:10FC000025D82B68DA05F7D5A368012B00F02281EF
:10FC1000002B00F0FD80052B954B1A6F00F0208122
:10FC200022F001021A671A6F22F004021A67FBF72A
:10FC300039FB8F4E41F28837054604E0FBF732FB73
:10FC4000401BB84203D8336F9B07F7D52BE703203F
:10FC5000F8BD874D41F288372B6823F480332B6041
:10FC60002B6823F480232B60FBF71CFB064604E083
:10FC7000FBF718FB801BB842E9D82B689B03F7D42D
:10FC8000A6E66B6F23F001036B67FBF70BFB0646E1
:10FC900004E0FBF707FB801B0228D8D86B6F99079D
:10FCA000F7D4E3E62B6823F480532B60FBF7FAFAD2
:10FCB000064604E0FBF7F6FA801B0228C7D82B683B
:10FCC0009804F7D4EBE62B6823F080032B60FBF756
:10FCD000E9FA064604E0FBF7E5FA801B0228B6D8ED
:10FCE0002B68DF05F7D42368A8E623F001032B6017
:10FCF000FBF7D8FA064604E0FBF7D4FA801B02288B
:10FD0000A5D82B685807F7D4236865E690077FF4D9
:10FD10001BAFECE623F0FE4343EA02636B6023680B
:10FD20005AE601207047D36823F07C5343EA01630D
:10FD3000D360236882E6FBF7B5FA064604E0FBF7DA
:10FD4000B1FA801B022882D82B689901F7D4A96ADE
:10FD5000484BA26A0B404849454E1343E26A43EAC6
:10FD60000213AB62D4E90D32013B013A5B0212048B
:10FD70009BB202F4FE021343226B013AC2F3080263
:10FD80001343E26B013A120602F0FE4213432B6367
:10FD9000EB6A23F00103EB626A6BA36C114041EA4A
:10FDA000C3016963EB6A226C23F00C031343EB621B
:10FDB000EB6A626C23F002031343EB62EB6A43F4D9
:10FDC0008033EB62EB6A43F40033EB62EB6A43F49B
:10FDD0008023EB62EB6A43F00103EB622B6843F094
:10FDE00080732B60FBF75EFA044605E0FBF75AFAD6
:10FDF000001B02283FF62BAF33689A01F6D56EE65A
:10FE000042F480221A601A6842F480321A60CFE508
:10FE1000174D41F288372B6F23F001032B672B6FAF
:10FE200023F004032B67FBF73DFA064605E0FBF7DA
:10FE300039FA801BB8423FF60AAF2B6F9807F6D409
:10FE400031E6EB68226A23F07C5343EA0263EB60FD
:10FE50002368F3E5064A136F43F001031367E6E6F0
:10FE600042F004021A671A6F42F001021A67DEE6D6
:10FE7000004402580CFCFFFF0700FFFF474A1369CC
:10FE800003F03803102B04D0182B0DD01BB14448BD
:10FE9000704744487047136899064AD5136842482A
:10FEA000C3F3C103D8407047936A30B4946AD56AEB
:10FEB00014F47C7F516BC4F3051038D0C1F3CC012E
:10FEC00005F0010503F0030305FB01F1012B07EE2B
:10FED000901AB8EEE77A02D0022B2CD093B307EE3B
:10FEE000900A9FED325AF8EEE77A136BC5EE276A57
:10FEF000DFED2F5AC3F3080307EE903AB7EE006A1E
:10FF0000F8EEE77AE7EE257A77EE867A66EEA76A6C
:10FF1000224B1B6BC3F34623013307EE903AB8EE36
:10FF2000E77AC6EE877AFCEEE77A17EE900A30BCE5
:10FF300070471D48704707EE900A9FED1E5AF8EE75
:10FF4000E77AD2E713689B0620D5146807EE900A7B
:10FF50001549F7EE005A136BC4F3C104F8EEE77AC3
:10FF60009FED135AC3F30803E14006EE903A06EE04
:10FF7000101AF8EEE66AB8EEC66AE7EE056A86EE93
:10FF8000277A76EEA56A66EE876AC1E707EE900AE1
:10FF90009FED095AF8EEE77AA7E700BF0044025840
:10FFA00000093D000024F4000090D0030024744AAE
:10FFB000000000390024744B0024744C002800F029
:10FFC0000281874A136803F00F038B422DE9F04149
:10FFD00004460D460CD2136823F00F030B43136045
:10FFE000136803F00F038B4202D00120BDE8F081BB
:10FFF00023685F070BD57B4920698A6902F070028C
:020000040801F1
:10000000904204D98A6922F0700202438A611E0775
:100010000BD574496069CA6902F07002904204D934
:10002000CA6922F070020243CA61D8060BD56D4935
:10003000A069CA6902F4E062904204D9CA6922F454
:10004000E0620243CA6199060BD56649E0690A6A13
:1000500002F07002904204D90A6A22F07002024350
:100060000A629A0740F1A1805E48E168826902F065
:100070000F02914204D9826922F00F020A43826181
:10008000D80730D5574AA168936923F470630B43AE
:10009000936161681368022900F09780032900F0DA
:1000A0008E80012900F0978058079ED54D4E41F271
:1000B0008838336923F007030B433361FBF7F2F809
:1000C000074605E0FBF7EEF8C01B404500F28180D3
:1000D0003369626803F03803B3EBC20FF2D12368CF
:1000E000990706D5E1683F48826902F00F028A420B
:1000F0005FD83B490A6802F00F02AA420AD90A688F
:1001000022F00F022A430A600A6802F00F02AA4294
:100110007FF46BAF5A070BD5324920698A6902F028
:100120007002904204D28A6922F0700202438A610E
:100130001F070BD52B496069CA6902F07002904213
:1001400004D2CA6922F070020243CA61DE060BD5EE
:100150002449A069CA6902F4E062904204D2CA69E3
:1001600022F4E0620243CA619D060BD51D4AE16993
:10017000136A03F07003994204D2136A23F07003E8
:100180000B431362FFF77AFE164A0346164892693C
:100190001649C2F30322825C0E2002F01F02D340F4
:1001A000BDE8F0410B60FBF71BB8DA073FF56AAF1B
:1001B0009FE7826922F00F021143816199E79F0155
:1001C0003FF574AF11E7012070479B033FF56EAF19
:1001D0000BE703200AE7DE053FF568AF05E700BF40
:1001E0000020005200440258D89501084004002421
:1001F00008B501F095F9064B06499B69064A03F0DC
:100200000F03CB5C03F01F03D840106008BD00BF94
:1002100000440258D89501084404002410B501F0A8
:100220007FF90949094A8B69094C03F00F03D35C34
:1002300003F01F03D8402060CB69C3F30213D35CE3
:1002400003F01F03D84010BD00440258D8950108A0
:100250004404002410B501F063F90949094A8B6987
:10026000094C03F00F03D35C03F01F03D840206058
:10027000CB69C3F30223D35C03F01F03D84010BD46
:1002800000440258D895010844040024F8B53A4CBB
:10029000A36A03F00303032B67D0236806460F46C7
:1002A00023F080632360FAF7FDFF054604E0FAF7C8
:1002B000F9FF431B022B56D823681A01F7D4A36A0F
:1002C000326823F47C3343EA0233A362D6E9023274
:1002D000013B013A5B0212049BB202F4FE0213439B
:1002E0007268013AC2F3080213433269013A1206F6
:1002F00002F0FE421343A363E36A726923F0C00372
:100300001343E362E26AB36922F020021A431B4BF3
:10031000E262E26A22F01002E262E16BF2690B40F3
:1003200043EAC203E363E36A43F01003E362E36A70
:10033000EFB1012F0CBF43F4801343F40013E362C9
:100340000D4C236843F080632360FAF7ABFF05464A
:1003500004E0FAF7A7FF401B022804D823681B011A
:10036000F7D50020F8BD0320F8BD0120F8BD43F407
:100370000023E362E4E700BF004402580700FFFFE8
:10038000F8B53A4CA36A03F00303032B67D0236844
:1003900006460F4623F080532360FAF783FF054695
:1003A00004E0FAF77FFF431B022B56D823689A001C
:1003B000F7D4A36A326823F07C7343EA0253A36242
:1003C000D6E90232013B013A5B0212049BB202F40D
:1003D000FE0213437268013AC2F308021343326902
:1003E000013A120602F0FE4213432364E36A726983
:1003F00023F440631343E362E26AB36922F40072B8
:100400001A431B4BE262E26A22F48072E262616C80
:10041000F2690B4043EAC2036364E36A43F4807306
:10042000E362E36AEFB1012F0CBF43F4000343F032
:100430008073E3620D4C236843F080532360FAF726
:1004400031FF054604E0FAF72DFF401B022804D8CF
:1004500023689B00F7D50020F8BD0320F8BD0120DC
:10046000F8BD43F48003E362E4E700BF00440258B0
:100470000700FFFF2DE9F8430368044613F0006608
:1004800022D0426EB2F5001F00F0CE8411D8002AAF
:1004900000F0F884B2F5801F40F0F18402210430AE
:1004A000FFF7F4FE0646002E40F08684626E236855
:1004B00003E0B2F5401F40F0E284A8480026016D39
:1004C00021F440110A430265DD050AD5626D042A54
:1004D00006D8DFE812F0A20493049A04DF02DF02D8
:1004E0000126354698051BD5A26D802A00F05B8455
:1004F00000F2EC80002A00F08B83402A40F0ED806F
:100500000021201DFFF7C2FE23680546002D40F0A4
:1005100067839249A06D0A6D22F4E07202430A6576
:1005200059051FD5D4F8A420B2F5800F00F04784F8
:1005300000F2D680002A00F07183B2F5001F40F06F
:10054000D7800021201DFFF7A1FE23680546002D5E
:1005500040F044838149D4F8A4008A6D22F46002FB
:1005600002438A651A051FD5D4F8A820B2F1007F8E
:1005700000F02E8400F2BF80002A00F05583B2F113
:10058000807F40F0C0800021201DFFF77FFE2368A0
:100590000546002D40F02A837049D4F8A8008A6DE2
:1005A00022F0E06202438A659F0118D5A26C202ADE
:1005B00000F0DA8300F2AA803AB1102A40F0A98054
:1005C0006649CA6A42F40032CA62002D40F059837B
:1005D0006249A06CCA6C22F030020243CA64D8049B
:1005E0001DD5E26DB2F5005F00F0FB8300F2948050
:1005F000002A00F01F83B2F5805F40F09580002153
:10060000201DFFF743FE23680546002D40F0EC82D5
:100610005249E06D0A6D22F4E04202430A659904F2
:100620001AD5226EB2F5003F00F074837FD84AB12C
:10063000B2F5803F40F083800121201DFFF726FEA8
:1006400023680546002D40F01E834449206E0A6D44
:1006500022F4E02202430A655A041BD5D4F8AC20E8
:10066000B2F1005F00F060836CD842B1B2F1805FFC
:1006700070D10121201DFFF709FE23680546002DDA
:1006800040F003833549D4F8AC008A6D22F0E04293
:1006900002438A651F040DD5E26EB2F1805F00F05F
:1006A0003183B2F1005F00F00182002A00F0048281
:1006B00001263546D8015DD5626C032A00F20A8412
:1006C000DFE812F0540017034E005400C02A3FF434
:1006D0001DAFB2F5807F3FF419AF012635461FE705
:1006E000B2F5C00F3FF433AFB2F5000F3FF42FAFB8
:1006F0000126354636E7B2F1407F3FF44AAFB2F10A
:10070000806F3FF446AF012635464DE7302A3FF46F
:100710005CAF0126354662E7B2F5405F3FF475AF46
:10072000B2F5804F3FF471AF0126354677E722F4EA
:100730008031B1F5802F85D0B2F5403F82D00126BF
:10074000354689E722F08051B1F1804F97D0B2F160
:10075000405F94D0012635469CE700BF0044025814
:100760000221201DFFF792FD23680546002D00F0B1
:100770006B822E46590200F1F081DF072FD5A26F60
:10078000282A2AD8DFE812F0D301290029002900FD
:1007900029002900290029006D03290029002900CA
:1007A0002900290029002900CC012900290029005D
:1007B0002900290029002900D30129002900290046
:1007C0002900290029002900D30129002900290036
:1007D0002900290029002900D30101263546980760
:1007E00016D5626F052A00F27883DFE812F00D005B
:1007F000300306000D000D000D00012104F124005E
:10080000FFF7BEFD23680546002D00F025822E4629
:10081000590717D5D4F89020052A00F26183DFE844
:1008200012F00D000C0306000D000D000D0001215B
:1008300004F12400FFF7A4FD23680546002D00F015
:1008400013822E469A061DD5D4F88C20B2F1005F93
:1008500000F0458200F2DC804AB1B2F1805F40F0E6
:10086000E1800021201DFFF711FD23680546002DC2
:1008700040F00582A949D4F88C004A6D22F0E0428C
:1008800002434A655F061DD5D4F89820B2F5006F83
:1008900000F0548200F2C9804AB1B2F5806F40F096
:1008A000CE800021201DFFF7F1FC23680546002DB6
:1008B00040F0C8819949D4F898008A6D22F4E0523A
:1008C00002438A6518061DD5D4F89C20B2F5804FE6
:1008D00000F03F8200F2B6804AB1B2F5005F40F00E
:1008E000BB800021201DFFF7D1FC23680546002DA9
:1008F00040F0A6818949D4F89C008A6D22F46042B8
:1009000002438A6519070BD5D4F88010B1F5805FD2
:1009100000F03E828148426D22F440520A43426513
:10092000DA060BD5D4F89410B1F5807F00F025825B
:100930007A48826D22F440720A4382651F030ED505
:10094000D4F8A010B1F5803F00F0D480B1F5003F9D
:1009500000F0D780002900F0BA81012635465803FF
:100960000FD5D4F88420B2F5001F00F0B080B2F5A6
:10097000401F00F0B380B2F5801F00F0A081012677
:100980003546D90309D5E26C002A00F08681B2F51C
:10099000803F00F02D81012635469A0000F1D2807B
:1009A0009F035CD4301E18BF0120DE0206D55B49D0
:1009B000256F0A6D22F000422A430A65DD0007D543
:1009C0005649D4F8B4500A6922F480422A430A6195
:1009D000990206D55149A56E0A6D22F080722A430C
:1009E0000A655A0009D54D4A116921F40041116187
:1009F0001169D4F8B85029431161002B06DA474A2F
:100A0000216DD36C23F040530B43D364BDE8F883CE
:100A100022F08051B1F1804F3FF429AFB2F1405F35
:100A20003FF425AF012635462CE722F48061B1F56D
:100A3000805F3FF43CAFB2F5406F3FF438AF012622
:100A400035463FE722F40051B1F5004F3FF44FAF78
:100A5000B2F5C04F3FF44BAF0126354652E7E26F87
:100A6000B2F5807F00F0228106D922F48071B1F5C1
:100A7000007F03D0012098E7002AFBD1002DF9D197
:100A8000264D301E696D18BF012021F440710A43C4
:100A90006A658AE73546002D40F0A4801F49606DE5
:100AA0000A6D22F0070202430A651BE50121201DA1
:100AB000FFF7ECFB23680546002D40F0DE80174968
:100AC000E06E0A6D22F0405202430A65F2E5012110
:100AD00004F12400FFF754FC23680546002D40F084
:100AE000DA800E49D4F884004A6D22F440120243A1
:100AF0004A6546E7022104F12400FFF741FC236820
:100B00000546002D40F0C5800449D4F8A0008A6D48
:100B100022F4403202438A6521E700BF00440258B4
:100B2000012104F12400FFF72BFC23680546002D6A
:100B300040F0AD80AF49A06F4A6D22F03802024309
:100B40004A654CE6022104F12400FFF719FC2368F2
:100B500000283FF425AF012622E7A74F3B6843F466
:100B600080733B60FAF79EFB804606E0FAF79AFB3B
:100B7000A0EB0800642800F27E813B68DA05F5D519
:100B8000002D40F0A4819B4AD4F8B030116F594039
:100B900011F4407F0BD0116F106F21F4407140F4BD
:100BA00080301067106F20F4803010671167B3F544
:100BB000807F00F06E8103F44072B2F5407F00F058
:100BC0007C818C490A6922F47C520A61894AC3F308
:100BD0000B03116F0B4313672368CEE52E46C1E468
:100BE0002E469DE42E467DE42E4618E52E46DBE497
:100BF0000221201DFFF74AFB05462368002D53D133
:100C00007C49E06CCA6C22F480320243CA64C4E6B8
:100C10007849CA6A42F40032CA6277E47549CA6AFE
:100C200042F40032CA6292E47249CA6A42F4003263
:100C3000CA62AEE46F49CA6A42F40032CA62E4E4AE
:100C40002E465FE62E463DE66A49606CCA6C22F08D
:100C500003020243CA648DE56649606F4A6D22F063
:100C6000070202434A65D3E56249D4F890008A6DD1
:100C700022F0070202438A65E4E52E461AE52E4675
:100C800000E62E46ABE42E46E6E42E4602E52E466E
:100C9000A5E52E4663E62E4673E65649CA6A42F437
:100CA0000032CA62002DABD02E4676E65148C16AAA
:100CB00041F40031C162002D7FF4DCAEE0E64D4925
:100CC000CA6A42F40032CA62002DE4D109E7201D4D
:100CD000FFF7DCFA05462368002DDAD114E702217C
:100CE00004F12400FFF74CFB05462368002DC6D114
:100CF000C0E54049CA6A42F40032CA62002D7FF45E
:100D000038ADA1E73B49CA6A42F40032CA62002DFD
:100D1000B3D1D4E6012104F12400FFF731FB0546ED
:100D20002368002DAFD190E4012104F12400FFF7E6
:100D300027FB05462368002DA7D1A3E4022104F177
:100D40002400FFF71DFB05462368002D7FF47AAFD2
:100D5000B0E5022104F12400FFF712FB05462368E9
:100D6000002D7FF46DAFC5E50221201DFFF78EFA3F
:100D700005462368002D84D12AE4022104F12400D1
:100D8000FFF7FEFA236800283FF4D8AD0126D5E529
:100D9000022104F12400FFF7F3FA236800283FF44E
:100DA000BFAD0126BCE5002104F12400FFF7E8FAFD
:100DB00023680546FFF7AABB2368FFF785BB002120
:100DC00004F12400FFF7DCFA23680546FFF7BFBBF8
:100DD000002104F12400FFF7D3FA23680546FFF74A
:100DE000D8BB002104F12400FFF7CAFA23680546A6
:100DF0000BE400BF00440258004802580021201DA7
:100E0000FFF744FA2368054645E6002104F1240073
:100E1000FFF7B6FA236805463DE633493546CA6A08
:100E200042F40032CA6236E602212430FFF7A8FA03
:100E30000646002E3FF43AABBEE70121201DFFF726
:100E400025FA05462368002D7FF4FBAC0CE7012151
:100E5000201DFFF71BFA05462368002D7FF4D7AC51
:100E6000FAE60121201DFFF711FA05462368002D3F
:100E70007FF40DAF5EE60326236835467DE4012648
:100E8000FFF722BB1848C16A41F40031C162FFF785
:100E900014BBFAF707FADFF85080074641F28839A9
:100EA00004E0FAF7FFF9C01B4845E4D8D8F87030E1
:100EB0009B07F6D5D4F8B0307DE60B480B4A0169A4
:100EC00002EA131221F47C510A4302617EE6236890
:100ED0002E4652E4012635464CE40126354697E479
:100EE00001263546AEE400BF00440258CFFFFF00A4
:100EF00008B5FFF77DF9054B054A1B6AC3F30213DA
:100F0000D35C03F01F03D84008BD00BF0044025863
:100F1000D8950108584B70B4996A9D6ADE6A15F439
:100F20007C3FC5F30532DC6B5CD0C4F3CC0406F027
:100F3000100601F0030106FB04F4012907EE904AB4
:100F4000B8EEE77A03D0022975D000294FD007EE1A
:100F5000902ADFED4A6AF8EEE77A9B6B86EEA76A85
:100F60009FED475AC3F3080306EE903AF7EE005A96
:100F7000F8EEE66AE7EE056A76EEA56A66EE266AA0
:100F80003D4AB7EE006A936BC3F3462307EE103A6F
:100F9000B8EEC77A70BC37EE067AC6EE877AFCEEFA
:100FA000E77AC0ED007A936BC3F3064307EE103A7D
:100FB000B8EEC77A37EE067AC6EE877AFCEEE77AA5
:100FC000C0ED017A936BC3F3066307EE903AF8EE37
:100FD000E77A77EE867A86EEA77ABCEEC77A80ED5E
:100FE000027A704770BCC0E90022826070471968BD
:100FF000890627D51C6807EE902A2249F7EE005A89
:101000009B6BC4F3C102F8EEE77A9FED1D5AC3F360
:101010000803D14006EE903A06EE101AF8EEE66AA2
:10102000B8EEC66AE7EE056A86EE277A76EEA56A1E
:1010300066EE876AA4E707EE902ADFED136AF8EE02
:10104000E77A8AE707EE902A9FED105A9B6BB7EE7E
:10105000006AF8EEE77ADFED0A5AC3F30803C5EE3B
:10106000276A07EE903AF8EEE77AE7EE257A77EE10
:10107000867A66EEA76A83E7004402580024744A21
:10108000000000390090D0030024744B0024744CFD
:10109000584B70B4996A9D6ADE6A15F07C7FC5F37F
:1010A00005525C6C5CD0C4F3CC0406F4807601F08D
:1010B000030106FB04F4012907EE904AB8EEE77A33
:1010C00003D0022975D000294FD007EE902ADFED1A
:1010D0004A6AF8EEE77A1B6C86EEA76A9FED475ADC
:1010E000C3F3080306EE903AF7EE005AF8EEE66A0C
:1010F000E7EE056A76EEA56A66EE266A3D4AB7EE29
:10110000006A136CC3F3462307EE103AB8EEC77AB1
:1011100070BC37EE067AC6EE877AFCEEE77AC0ED51
:10112000007A136CC3F3064307EE103AB8EEC77AA1
:1011300037EE067AC6EE877AFCEEE77AC0ED017AE2
:10114000136CC3F3066307EE903AF8EEE77A77EE96
:10115000867A86EEA77ABCEEC77A80ED027A70476F
:1011600070BCC0E90022826070471968890627D5E3
:101170001C6807EE902A2249F7EE005A1B6CC4F354
:10118000C102F8EEE77A9FED1D5AC3F30803D14080
:1011900006EE903A06EE101AF8EEE66AB8EEC66A67
:1011A000E7EE056A86EE277A76EEA56A66EE876A2E
:1011B000A4E707EE902ADFED136AF8EEE77A8AE7F4
:1011C00007EE902A9FED105A1B6CB7EE006AF8EEFE
:1011D000E77ADFED0A5AC3F30803C5EE276A07EE84
:1011E000903AF8EEE77AE7EE257A77EE867A66EEC1
:1011F000A76A83E7004402580024744A00000039BB
:101200000090D0030024744B0024744C584B70B4ED
:10121000996A9D6ADE6A15F47C7FC5F305125C6BE2
:101220005CD0C4F3CC0406F0010601F0030106FB18
:1012300004F4012907EE904AB8EEE77A03D00229B8
:1012400075D000294FD007EE902ADFED4A6AF8EEFC
:10125000E77A1B6B86EEA76A9FED475AC3F3080334
:1012600006EE903AF7EE005AF8EEE66AE7EE056A07
:1012700076EEA56A66EE266A3D4AB7EE006A136B03
:10128000C3F3462307EE103AB8EEC77A70BC37EEC8
:10129000067AC6EE877AFCEEE77AC0ED007A136B29
:1012A000C3F3064307EE103AB8EEC77A37EE067A74
:1012B000C6EE877AFCEEE77AC0ED017A136BC3F3D2
:1012C000066307EE903AF8EEE77A77EE867A86EED6
:1012D000A77ABCEEC77A80ED027A704770BCC0E98D
:1012E0000022826070471968890627D51C6807EEBE
:1012F000902A2249F7EE005A1B6BC4F3C102F8EEA4
:10130000E77A9FED1D5AC3F30803D14006EE903AE9
:1013100006EE101AF8EEE66AB8EEC66AE7EE056A5F
:1013200086EE277A76EEA56A66EE876AA4E707EE70
:10133000902ADFED136AF8EEE77A8AE707EE902A43
:101340009FED105A1B6BB7EE006AF8EEE77ADFEDFF
:101350000A5AC3F30803C5EE276A07EE903AF8EE7F
:10136000E77AE7EE257A77EE867A66EEA76A83E774
:10137000004402580024744A000000390090D00351
:101380000024744B0024744CB0F5807F00B585B008
:1013900048D0B0F5007F11D0B0F5806F00F08280AA
:1013A000B0F5006F52D0B0F5805F2CD0B0F5002FB3
:1013B00000F09680002005B05DF804FB534A136DE1
:1013C00003F4E073802B59D012D9C02B26D0B3F58B
:1013D000807FEFD1D36C13F040535BD0B3F1805FCB
:1013E00000F08D80B3F1005F494818BF0020E2E7AC
:1013F000002B3CD0402BDDD101A8FFF78BFD0198DD
:1014000005B05DF804FB414A136D03F4E043B3F506
:10141000005F33D029D9B3F5405F58D13D4805B0BE
:101420005DF804FB394B1B6D03F00703042BC1D897
:1014300001A252F823F000BF6F140108F91301084C
:101440007D1401081D1401088B1401082F4A936DA7
:1014500003F0E063B3F1007F10D01DD9B3F1407FFA
:10146000DCD0B3F1806FB5D0A4E7002B34D101A854
:10147000FFF7CCFE029805B05DF804FB01A8FFF76A
:1014800007FE019805B05DF804FB204BDB6C13F000
:101490004053A3D120488EE7002BE8D0B3F1807FE2
:1014A000AAD087E7194A936D03F46003B3F5800F60
:1014B000E4D005D8002BDAD0B3F5001F9CD079E733
:1014C000B3F5C00FAAD0B3F5000F83D072E7B3F520
:1014D000804F3FF47FAF6DE7B3F5805F8CD069E755
:1014E0000A4A936D03F44033B3F5803F09D0B3F556
:1014F000003F3FF46FAF002B7FF45CAF7CE7074801
:1015000059E701A8FFF7C4FD039854E700440258C7
:101510000024F4000080BB000090D00300093D00CF
:1015200008B5FEF7ABFC064B06499B69064AC3F3B8
:101530000323CB5C03F01F03D840106008BD00BF3D
:1015400000440258D895010840040024F8B5016809
:101550000546AC4B99421FD0203399421CD003F56D
:101560007873994258D02033994255D003F5787357
:10157000994200F01E812033994200F01A8195F8BB
:101580009130A14E03F0FF026BB9284685F89020F8
:10159000F6F7ECFD296806E09C4E95F8913003F0D3
:1015A000FF02002BF1D09A4B9A4A1B68A2FB03233F
:1015B0000A681B0B22F480329B000A6023B30C687C
:1015C000013B14F48034F9D1022385F89130EB68A3
:1015D000012B00F01081022B15BF032023200227CE
:1015E000222715BF4FF0010C4FF0210C00222022C2
:1015F000AB68013B042B00F24B81DFE813F0CF0016
:101600001000D6000F00D200D5F89430012043F02E
:101610004003C5F89430F8BD7F4EBEE73A464FF41C
:1016200000672B6A3260002B44D0764B994200F061
:101630001E817A48081AB0FA80F04009002840F06C
:101640001681774B994200F00C812033994200F0CB
:101650000881744B994200F0FE802033994200F0DB
:10166000FA80714B994200F00881704B994200F06A
:101670000A81AB6900EB8000B3F5002F4FEA40030D
:1016800000F0E280AA6A296AB2F1806F0CBF0222E0
:10169000012201FB02F21202B3FBF2F3644AA2FB45
:1016A0000312D20802EB8201A3EB4103092B08BF0E
:1016B00001326A626B6833F002032B6D40F0968052
:1016C000012B14BF4FF400740024F9F703FE696C7A
:1016D000B0F5005FD5E9003242EA0102A96C42EAA6
:1016E0000102E96C42EA0102E96A42EA010269691F
:1016F00042EA010272D3A96918680A43A96A0A4337
:101700004C490140196029690A4319680A43696A0A
:1017100042EA015248493A4322431A605A68286B08
:101720001140EA690243686B5960024359680A43F1
:1017300042495A609A6811406A6E9960E96D9868EA
:101740000A43296E0A43696D01390A43A96D0139BB
:1017500042EA012202434FF220009A60D968AA6E41
:101760000140D960E96ED8680A43696F42EA0142D4
:10177000296F013942EA0122224902438B42DA6091
:1017800019D0294A934216D000230122C5F894307B
:10179000184685F8903085F89120F8BD4FF48067A1
:1017A0003FE702464FF400673BE762464FF40067AD
:1017B00037E7234EF1E6736C23F00103736495F869
:1017C0003830012BE0D1D5E90F23013A43EA021367
:1017D0007364736C43F001037364D5E7A9691868F7
:1017E0000A43184901401960A96A8DE7012B08BF17
:1017F0004FF4007469E7132012274FF0110C1022E8
:10180000F6E600BF0458014000540058005801405B
:10181000400400241BECCB95005C0140245801409F
:10182000045C0140046001400454005824540058F2
:10183000CDCCCCCC10C005F0F01FFFFF0080F8FF2E
:101840000060014010C005F82A6A696D01FB02F2D0
:10185000B3FBF2F322E74FF40070FFF795FD296820
:10186000FFE64FF40070FFF78FFD2968F1E64FF4B3
:101870008070FFF789FD2968E3E64FF48060FFF789
:1018800083FD2968F1E64FF40060FFF77DFDF0E687
:101890000027C6E6022938B5044635D9C81E0128F6
:1018A00030D8002023676064E064E065A0664FF6EE
:1018B000FF706067606830F002000CBF01250025F2
:1018C00004294FF4003125650CBF01200D2021664D
:1018D0004FF48021A0656166032A13D8DFE802F087
:1018E000474E54362368484A934205D002F1C0520D
:1018F000A2F58232934205D16368012B02D1636C59
:10190000002B2FD0012038BD002023676064E064E5
:10191000A066606830F0020014BF0120002020653E
:101920004FF48030E0654FF6FF70606713F0010000
:10193000E8D14D1E012D29D860664FF40030206695
:10194000032ADFD8DFE802F05546362CE0215B01A0
:101950008022A1646365E266F9F7BCFC94F8383034
:10196000012BBFD02046BDE83840FFF7EFBD8021F6
:101970001B014022A1646365E266EDE780225B0102
:10198000A2646365E266E7E7C021E0E720664FF402
:1019900080206066032AB5D8DFE802F02B1C0C0219
:1019A0005B08E02080219A01A0645B01E166C4E944
:1019B0001523D1E75B08C022802502294FEA831056
:1019C000A2644FEA4313E5666065A365C4D10823AA
:1019D000A366C1E75B08802202294FEA8310A26454
:1019E0004FEA4313E266C4E91503B5D11023A36699
:1019F000B2E75B08802040215A01A0641B01E16628
:101A0000C4E91523A8E700BF045801402DE9F843B5
:101A10000F4604461546F9F745FC002F61D0B5FA8C
:101A200085F84FEA5818002D5BD094F89130012BBF
:101A30005FFA83F950D194F89030012B4CD0434693
:101A4000C4F894800646D4F8800065F30F0322683A
:101A500084F89090394665F31F43A7671C32E3670B
:101A60002B46122584F891502E4DC0F85080056405
:101A70002D4DC5632D4DC564FAF7C0FE00283ED13B
:101A8000636C082B636831D005216122023B012B76
:101A900098BF1146226813690B431361136843F41E
:101AA0000033136006E0F9F7FDFB831BB3F57A7F83
:101AB0002AD82268556915F4E025F4D01368DB03B1
:101AC00003D4136843F4803313600023994684F8E9
:101AD00090304846BDE8F8834FF002094846BDE81B
:101AE000F8834FF001094846BDE8F88323F002026D
:101AF000012A0BBF1521052171226122C6E7484644
:101B000084F89080BDE8F883D4F894304FF003094E
:101B100084F8905043F040034846C4F89430BDE840
:101B2000F88300BF6D1C0108051C0108ED1C0108AD
:101B3000F8B500294ED0B2FA82F513466D09002A95
:101B400048D090F891200446012AD6B23FD190F8AF
:101B50009020012A3BD081670A462946222780F837
:101B6000906063F30F01C0F8945063F31F41C167A5
:101B7000D0F8840084F891701E4F216807641E4FCE
:101B80001C310565C7631D4FC764FAF737FE20BBDC
:101B900023681A68D20303D41A6842F480321A60A8
:101BA000626C082A62681CD005216120023A012A71
:101BB00098BF01461A6900200A4306461A611A684E
:101BC00042F400321A6084F890003046F8BD0226D4
:101BD0003046F8BD01263046F8BD304684F89050B6
:101BE000F8BD22F0020101290BBF1521052171204A
:101BF0006120DBE7DD1C0108791C0108ED1C0108F0
:101C0000704700BF08B5C369806BB3F5807F1BD0F8
:101C100003684FF0000C416C1A680829A0F87EC0D8
:101C200022F400321A60426811D06FF0610C6FF03C
:101C30000501023A012A98BF61461A694FF0010C6A
:101C40000A401A6180F891C0FFF7DAFF08BD22F060
:101C5000020101290BBF6FF0710C6FF0610C6FF086
:101C600015016FF00501E4E7704700BF806B08B510
:101C7000FFF7FAFF08BD00BF08B5C369806BB3F575
:101C8000807F1BD003684FF0000C416C1A68082954
:101C900022F400321A604268A0F87EC011D06FF0C2
:101CA000610C6FF00501023A012A98BF61461A697A
:101CB0004FF0010C0A401A6180F891C0F6F75CFB06
:101CC00008BD22F0020101290BBF6FF0710C6FF00B
:101CD000610C6FF015016FF00501E4E7806B08B54A
:101CE000F6F70EFB08BD00BF704700BF10B5846B50
:101CF000FBF78EFA022823D0D4F89420216842F012
:101D00008002134B1348C4F894201B680A68A0FB98
:101D1000030322F400321B0B0A600A689B0022F4C2
:101D200080320A606BB10A68013BD203FAD4012207
:101D30000023204684F89120A4F87E30FFF7D4FFDA
:101D400010BDD4F8943043F04003C4F89430EEE76B
:101D5000400400241BECCB9518B338B590F82C3018
:101D600004460D4603F0FF02B3B12146022384F876
:101D70002C3051F8040B03F097F86268294620686C
:101D800003F0D0F8084A01210020136843F0004313
:101D9000136084F82C1038BD80F82D20F3F774FA06
:101DA000E3E70120704700BF0040005270B590F893
:101DB0002C300446022BD8B204D000F0FB06012ED2
:101DC00001D0012070BD02230D46206884F82C301C
:101DD00003F0F4F82B68022B03D0002084F82C6069
:101DE00070BD0523002084F82C3070BD38B590F804
:101DF0002C300446022BD8B205D094F82C30012B9D
:101E0000DDB201D0012038BD0223206884F82C30D7
:101E100003F0E8F8002084F82C5038BD03682C4902
:101E20005A6910B49C6944F008049C619C6944F0B0
:101E300010049C611C6824F001041C601C69214092
:101E40001961996821F44041996090F88110042942
:101E500001D0910630D490F88110032901D05406A6
:101E60001FD4910509D5D0F8841041F00101C0F8C4
:101E70008410996941F400719961D20509D5D0F8AF
:101E8000842042F00802C0F884209A6942F48072EB
:101E90009A6100235DF8044BA0F86230A0F86A3024
:101EA0007047D0F8841041F00401C0F8841099699B
:101EB00041F040019961D4E7D0F8841041F08001ED
:101EC000C0F88410996941F020019961C3E700BF0F
:101ED00090FCFFFF002800F0A48002680021F8B504
:101EE000514B044681629A4216D0A3F578439A4238
:101EF00012D003F58063C0689A4200F08A800F28F0
:101F000008D8E16B00F108034D09DB0805FB03333A
:101F1000082B15D90120F8BDE068E16B00F108033A
:101F2000414E4D09DB0805FB0333404DAA4218BF63
:101F3000B24203D005F58065AA4201D1102BE9D841
:101F400094F8813003F0FF05002B58D000270223BE
:101F50006568A66B84F88130136823F00103136071
:101F6000A369B3F1806F3ED03943676B3B43676A27
:101F70003B4327693B4367693B43276A3B43E76C25
:101F80003B43A7683B43A76C3B43A76D3B432B43B5
:101F90003343E669314308439060D360B5B9936831
:101FA00023F4C05343F400639360936823F4C06345
:101FB00043F480639360136D23F0010313650020E5
:101FC0000123C4F8840084F88130F8BD136D23F038
:101FD000010313656B02F2D5D368616D23F00043F2
:101FE0000B43D360EBE7B5F5800FBDD1002EBBD11D
:101FF000D2F800C04CF4805CC2F800C0B4E72046C0
:1020000084F88050F6F73CFE2268A76AE16BE0682E
:102010009DE7E16B00F108034D09DB0805FB033385
:102020008CE70120704700BF0030014000380040BD
:102030002DE9F8431D4690F88030012B7FD0012315
:1020400004468946904680F88030F9F72BF994F8D9
:1020500081300646012BDFB26AD1B9F1000F00F0E2
:10206000F880B8FA88F35B09B8F1000F00F0F1804E
:1020700003226366A4F8683084F88120C4F88430B1
:10208000A4F86280A4F86A302168C4F85C90A4F8CF
:102090006080C4E91C33A368B3F5C02F03D10B687B
:1020A00043F400630B604A68A54B134043EA0803FE
:1020B0004B600B6843F001030B606368B3F5800F5E
:1020C00003D10B6843F400730B60E3680F2B75D8E2
:1020D000072BB4F862309BB252D9002B00F0148168
:1020E000CDB9D4E0B4F862309BB2012B40F2E68067
:1020F000E36B002B00F0E280E26D52F8043B0B62D0
:10210000B4F86230E265023B9BB2A4F86230B4F8E6
:1021100062309BB203B34B699807E3D4F9F7C2F876
:10212000801B854202D8691C40F081802168EEE75F
:102130000023022784F880303846BDE8F883022760
:102140003846BDE8F883F9F7ADF8801B854202D820
:102150006A1C40F0E28021684B691907F3D52046DC
:10216000FFF75CFE0122002384F88120D4F88470FC
:1021700084F88030FF1A18BF01273846BDE8F8837D
:10218000002B00F0C1804B699B0740F1B280B4F88E
:1021900062309BB2032B7ED9E36B402B7BD9E36D7E
:1021A00053F8042B0A62E365B4F86230043B9BB237
:1021B000A4F86230B4F862309BB2E1E7B4F8623060
:1021C0009BB2002B00F0A08085B92BE0E36D53F8A3
:1021D000042B0A62B4F86220E365013A92B2A4F8D3
:1021E0006220B4F862309BB2002BB5D04B699A07DD
:1021F000ECD4F9F757F8801B854201D86B1C16D137
:102200002168EEE7E26D52F8043B0B62B4F86230ED
:10221000E265013B9BB2A4F86230B4F862309BB235
:10222000002B74D04B699D07ECD4F9F73BF820469E
:10223000FFF7F4FDD4F884300021012243F48073C9
:10224000384684F88010C4F8843084F88120BDE8D2
:10225000F8830023384684F88030BDE8F883B4F86A
:1022600062309BB2012B5FD9E36B002B5CD0E26D37
:1022700052F8043B0B62B4F86230E265023B9BB259
:10228000A4F86230B4F862309BB2002B3FD04B69A7
:102290009A07CAD5E3E7B4F862309BB2012B19D98B
:1022A000E36BBBB1E36D33F8022B0A84E365B4F84A
:1022B0006230023B9BB2A4F862307BE7E26D32F8F9
:1022C000023B0B84B4F86230E265013B9BB2A4F898
:1022D00062301CE7E36D1B7881F82030E36D2168E4
:1022E0000133E365B4F86230013B9BB2A4F862307D
:1022F00060E7F8F7D7FF801BA84201D3681C96D18E
:10230000002D94D0216855E7002D7FF425AF4B694F
:102310001B073FF524AFF8F7C5FFD4F8843043F02E
:102320002003C4F884301AE7E26D32F8023B0B84D4
:10233000B4F86230E265013B9BB2A4F86230A1E7D9
:102340000000FFFFF8B590F88030012B00F08C8082
:1023500090F88130154601220446DEB2934280F89F
:1023600080206AD1002963D0B5FA85F35B09002D7E
:102370005ED003224366A0F8683080F88120C0F860
:102380008430A0F86250A0F86A30C165A0F86050AF
:10239000C0E91C338368B3F5C02F04D10268136809
:1023A00043F400631360E368A06F0F2B4BD983697C
:1023B000B3F5804F3CD122683A4B3B4F2032036447
:1023C00052F8183CC763394F23F40043C764002711
:1023D000076542F8183CB4F862309BB2FAF70EFA7F
:1023E000002844D1A36F324ADB69B3F5807F2368AC
:1023F000596802EA010218BF2A435A609A68616864
:1024000042F40042B1F5800F9A601A6942F44872B2
:102410001A611A6842F001021A6003D11A6842F484
:1024200000721A6000231E4684F880303046F8BDE2
:10243000002384F880303046F8BD0023022680F85F
:1024400080303046F8BD072B83691AD8B3F5005F9A
:1024500020D0B3F5804FAED1B4F862309BB20333D5
:102460009B08A4F86230A6E702263046F8BDD4F8EF
:102470008430012243F01003C4F8843084F88120B2
:10248000D9E7B3F5804F05D0B3F5005FD0D1B3F5F0
:10249000804F90D1B4F862309BB201335B08A4F84E
:1024A000623088E7FD2801088128010829290108F0
:1024B0000000FFFF70B51D4690F88030012B00F042
:1024C000B9800123044680F8803090F8813040685C
:1024D000DBB2B0F5800F7DD0012B40F08580002D60
:1024E00018BF002A71D000296FD094F88130042BD6
:1024F00002D0052384F881300023E1652168C4F807
:102500008430A4F86250A4F86A50A4F8605062665F
:10251000A4F86850C4E91C338B6823F440438B60F3
:10252000E3680F2B65D9E06F8369B3F5804F4CD119
:1025300094F88130042B00F08A805E4B03645E4B7C
:10254000C3635E4E3031B4F86A30C66400269BB275
:102550000665FAF753F900286ED12268A16F9368D7
:10256000203243F4804342F8183CB4F86230C1E9A9
:102570000F00C1E913009BB20846E16DFAF73EF97E
:10258000002859D1A36FDB69B3F5807F236863D03E
:1025900059684B4A0A402A435A609A68616842F473
:1025A0000042B1F5800F9A601A6942F458721A61BC
:1025B0001A6842F001021A6003D11A6842F40072EC
:1025C0001A60002384F8803070BD0023012084F855
:1025D000803070BDA06800287FF47EAF042B3FF4EC
:1025E0007EAF012B3FF47BAF0023022084F88030C4
:1025F00070BD072B35D8A36F9B69B3F5005F50D032
:10260000B3F5804F06D1B4F862309BB203339B0818
:10261000A4F86230E06F8369B3F5005F39D0B3F599
:10262000804F85D1B4F86A309BB203339B08A4F87D
:102630006A307DE7022070BDD4F88430012243F077
:1026400010031046C4F8843084F8812070BD1D4BFF
:1026500003641D4BC36374E75968194A0A405A6002
:102660009BE7E06F8369B3F5005F02D0B3F5804F5D
:10267000ABD1A66FB669B6F5804F06D1B4F86260EB
:10268000B6B201367608A4F86260B3F5804F7FF4E5
:102690004FAFB4F86A309BB201335B08A4F86A30DC
:1026A00046E7B4F862309BB201335B08A4F86230AD
:1026B000B0E700BF1D290108D12801082929010818
:1026C0000000FFFF0D290108A92801082DE9F041AC
:1026D0001546826804460E4622B94368B3F5800F5A
:1026E00000F0958094F88030012B00F09980012350
:1026F00084F8803094F88130012BDFB269D1002E4C
:1027000061D0B5FA85F35B09002D5CD00421B2F5E8
:10271000C02F666684F88110A4F86850C4F884302D
:10272000A4F86030A4F86A50A4F86230C4E91C33FD
:1027300004D12268136823F400631360E3680F2B4D
:102740004ED9E06F8369B3F5804F3CD121688B6827
:1027500023F480438B603246454EB4F86A30303102
:102760000664444E9BB2C663434EC66400260665AB
:10277000FAF744F8002857D1E36F404ADB69B3F514
:10278000807F2368596802EA010218BF2A435A6011
:102790009A68616842F48042B1F5800F9A601A69C4
:1027A00042F450721A611A6842F001021A6003D1B1
:1027B0001A6842F400721A6000231F4684F88030C1
:1027C0003846BDE8F081002384F880303846BDE803
:1027D000F0810023022784F880303846BDE8F0817C
:1027E000072B2BD82168E06F8B6823F480438B6024
:1027F0008369B3F5005F32D0B3F5804FABD1B4F845
:102800006A309BB203339B08A4F86A30A3E72B46D7
:1028100004250A4680F88150BDE8F041FFF74ABE22
:1028200002273846BDE8F081D4F88430012243F015
:102830001003C4F8843084F88120C7E7E06F826910
:10284000B2F5804F02D0B2F5005FBCD12168B2F57D
:10285000804F8B6823F480438B607FF47CAFB4F8A7
:102860006A309BB201335B08A4F86A3073E700BF9B
:102870000D290108A9280108292901080000FFFFE6
:10288000806B08B590F88130072B09D0836FDB6926
:10289000B3F5807F05D00268136943F00803136124
:1028A00008BDF6F755FB08BD806B08B590F8813080
:1028B000072B09D0C36FDB69B3F5807F05D00268B1
:1028C000136943F00803136108BDF6F7A3FB08BDC5
:1028D000806B08B590F88130072B09D0836FDB69D6
:1028E000B3F5807F05D00268136943F008031361D4
:1028F00008BDF6F7F1FB08BD704700BF806B08B557
:10290000FFF7FAFF08BD00BF704700BF806B08B536
:10291000FFF7FAFF08BD00BF704700BF806B08B526
:10292000FFF7FAFF08BD00BF10B5846BFAF770FC23
:10293000022800D110BD236830495A69986940F0D7
:1029400008009861986940F010009861186820F0BC
:1029500001001860186901401961996821F440412B
:10296000996094F88110042901D091063AD494F822
:102970008110032901D0500629D4910509D5D4F836
:10298000841041F00101C4F88410996941F4007188
:102990009961D20509D5D4F8842042F00802C4F820
:1029A00084209A6942F480729A61002301222046B1
:1029B000A4F86230A4F86A30D4F8843043F01003ED
:1029C000C4F8843084F88120F6F7E8FB10BDD4F811
:1029D000841041F00401C4F88410996941F0400169
:1029E0009961CAE7D4F8841041F08001C4F88410DA
:1029F000996941F020019961B9E700BF90FCFFFFA0
:102A0000036819695A692DE9F04101EA02059F68D6
:102A1000044690F8816005F0640CBCF1040F2FD0DF
:102A200005F04500012834D005F02600022800F00A
:102A3000DF80280770D59A6917F4404FF6B242F04C
:102A400008029A619A6942F010029A619A6942F406
:102A500000629A611A6922F008021A6123D0042EDA
:102A600000F0DE80A26FD269EAB1032E50D0E26F8F
:102A7000D269C2B1052E14D12046F6F72DFB10E025
:102A8000436F9847236F2046984705F04503012B75
:102A900002D1236F2046984705F02605022D00F04D
:102AA000A780BDE8F0819A6812F4404F1FD1B4F8B6
:102AB0006A2092B2DAB1626E0EE01B6B42F8043B00
:102AC0006266B4F86A30013B9BB2A4F86A30B4F88D
:102AD0006A309BB25BB12368E1680F29EDD8072902
:102AE00040F292801B8E22F8023B6266E9E72046A4
:102AF000FFF794F9012384F88130D4F88430002B57
:102B00007FD1052EB8D0042E00F08F80032EC8D1BF
:102B10002046F6F71DFAC4E7100501D50A077AD456
:102B200015F4587FBDD06E0609D5D4F8842042F044
:102B30000402C4F884209A6942F040029A61A80510
:102B400009D5D4F8842042F00102C4F884209A699F
:102B500042F400729A61E90509D5D4F8842042F064
:102B60000802C4F884209A6942F480729A61AA0625
:102B700009D5D4F8842042F08002C4F884209A69F0
:102B800042F020029A61D4F88420002A89D0196882
:102B900007F44047274A21F00101B7F5404F19607B
:102BA000196902EA01021A6127D19A68E06F22F4DA
:102BB00040429A6050B1204B0365F9F73FFF28B1BE
:102BC000D4F8843043F04003C4F88430A06F002868
:102BD0003FF467AF184B0365F9F730FF00283FF467
:102BE00060AFD4F8843043F04003C4F8843058E731
:102BF000636F2046BDE8F04118470123204684F862
:102C00008130F6F7CBFA4CE793F830301370626EF0
:102C10000132626655E79A6942F400629A6140E7C0
:102C2000E26FD269002A3FF43EAF2046F6F7F2F990
:102C300037E700BF94FCFFFF3D2C010808B5806B0F
:102C400000230122A0F86A30A0F8623080F88120C9
:102C5000F6F7A4FA08BD00BF90F88100704700BFE6
:102C6000002800F08F8038B590F83D30044603F01E
:102C7000FF02002B60D0226802234349B2F1804F4B
:102C800084F83D30A2EB01011368B1FA81F14FEAFB
:102C9000511127D031BB3D483D4D824251D000F506
:102CA000806082424DD0551B00F58060B5FA85F5F5
:102CB00082424FEA55154DD0002D4BD1354836494B
:102CC0008A4218BF82424FD001F580618A424BD0C0
:102CD000A06923F08003E168034313606368D16255
:102CE000936223E02A4D23F07003A068551B034331
:102CF000B5FA85F56D09206923F440730343A06993
:102D000023F0800303431360E368D3626368936234
:102D100051B94DB91F49204B9A4218BF8A4203D07E
:102D200003F580639A4201D1636913630123002094
:102D3000536184F83D3038BD80F83C2003F0F6FE46
:102D400099E7551B23F07003A068B5FA85F5034396
:102D50006D09D0E7A06823F0700303430F48824257
:102D6000C9D0002DC7D1A9E7206923F44073A16918
:102D70000343E06823F080030B4361681360D06273
:102D80009162C7E701207047000001400004004045
:102D9000000401400040014000440140000C00409C
:102DA0004FF0020C01680A4A034680F83DC088686B
:102DB0000240062A06D0B2F5803F03D00A6842F0EE
:102DC00001020A600122002083F83D20704700BF05
:102DD000070001000368094AD96841F00101D96080
:102DE00099680A40062A06D0B2F5803F03D01A68D7
:102DF00042F001021A600020704700BF0700010086
:102E000090F83C30012B7DD002460223006830B49C
:102E1000012482F83D3082F83C40544C83681C40C9
:102E20000B68602B84606FD01DD9B3F5005F59D05B
:102E300042D94F498B4206D038D94E498B4202D0F5
:102E400010318B4206D184684B4921400B4343F03B
:102E50000703836000230121184682F83D1082F8A1
:102E60003C3030BC7047402B67D019D9502BF1D182
:102E7000036A4C68CD6823F00A03016A1C433E4B89
:102E800021F001010162816921F0F00141EA05119F
:102E90008161046281680B4043F057038360D9E786
:102EA000202BD0D01AD9302BD4D1CCE723F010016D
:102EB000B1F5801FCED1C6E7702BCBD18468D1E9A4
:102EC00001532B43CD6824F47F4143EA05230B4390
:102ED0008360836843F077038360BBE733F01001BE
:102EE000B8D1B0E7D1E9015384682B43CD6824F40D
:102EF0007F4143EA05230B438360836843F48043A7
:102F00008360A7E702207047046A4D6824F010042C
:102F1000C9680462836923F4704343EA0133016A98
:102F200021F0A0018361144B41EA0511016281681F
:102F30000B4043F0670383608CE7036A4C68CD68FD
:102F400023F00A03016A1C430B4B21F001010162CB
:102F5000816921F0F00141EA051181610462816813
:102F60000B4043F04703836074E700BF8800CEFF47
:102F700020001000300010008FFFCFFF704700BF0F
:102F8000704700BF704700BF704700BF03681A69F1
:102F9000910710B5044602D5DA68920768D41A6919
:102FA000520702D5DA6850074FD41A69110702D5C3
:102FB000DA68120737D41A69D00602D5DA68D10662
:102FC0001ED41A69D20702D5DA68D00769D41A6903
:102FD000110602D5DA6812066BD41A69D00502D53B
:102FE000DA6811066DD41A69520602D5DA685006FD
:102FF0006FD41A69910602D5DA68920649D410BDD9
:103000006FF010010822204619612277DB6913F462
:10301000407F6FD1FFF7B2FF2046FFF7B3FF0022DA
:1030200023682277CDE76FF008010422204619615A
:103030002277DB699B075AD1FFF7A0FF2046FFF7F5
:10304000A1FF002223682277B5E76FF00401022276
:103050002046196122779B6913F4407F44D1FFF722
:103060008DFF2046FFF78EFF0022236822779CE722
:103070006FF002010122196102779B69990730D133
:10308000FFF77CFF2046FFF77DFF002223682277B1
:1030900085E76FF0200220461A61BDE8104000F07D
:1030A0005FB86FF0010220461A6103F02FFE23681B
:1030B0008DE76FF0800220461A6100F053F8236814
:1030C0008BE76FF4807220461A6100F04DF8236898
:1030D00089E76FF0400220461A61FFF755FF236829
:1030E00087E7FFF74DFFD0E7FFF74AFFBCE7FFF7A1
:1030F00047FFA6E7FFF744FF91E700BF90F83C20A9
:10310000012A28D003460068022230B4134D83F808
:103110003D20A8424268846818D005F58065A84221
:1031200014D024F0800C22F070020C6889682243CD
:1031300000244CEA01014FF0010C426081602046FE
:1031400083F83DC083F83C4030BC704722F47002E5
:103150004D682A43E5E70220704700BF00000140A8
:10316000704700BF704700BF704700BF2DE9F843AC
:103170001E46D0F88030202B71D18946002947D0D7
:10318000B2FA82F714467F09002A41D090F87C30C9
:103190000546012B63D00123C0F8887080F87C308D
:1031A0002123C0F88030F8F77DF8AB688046A5F899
:1031B0005440B3F5805FA5F8564060D0B5F856305E
:1031C0009BB2002B59D02C68721C24D1E2691306E3
:1031D000FCD5B9F1000F3DD019F8013BA362B5F859
:1031E0005630013B9BB2A5F85630B5F856309BB22D
:1031F000002BE9D1711C35D1E3695A06FCD50023B7
:1032000020221846C5F8802085F87C30BDE8F88378
:103210000120BDE8F883E3691806DAD4F8F742F82C
:10322000A0EB0800864201D3002ECCD12B682021D0
:10323000002403201A6822F4D0721A609A6822F0DF
:1032400001029A60C5F8801085F87C40C5F88410AA
:10325000BDE8F88337F8023BC3F30803BEE702205A
:10326000BDE8F883E3695B06C9D4F8F71BF8A0EB67
:1032700008008642DAD3002ED8D02C68BAE72B6932
:10328000002B9BD14F46994698E700BFF8B5D0F880
:103290008070202F44D1002940D0B2FA82F67609FE
:1032A000002A3BD0044690F87C00012838D0012544
:1032B0002123606FA4F856202165C4F88860A4F823
:1032C000542084F87C50C4F88030D8B1DFF854C062
:1032D00013462268C0F83CC0DFF84CC028320665AF
:1032E000C0F840C0DFF844C0C0F84CC0F9F786FA17
:1032F00040B11023284684F87C60C4F88830C4F8B4
:103300008070F8BD2368002240211046196284F8BD
:103310007C209A6842F080029A60F8BD0120F8BDD6
:103320000220F8BDDD3301080D3401085D340108C9
:10333000F8B5D0F88470202F48D1002944D0B2FAD3
:1033400082F67609002A3FD090F87C300446012BA3
:103350003CD001252223C0F888608165A0F85C205C
:1033600080F87C50C0F88430806FE0B1DFF860C036
:1033700013460A462168C0F83CC0DFF858C0243123
:103380000665C0F840C0DFF850C0C0F84CC0F9F77F
:1033900035FA40B11023284684F87C60C4F88830A0
:1033A000C4F88070F8BD2368002084F87C001A6897
:1033B00042F480721A609A6842F001029A609A6838
:1033C00042F040029A60F8BD0120F8BD0220F8BD2D
:1033D00019340108513401085D34010808B5C36986
:1033E000806BB3F5807F0CD003680022A0F85620D4
:1033F0009A6822F080029A601A6842F040021A60CD
:1034000008BDF6F70BFE08BD704700BF806B08B51E
:10341000FFF7FAFF08BD00BF08B5C369806BB3F5BD
:10342000807F12D0036800222021A0F85E201A6855
:1034300022F480721A609A6822F001029A609A68F7
:1034400022F040029A60C0F88410F6F7EBFD08BD48
:10345000806B08B5F6F730FE08BD00BF806B38B54D
:103460000368D0F88040D0F884109A68150601D51A
:10347000212C1DD09A68520601D5222908D0D0F8F7
:10348000883043F01003C0F88830F6F75DFE38BD91
:1034900000240F4A2025A0F85E40196821F490719D
:1034A000196099680A409A60C0F88450C466E6E7DB
:1034B00000222024A0F856201A6822F0C0021A60C8
:1034C0009A6822F400029A60C0F88040D2E700BFF8
:1034D000FEFFFFEF0268D36970B51E07156804464A
:1034E000916800F084806C4805F4907C08405CEAA8
:1034F00000061DD1D80202D54E0200F19D801806AB
:1035000006D501F4000105F08000014340F08C80F5
:103510005E0602D5680600F19B80190202D56A009A
:1035200000F1A380DB0102D5002DC0F2AA8070BD9E
:10353000DE0709D5EE0507D501261662D4F88860A6
:1035400046F00106C4F888609E0760D5CE0709D50D
:1035500002261662D4F8886046F00406C4F8886033
:103560005E0758D41E070CD505F0200C5CEA00005D
:1035700007D008201062D4F8880040F00800C4F892
:103580008800D4F888000028D1D09E0606D505F022
:10359000200501F0805155EA01036BD1D4F8885021
:1035A000936805F0080503F040031D436ED01168D1
:1035B00020203A4B21F49071116091680B4000215A
:1035C0009360C4F884009368E1665D063CD5936817
:1035D000A06F23F040039360002835D0304B036583
:1035E000F9F72CFA0028A2D0A06F036D0CE09E061C
:1035F00080D505F0200C01F0805E5CEA0E063FF4F9
:1036000079AFC36E002B92D0BDE8704018475E07BB
:10361000A8D5CE07A6D504261662D4F8886046F051
:103620000206C4F888609DE7236F002B3FF47FAF4C
:103630002046BDE8704018474FF4801320461362BF
:10364000BDE8704001F068BB2046F6F77DFD70BD17
:1036500013682020002123F040031360C4F8800089
:1036600020462167F6F7DAFC70BD2046BDE87040C1
:1036700001F056BBE36E002B90D02046984722689D
:103680008CE72046BDE8704001F048BB2046F6F7C5
:103690005BFDC4F8885070BD01000010FEFFFFEF15
:1036A000A536010808B5806B0023A0F85E30A0F8AD
:1036B0005630F6F749FD08BDD0F88020D0F88400D8
:1036C00010437047F0B58268044687B02368D0E99C
:1036D00004101D680A43616E0243E06902430A4315
:1036E000A8492940A84D0A43E168AB421A605A68CC
:1036F00022F4405242EA0102A1695A6000F09D8022
:10370000226A9D681143A14A666A2A401143996062
:10371000DA6A22F00F023243DA629D4A934224D0E1
:103720009C4A934255D09C4A934200F02F829B4A78
:10373000934200F09B829A4A934200F0E980994AB2
:10374000934200F09D82984A934200F0D885974AB0
:10375000934200F0D682012500234FF00112284643
:103760002367C4E91A2307B0F0BD914B5B6D03F0EA
:103770003803282BEFD88F4AD55CB0F5004F33D0F3
:10378000202D00F2D981202D00F2B680DFE815F05F
:10379000A8017B01B400B4007201B400B400B4000D
:1037A0004901B400B400B400B400B400B400B400E3
:1037B0001C01B400B400B400B400B400B400B40000
:1037C000B400B400B400B400B400B400B400B40059
:1037D000CA00774B5B6D03F00703052BBBD8764A15
:1037E000B0F5004FD55CCBD1202D00F21482202DF6
:1037F00000F20082DFE815F08A035804FE01FE01A2
:103800002804FE01FE01FE018604FE01FE01FE0108
:10381000FE01FE01FE01FE01F203FE01FE01FE01BA
:10382000FE01FE01FE01FE01FE01FE01FE01FE01A0
:10383000FE01FE01FE01FE01B7039868534A0240F3
:103840005B480A439A60DA6A616A22F00F020A430F
:10385000DA62836D03F00703052B3FF67CAF574A0E
:10386000D65C202E00F29C81012E7FF674AFB31E31
:103870001E2B3FF670AF01A252F823F0333E010831
:1038800057370108DD3D0108573701085737010850
:1038900057370108A73E0108573701085737010875
:1038A00057370108573701085737010857370108BC
:1038B00057370108473E01085737010857370108B5
:1038C000573701085737010857370108573701089C
:1038D000573701085737010857370108573701088C
:1038E000573701085737010857370108573701087C
:1038F00057370108BD3E010801250023A3F110013F
:103900004FF6EF7291423FF626AF2268D36023E76D
:10391000274B5B6D03F00703052B3FF61CAF284ACE
:10392000D55C2AE7002E00F0B581012E00F09E85BF
:10393000022E00F0B185032E00F0D885042E00F091
:10394000F485052E00F08486062E00F0BE86072E34
:1039500000F0FD86082E00F05087092E00F07B87CE
:103960000A2E00F0DC8743F60953164A0B2E18BFC7
:1039700013466268002503EB5203B3FBF2F39BB2DC
:10398000BCE700BFF369FFCF000C0058FFF4FF1144
:10399000001001400044004000480040004C00403E
:1039A000005000400014014000780040007C0040BE
:1039B00000440258A4A30108D0A30108D8A3010819
:1039C000D0A3010800093D00B34B1A68920640F1EC
:1039D0006F811A68B14BC2F3C102D340002EC8D028
:1039E000012E00F0EF81022E00F0C584032E00F0BE
:1039F000BF84042E00F02B85052E00F09D86062E38
:103A000000F0DC86072E00F01C86082E00F04E86A3
:103A1000092E00F08E860A2E00F0E3860B2EA8D128
:103A200026E003A8FDF734FB626A049B002AA0D0BD
:103A3000012A00F0C781022A00F09D84032A00F0C9
:103A40009784042A00F00385052A00F0FD84062AE5
:103A500000F07E85072A00F0F485082A00F026860B
:103A6000092A00F066860A2A00F0BB860B2A80D15C
:103A70001B0A7EE76846FDF74DFA626A019B002A41
:103A80003FF477AFD4E7FCF7E5FB636A03B3012BA0
:103A900000F0F384022B00F0CE84032B00F0C884E6
:103AA000042B00F01785052B00F01185062B00F084
:103AB0000686072B00F04886082B00F09B86092B12
:103AC00000F0E1860A2B00F03B870B2B08BF000AB1
:103AD0006268002500EB5203B3FBF2F39BB20DE7E3
:103AE000FCF79CFB636A03B3012B00F0C984022B33
:103AF00000F0A784032B00F0A184042B00F0E484E1
:103B0000052B00F0DE84062B00F0E685072B00F085
:103B10003686082B00F08786092B00F0B1860A2B29
:103B200000F0FA860B2B08BF000A626800EB520314
:103B3000B3FBF2F39BB2E1E6402D7FF40CAE002E16
:103B400000F0DC80012E00F09484022E00F0A784A7
:103B5000032E00F0C784042E00F0EC84052E00F044
:103B60007A85062E00F0B485072E00F0FE85082E1B
:103B700000F04986092E00F08B860A2E00F0298776
:103B80000B2E0CBF80234FF40043F2E6424B5B6DDB
:103B900003F00703052B3FF6DEAD414AD55CECE5AB
:103BA000402E7FF4D8AD002900F0B580012900F047
:103BB0006E84022900F08284032900F0AF84042976
:103BC00000F03B85052900F06985062900F0AD85E8
:103BD000072900F0EF85082900F03686092900F052
:103BE0005B860A2900F0F9860B290CBF80254FF46B
:103BF000004592E001250023A3F110014FF6EF727A
:103C000091423FF6A8AD23F00F02C3F342031343E2
:103C10002268D360A0E5402D7FF49DAD002E00F01A
:103C2000D380012E00F0D280022E00F06D84032E8E
:103C300000F0F484042E00F02585052E00F0688540
:103C4000062E00F0C285072E00F01086082E00F028
:103C50004886092E00F059860A2E00F0EC860B2EBD
:103C60000CBF4FF480704FF48030AFE00A4B5B6DB7
:103C700003F00703052B3FF66EAD0A4AD55C7CE5E1
:103C8000054B5B6D03F03803282B3FF664AD064A05
:103C9000D55C72E5054B6CE6004402580090D003F9
:103CA000D0A30108D0A30108A4A3010800093D0086
:103CB000002E00F0BA83012E00F0FD83022E00F0EA
:103CC0002A84032E00F0B684042E00F0E484052E2E
:103CD00000F02885062E00F08785072EDAD0082E02
:103CE00000F0C483092E00F0D7830A2E00F01D8453
:103CF000B44BB54A0B2E18BF13463AE64FF40043B7
:103D000037E6B24B5B6D03F00703052B3FF623AD9F
:103D1000AF4AD55C31E54FF40045676807EB4703D0
:103D2000AB423FF618ADB5EB073F3FF614AD202E82
:103D300000F2F082012E7FF60EAD023E1E2E3FF6FF
:103D40000AAD01A353F826F0854201085737010850
:103D50005B420108573701085737010857370108F8
:103D6000F94101085737010857370108573701084B
:103D700057370108573701085737010857370108E7
:103D80008D41010857370108573701085737010897
:103D900057370108573701085737010857370108C7
:103DA00057370108573701085737010857370108B7
:103DB00057370108573701085737010857370108A7
:103DC000154101085B08D4E54FF480306268002596
:103DD00000EB5203B3FBF2F39BB20DE76846FDF72D
:103DE00099F8636A019D03B3012B00F0CF82022B87
:103DF00000F0C782032B00F0C182042B00F02F8358
:103E0000052B00F02983062B00F09883072B00F088
:103E10002684082B00F04D84092B00F09B840A2B8C
:103E200000F0FB840B2B00F06582002D3FF494AC76
:103E300073E7FDF75DF8636A0546002BD4D1002DCA
:103E40003FF48AAC69E7614B1A68950640F1A58298
:103E50001B685D4DC3F3C103DD4000293FF45DAF36
:103E6000012900F04D83022900F04683032900F068
:103E70004083042900F04584052900F08384062945
:103E800000F0D484072900F02085082900F04F8530
:103E9000092900F0F9850A2900F0FD850B297FF436
:103EA0003CAF2D0A39E703A8FDF7F2F8636A049DD9
:103EB000002B99D1002D3FF44FAC2EE7002900F0E4
:103EC0006A82012900F0DF82022900F0F2820329D0
:103ED00000F02883042900F0AA83052900F0D88384
:103EE000062900F02E84072900F06184082900F0DB
:103EF000AF84092900F0EF840A2900F0148543F605
:103F00000955344B0B2918BF1D4606E7FCF786F907
:103F1000636A03B3012B00F0CA82022B00F0F78220
:103F2000032B00F07F83042B00F0B083052B00F0FF
:103F3000EB83062B00F05084072B00F09E84082BA7
:103F400000F0B984092B00F0E4840A2B00F070859E
:103F50000B2B08BF000A61684A0802EB4003B3FB61
:103F6000F1F39BB248E6002E00F03A82012E00F0F9
:103F70009A82022E00F0C682032E00F04D83042E9A
:103F800000F07E83052E00F0BA83062E00F0218417
:103F9000072E00F06F84082E00F08284092E00F0B6
:103FA000CC840A2E00F06C8547F612230A4A0B2EA9
:103FB00018BF13466268002503EB5203B3FBF2F30C
:103FC0009BB219E690D003000090D0030044025841
:103FD000D0A3010800093D0000127A00A44B1A6822
:103FE000910640F1FF811A68A24BC2F3C10223FA85
:103FF00002F206B3012E00F0B182022E00F03783E8
:10400000032E00F06F83042E00F0C683052E00F00F
:104010000084062E00F06F84072E00F07184082EB5
:1040200000F00385092E00F03C850A2E00F036854D
:104030000B2E08BF120A616800254B0803EB4203F0
:10404000B3FBF1F39BB2D7E56846FCF763FF626A06
:10405000019902B3012A00F00782022A00F01A82B5
:10406000032A00F03A82042A00F06282052A00F056
:10407000EB82062A00F01683072A00F07483082AD0
:1040800000F0A183092A00F001840A2A00F05B8471
:104090000B2A08BF090A62680025530803EB410395
:1040A000B3FBF2F39BB2A7E5FCF7D4F8636A03B362
:1040B000012B00F0FA81022B00F02B82032B00F081
:1040C0008382042B00F0DA82052B00F02583062B77
:1040D00000F06983072B00F0C283082B00F0EE8309
:1040E000092B00F07E840A2B00F08D840B2B08BF77
:1040F000000A616800254A0802EB4003B3FBF1F3B4
:104100009BB279E503A8FCF7C3FF626A0499002A11
:10411000C1D09FE7616A002900F05482012900F0B4
:104120001F83022900F08B83032900F0BF83042939
:1041300000F00084052900F0AA84062900F08E848E
:10414000072900F08784082900F0E584092900F098
:10415000DE840A2900F0A8844748484B0B2918BF81
:10416000184600217B083A4618184FF0000341F129
:104170000001ECF7C1FAA0F54073414A93423FF6C3
:10418000EAAA23680025D860FFF7E6BA384A116822
:1041900011F0200100F0E781136800213548C3F3D6
:1041A000C103D840636A0BB3012B00F04B83022B91
:1041B00000F07F83032B00F00584042B00F05D8466
:1041C000052B00F02C84062B00F0A984072B00F0AF
:1041D000B484082B00F0AD84092B00F094840A2BE2
:1041E00000F08D840B2B01D1000A0021090203028B
:1041F00041EA10617808B6E703A8FCF749FF049884
:10420000636A002102460BB3012B00F03582022BBA
:1042100000F08682032B00F0C182042B00F0218382
:10422000052B00F04D83062B00F09083072B00F048
:104230002184082B00F00B84092B00F004840A2B46
:1042400000F052840B2B01D1100A00216268090290
:10425000030241EA1061500886E76846FCF75AFEFF
:104260000198636A00210246002BEFD0CCE700BF23
:10427000004402580090D00300093D000000093DB1
:10428000FFFC0F00FCF734FE626A002103460AB30C
:10429000012A00F06E82022A00F0B982032A00F09F
:1042A0002483042A00F09383052A00F0A683062ABB
:1042B00000F0DA83072A00F0D583082A00F01C8476
:1042C000092A00F015840A2A00F02F840B2A01D154
:1042D000030A002162680902180241EA13615308C7
:1042E000C0184FF0000341F10001ECF705FAA0F50A
:1042F000407342E72D0A002D3FF42EAA0DE5B54B81
:104300005B6D03F00703052B3FF625AAB24AD55C87
:10431000FFF733BA402E7FF41EAA616A002900F02D
:104320004E81012900F02782022900F084820329AE
:1043300000F0CE82042900F05783052900F059834C
:10434000062900F06883072900F06083082900F03F
:10435000B783092900F0AF830A2900F0C0830B2935
:104360004FF000010CBF4FF400404FF40000F9E69D
:104370009A4AA2FB03239B08FFF7FBBA974BA3FBC8
:104380000535AD08002D3FF4E7A9C6E46D08002D02
:104390003FF4E2A9C1E4924DBFE400295AD00129BB
:1043A00000F0AC80022900F0DB80032900F061817D
:1043B000042900F0A181052900F0EB81062900F015
:1043C00016820729E7D008295DD0092971D00A296A
:1043D00000F02D81834D844B0B2918BF1D469CE4B2
:1043E000824BE7E5002E50D0012E00F0AF80022E68
:1043F00000F03B81032E00F07A81042E00F0C7818B
:10440000052E00F0FD81062E00F04D82072EE7D02C
:10441000082E48D0092E75D00A2E00F03181744B39
:10442000744A0B2E18BF1346C4E56F4BFFF7A1BAB1
:104430006A4BA3FB00308008FFF74ABB674BA3FB26
:1044400000308008FFF771BB6B4AA2FB0323DB0837
:10445000FFF78FBA644D60E4674BA3FB0535ED08A9
:10446000002D3FF479A958E4490814E6634BFFF79F
:1044700080BA4FF48043FFF77CBA4008FFF728BBAF
:104480004008FFF752BB5D4D47E45A4B92E54FF4AD
:10449000804542E48908FEE5594BFFF76ABA4FF4BC
:1044A0000053FFF766BA4E4B84E5400821E640080A
:1044B00051E5534D31E4534BFFF75BBA4FF40055D0
:1044C0002BE44D4BA3FB0030C008FFF72EBB4A4B3B
:1044D000A3FB0030C008FFF7FBBA404BA3FB01234E
:1044E0009908D8E541F25553FFF743BA464BFFF719
:1044F00040BA3A4BA3FB0535AD080EE4414D0CE440
:104500006D080AE43D4B55E54FF480405EE48008B9
:1045100021E58008EDE53D4BFFF72BBA41F25555FB
:10452000FFF7FBBB384DFFF7F8BB314BFFF721BA64
:10453000C908B0E54FF48053FFF71BBA0C23B5FB55
:10454000F3F5002D3FF408A9FFF7E7BB264B31E553
:10455000224AA2FB0323DB08FFF70BBA52086AE5E5
:104560002A4DFFF7DABB626A002A00F0C280012AF6
:1045700000F07981022A00F0B281032A00F0C381A1
:10458000042A00F05E82052A00F05982062A00F013
:104590009E82072A00F09982082A00F09D82092A4B
:1045A00000F097820A2A00F083820B2A184A0E4BE9
:1045B0000EBF00210321134678083A4690E64FF4D7
:1045C0000000CFE51348CDE5044BA3FB002398087A
:1045D0008FE500BF00440258D0A30108ABAAAAAAE5
:1045E00000093D0090D003000090D00300127A0033
:1045F00020A107000020A107CDCCCCCC80841E00D8
:1046000040420F000048E8012A2C0A000024F40070
:10461000000090D00000093DCF4BCBE442F6AA2029
:10462000FFF7D4BBCD4BA3FB0023980893E4CC4DFC
:10463000FFF773BBCB4BFFF79CB94FF48055FFF7E7
:104640006CBB1B09FFF795B90A23B1FBF3F122E517
:10465000C54BFFF78EB940F6CC43FFF78AB92D0959
:10466000002D3FF479A8FFF758BBC04BA2E4920895
:10467000E1E4BC4DFFF751BB4008E7E5C00838E571
:10468000BB4B97E44FF40050FFF7A0BBC00862E4B7
:10469000B54DFFF742BBB74BFFF76BB940F6CC45C2
:1046A000FFF73BBB0C23B1FBF3F1F4E45B09FFF72D
:1046B00060B96D09002D3FF44FA8FFF72EBBA74B43
:1046C000A3FB0030C008FFF703BAAB4BFFF751B9AB
:1046D00040F6AA23FFF74DB9A04BA3FB0030C0085A
:1046E000FFF723BA9D4BA3FB02239A08A3E4A34B35
:1046F00060E4A34B03215FE79E4DFFF70EBBA14B88
:1047000058E4ED08FFF709BB0A23B0FBF3F022E4FD
:1047100041F69810FFF75ABB0A23B0FBF3F0E8E428
:10472000800893E5984BFFF724B940F6AA25FFF7D8
:10473000F4BA9B09FFF71DB90A22B3FBF2F3FFF7A6
:1047400018B98D4DFFF7E9BA0009FFF7C1B98F4BD2
:10475000FFF70FB9AD09002D3EF4FEAFFFF7DDBA4C
:104760008B480021FEE4090995E44FF40063FFF74C
:1047700000B94308AEE54FF480000021F2E40009DF
:10478000FFF7D3B90A23B5FBF3F5FFF7C6BA814BA0
:1047900010E47D4DFFF7C1BAD2084CE40622002395
:1047A000EBF7AAFF52E50C23B0FBF3F0A1E4774D41
:1047B000FFF7B3BA4FF40065FFF7AFBA0C22B3FBB3
:1047C000F2F3FFF7D6B8490965E441F25450FFF718
:1047D000FDBA714BFFF7EEBB0C23B0FBF3F0FFF714
:1047E000BABBDB09FFF7C5B86C4BFFF7C2B86B4D1E
:1047F000FFF793BA4009FFF76BB9694BFFF7B9B8F8
:10480000684BFFF7D7BB4FF48063FFF7B2B883085C
:1048100060E50A23B2FBF3F20DE4ED09002D3EF44E
:104820009BAFFFF77ABA4009FFF77FB90C23B5FBBE
:10483000F3F5FFF772BA4FF40010002192E45A48E2
:1048400000218FE44008D1E44FF48065FFF765BA9A
:10485000534DFFF762BA4FF22443FFF78AB80009BD
:1048600047E4C008F2E4514B1146A5E64FF48050EE
:10487000FFF7ACBA3A4BFFF79DBB0009FFF76BBBE4
:104880008009FFF752B98009FFF722B9890902E4CC
:104890004FF40073FFF76DB84FF40075FFF73DBAA2
:1048A0003A4BFFF787BB2F4BFFF784BB40480021F3
:1048B00058E480089AE44009FFF74DBB400918E42A
:1048C0000A220023EBF718FFC0E42D09FFF725BAF1
:1048D0003848002146E44FF22445FFF71EBA364B14
:1048E0006AE64FF40060FFF771BA00230622EBF787
:1048F00003FF0346EEE40C23B2FBF3F2FFF79BBB8E
:104900001209FFF798BB2D4B56E64FF48060FFF776
:104910005DBA8009FFF71FBBC009FFF706B947F66C
:104920001223FFF726B847F61225FFF7F6B96D09EF
:10493000FFF7F3B92248002114E4194BFFF73ABB03
:10494000C009FFF7C5B8C909FFF7A5BB0C220023B2
:10495000EBF7D2FE7AE400BF54581400ABAAAAAA1F
:1049600020A10700AAC2A200801A06000048E801A0
:1049700040420F0000127A001516050054854501CB
:10498000000090D000350C0000A8610090D003001A
:104990000080841E0024F4002A2C0A005561510076
:1049A00048E801000050C3000040420F000048E802
:1049B000002A2C0A00551500000024F400AAC2A207
:1049C0000020A10706220023EBF796FE0EE4C308A1
:1049D00080E44FF48073FEF7CCBF4FF48075FFF78F
:1049E0009CB98009FFF785BB4FF480100021FFF7C9
:1049F000B9BB53480021FFF7B5BB00230A22EBF7F0
:104A00007BFE034666E4C009FFF773BB4FF400204A
:104A10000021FFF7A7BB4B480021FFF7A3BB0A22E9
:104A20000023EBF769FEFFF7E1BB5209FFF703BB79
:104A3000C009FFF790BA4FF40070FFF7C7B9424BB7
:104A4000BAE5424BB8E590090021FFF7FFBB4009EA
:104A5000FFF7FCBB3E480021FFF784BB3D48002127
:104A6000FFF780BB030935E400230C22EBF744FE7B
:104A700003462FE40009FFF7E9BBC008FFF7B6BB08
:104A80004FF22443FFF796BAAD09FFF746B9324813
:104A90000021FFF767BBED09FFF73FB9D209FFF728
:104AA000CABA9209FFF7C7BA2C480021FFF75ABBD0
:104AB0002B4B002180E54FF400300021FFF752BB63
:104AC0004FF480200021FFF74DBB264B74E5264BA9
:104AD00072E5264B00216FE5254B00216CE54FF474
:104AE00080300021FFF73EBBD0090021FFF7AEBBAD
:104AF00083090021FFF7EEBB4309FFF7EBBBC009B9
:104B00000021FFF773BB80090021FFF76FBB194835
:104B10000021FFF727BB18480021FFF723BB0C2219
:104B20000023EBF7E9FDFFF761BBC3090021FFF7A5
:104B3000D1BB40090021FFF759BB0009FFF756BB65
:104B400000CC0C0000AA0A000000A8610000127A44
:104B50000090D0030015160500801A0600127A0096
:104B60000020A1070000093D005561510040420F9F
:104B70000080841E0024F4000048E801836ADA07FC
:104B800010B406D50168C46A4A6822F40032224390
:104B90004A609C0706D50168046B4A6822F480329B
:104BA00022434A60590706D50168446B4A6822F4DB
:104BB000802222434A601A0706D50168846B4A683E
:104BC00022F4004222434A60DC0606D50168C46B29
:104BD0008A6822F4805222438A60990606D50168C9
:104BE000046C8A6822F4005222438A605A060AD56D
:104BF0000168446C4A68B4F5801F22F4801242EACE
:104C000004024A600BD01B0606D50268C16C5368CB
:104C100023F400230B4353605DF8044B70474A684C
:104C2000846C22F4C00222434A60ECE7002370B592
:104C30000446C0F88830F6F735FB054623681A6845
:104C400011070CD41A68520725D420220023C4F877
:104C500080201846C4F8842084F87C3070BDDE695A
:104C600016F40016EED1F6F71DFB431BB3F1007FDF
:104C70002368F4D31A682021032022F4D0721A602A
:104C80009A6822F001029A60C4F8801084F87C606F
:104C9000C4F8841070BDDE6916F48006D5D1F6F72D
:104CA00001FB431BB3F1007F2368F4D3E2E700BFAD
:104CB00080B3D0F8803010B5044633B32268242383
:104CC0002046C4F88030136823F001031360FEF718
:104CD000F9FC012817D0A36A8BB9236820465A68CB
:104CE00022F490425A609A6822F02A029A601A6866
:104CF00042F00102BDE810401A60FFF797BF20465E
:104D0000FFF73CFFE9E7012010BD80F87C30F4F7A5
:104D1000E3FED3E701207047704700BF704700BF34
:104D2000704700BF90F87C20012A17D00268034624
:104D30002420002130B4C3F88000202510681468B6
:104D400020F0005024F001041460596610600846F9
:104D5000C3F8805083F87C1030BC70470220704745
:104D600090F87C20012A46D002680346242030B403
:104D7000C3F8800084B014681068EC4604AD20F0DD
:104D800001001060906820F0604001431B48916072
:104D900003C88CE803001A4903C905E90300596EEA
:104DA00031B391689068C1F3426C05EB50710CF11E
:104DB00010000DEB000C11F8100C11F8081CC000CD
:104DC0001CF8085CB0FBF1F01CF8101CC900B1FB2A
:104DD000F5F1A3F868100021A3F86A002025084621
:104DE0001460C3F8805083F87C1004B030BC704766
:104DF00001210846EDE70220704700BFC09301087B
:104E0000E0A3010890F87C20012A46D002680346FE
:104E1000242030B4C3F8800084B014681068EC46D5
:104E200004AD20F001001060906820F06060014344
:104E30001B48916003C88CE803001A4903C905E9BF
:104E40000300596E31B391689068C1F3426C05EB71
:104E500050710CF110000DEB000C11F8100C11F852
:104E6000081CC0001CF8085CB0FBF1F01CF8101C1A
:104E7000C900B1FBF5F1A3F868100021A3F86A009E
:104E8000202508461460C3F8805083F87C1004B0D5
:104E900030BC704701210846EDE70220704700BF93
:104EA000C0930108E0A301080B6810B4D3B90468EB
:104EB000A3F500434A6823401343D1E90242234348
:104EC0001343D1E9044223431343D1E90642234368
:104ED0001343D1E9084223435DF8044B13430360B5
:104EE000002070470268D1E9074322F4F8422243C8
:104EF0004C6A1A430A4B2243026042681340D1E9CC
:104F0000014223431343D1E9034223431343D1E92D
:104F1000054223435DF8044B134343600020704770
:104F20000080FFFF30B40ABB8368D1E9002403F09E
:104F30007043013C013A43EA04131343D1E90224CC
:104F4000013A013C43EA022343EA0432D1E9043442
:104F50008969013B013C013942EA034343EA0453B6
:104F600043EA016330BC8360002070478268CC68EC
:104F7000114B013C13404A6943EA0433541E43EA8F
:104F80000454D1E900258460C3686C1E013A03F023
:104F9000704343EA04130C691A438B68013C896926
:104FA000013B013942EA032343EA044343EA016334
:104FB00030BCC36000207047FF0F0FFF0246D1E9ED
:104FC000003010B403431469D1E9021023435DF8A3
:104FD000044B013943EA4023002043EA41131361A3
:104FE000704700BF0246054B002010B454692340AF
:104FF0005DF8044B43EA41015161704701C0FFFF76
:1050000084B0844600B583B00DF1140E8EE80E0016
:105010000A9B012B32D1826BA3F14213119922F426
:10502000803201298263C26803EA0203C360C36855
:1050300023F44013C3606DD00023394A009303E08A
:10504000DCF81030002B34DB009B013393420093DB
:10505000F6D90320089B012B0BD1DCF8083043F074
:105060000803CCF80830DCF8083043F02003CCF813
:10507000083003B05DF804EB04B07047C36800214A
:10508000274A43F04003C360019103E0DCF810308D
:10509000002B2ADB019B013393420193F6D90320B5
:1050A0000E9BDBB9DCF8383043F48033CCF8383071
:1050B000D0E700231A4A0093DCF8103043F00103D4
:1050C000CCF8103004E0DCF8100010F00100C1D082
:1050D000009B013393420093F5D9BAE7DCF83830EE
:1050E00023F48033CCF83830B4E700230C4A019322
:1050F000DCF8103043F00103CCF8103004E0DCF8A9
:10510000100010F00100CBD0019B013393420193BA
:10511000F5D9C4E7C36843F48013C3608CE700BFCC
:10512000400D0300022A82B0844613D00923019364
:10513000DCF80C30002023F47053CCF80C30019BC9
:10514000DCF80C209B0203F470531343CCF80C30B2
:1051500002B07047224B234A0B44934207D9224B9B
:10516000224A0B44934205D80E230193E0E70F2314
:105170000193DDE71E4B1F4A0B44934207D91E4B98
:105180001E4A0B44934205D20C230193D0E70D2312
:105190000193CDE71A4B1B4A0B44934202D80B23D1
:1051A0000193C5E7184B194A0B44934202D20A23D4
:1051B0000193BDE7164B174A0B449342B6D3164BE7
:1051C000164A0B44934202D208230193B0E7144BD2
:1051D000144A0B44934234BF072306230193A7E7E5
:1051E000405327FFFF340C00401E1BFF3F420F00BF
:1051F00000DC0BFF7F4F1200808CF9FE20D61300DD
:1052000060B6E5FE5FE3160000D3CEFE40771B00DC
:10521000C05BB3FEC091210000CA91FE207538002A
:10522000E05459FEE09C4100034600209A6842F099
:1052300001029A60704700BF034600209A6822F07E
:1052400001029A60704700BF08B5C368012923F0C6
:10525000C043C3600BD041B9C36843F08043C3600F
:105260003220F6F725F8002008BD012008BDC368EC
:1052700043F00053C360F3E784B02DE9F04782B0F8
:105280000BAC0E9D84E80E000023159CC0F8043181
:10529000C0F80831C0F80C31C0F81031C0F8143132
:1052A000C0F81831C0F81C31C0F82031C0F82431E2
:1052B000C0F82831C0F82C31C0F83031C0F8343192
:1052C000C0F83831C0F83C31836B002C40F0AC8022
:1052D00023F400138363036843F04003036003680F
:1052E00043F080030360002300F5006CC0F8003E2B
:1052F000D0F80038C0F80038109B012B00F0A980CE
:10530000D0F8003843F00303C0F800380023584AAF
:1053100000934FF48463036104E0036913F02003F6
:1053200000F08680009B013393420093F5D901225F
:1053300000234F4E01931023036102E00369DB0653
:1053400005D5019B0133B3420193F7D90122002611
:10535000CCF81060CCF81460CCF81C60E9B100F512
:1053600010634FF090494FF0006AB6464FF67F3811
:1053700009E0C3F800E00136C3F810E0C3F8088084
:1053800020338E4231D01F68002FF2DA16B1C3F8F5
:105390000090F0E7C3F800A0EDE7DCF81030012D35
:1053A00023F48073CCF8103044D0002383616FF075
:1053B000804343611DB9836943F0100383618169B0
:1053C0002C4B0B431199836119B1836943F0080396
:1053D0008361012C03D18169274B0B438361104604
:1053E00002B0BDE8F04704B07047002600F5306316
:1053F0004FF090494FF0006AB6464FF67F3809E00B
:10540000C3F800E00136C3F810E0C3F80880203389
:105410008E42C2D01F68002FF2DA16B1C3F8009096
:10542000F0E7C3F800A0EDE743F4001383635AE705
:105430001A467DE7114BCCF83030114BDCF83010B8
:105440000B430021CCF830306FF080438161436121
:10545000B5E70D9B23B9D0F80038C0F8003855E700
:10546000D0F8003843F00103C0F800384EE700BF21
:10547000400D030000383C80040000400001800023
:1054800003000100890182B000230A4A41F0200193
:105490000193016103E0036913F0200307D0019B2E
:1054A000013393420193F6D9032002B070471846A6
:1054B00002B07047400D0300D0F8083882B003F006
:1054C00006030193019838B10198022804D0019B8A
:1054D000062B0CBF02200F2002B0704730B44B786F
:1054E0000A78012B20D002F00F0C4FF48033D0F853
:1054F0001C4800EB421203FA0CF32343C0F81C389B
:10550000D2F8003B1B040CD48B68D2F8004BC3F3D9
:105510000A03C8781449234343EA80431943C2F875
:10552000001B002030BC704700F5006402F00F053E
:1055300000EB4210AB40E5692B43E361D0F8003942
:105540001C04EED48B68D0F80059C3F30A03CC785E
:1055500005492B4343EA844343EA8252114330BC5A
:10556000C0F80019002070470080001010B44A787D
:105570000B78012A1CD003F00F014FF48032D0F8D1
:105580003C4800EB43138A40174924EA0204C0F860
:105590003C48D0F81C4824EA02025DF8044BC0F8ED
:1055A0001C280020D3F8002B1140C3F8001B7047C3
:1055B00003F00F01D0F83C4800EB43138A400B493D
:1055C00024EA0204C0F83C48D0F81C4824EA02024D
:1055D0005DF8044BC0F81C280020D3F800291140C6
:1055E000C3F80019704700BF0078F3EF007833EC80
:1055F0002DE9F0414B7891F800C0012B51D000EB20
:105600004C1C844CDCF8105B0CF530632C401C61A6
:10561000814C1D692C401C614C6984B38D68012A42
:105620007E4E2C4404F1FF34B4FBF5F406EAC44E7C
:10563000A4B205FB04F41D694EEA0505C4F3120487
:105640001D611D6944EA05041C6125D0CB78012B3E
:105650000CD1D0F8083813F4807FDCF8003B0CBF85
:1056600043F0005343F08053CCF8003BDCF8003BA0
:1056700043F00443CCF8003B0020BDE8F0818C6887
:10568000012A1D69C4F3120444EA05041C611C6963
:1056900044F400241C61D9D1CA68002AD6D05A61CA
:1056A000D4E74D69002D3DD000EB4C14594ED1F894
:1056B00008E0D4F81089584F08EA0606C4F81069C3
:1056C00005EB0E06013EB6FBFEFED4F8106937402E
:1056D000524EC4F8107906EACE46D4F810793E430B
:1056E000C4F81069C5F31206D4F810793E43C4F823
:1056F000106904F5106691F803E0BEF1010F57D070
:10570000012A72D0D4F800290CF00F0C42F00442A8
:1057100003FA0CF3C4F80029D0F834281343C0F876
:105720003438A9E700EB4C133B4E3A4C012AD3F82E
:10573000107906EA0706C3F81069D3F8106946F431
:105740000026C3F81069D3F8106904EA060403F5CB
:105750001066C3F8104991F803E03AD0D3F8004935
:10576000BEF1010F44F00444C3F8004984D1D0F8DD
:10577000083813F4807F33680CBF43F0005343F0C4
:1057800080533360002A7FF477AFADB20335AD08A4
:105790003FF472AFCB6800EB0C3C03EB85010CF5DA
:1057A000805C53F8042B8B42CCF80020F9D163E7DE
:1057B0003369012A23F0C0433361336943F0005356
:1057C000336117D0D4F8003943F00443C4F80039EA
:1057D000CDE70B6963B9BEF1010F0ED0336800202D
:1057E00043F004433360BDE8F0810B69002BF5D032
:1057F0007361F0E70B69002BFAD1D0F8083813F485
:10580000807F33680CBF43F0005343F08053336014
:10581000E4E700BF0000F8FFFFFF07E00000F81F0B
:10582000F0B54C780B78012C26D000EB4310574C88
:10583000D0F8105B00F530632C401C61544C1D699E
:105840002C401C614C69A4B98C681D69C4F3120416
:10585000012A45F400251D611D6944EA05041C6107
:1058600049D0D0F8003B43F00443C0F8003B00208F
:10587000F0BD8C684C61E8E74C69002C40D000EB2F
:105880004315424FD1F808E0D5F810C9404E744591
:105890000CEA070705F5106CC5F81079D5F81079F2
:1058A00006EA0706C5F8106958D9DCF81040012A45
:1058B000C1F814E044F40024CCF81040CEF31204F4
:1058C000DCF8106044EA0604CCF810403AD0D5F871
:1058D000002942F00442C5F80029BEF1000FC6D0ED
:1058E00003F00F010123D0F834288B401343C0F894
:1058F00034380020F0BDCA68002AB2D05A61B0E73F
:1059000000EB4310224B012AD0F8104900F5106C2F
:1059100003EA0403CCF81030DCF8103043F4002321
:10592000CCF81030194BDCF8104003EA0403CCF833
:10593000103007D0D0F8003943F00443C0F80039E4
:105940000020F0BD0B690BB1CCF81430DCF800304E
:10595000002043F00443CCF80030F0BDDCF81060C8
:10596000C4F31204012A46F40026CCF81060DCF8D7
:10597000106044EA0604CCF81040E3D0D5F80029C2
:1059800042F00442C5F80029AAE700BF0000F8FF72
:10599000FFFF07E010B49DF8044064B903339B088F
:1059A00009D0013201EB830300EB023051F8042BE4
:1059B0008B420260FAD100205DF8044B704700BFB3
:1059C000033292080AD000F5805C01EB8200DCF81B
:1059D000003041F8043B8842F9D1704708467047CF
:1059E0004A780B78012A00EB43100CD0D0F8002B3A
:1059F0000BB1002A14DAD0F8003B43F40013C0F8CE
:105A0000003B00207047D0F80029002A00DB73B962
:105A1000D0F8003943F40013C0F800390020704773
:105A2000D0F8003B23F08043C0F8003BE3E7D0F818
:105A3000003923F08043C0F80039D0F8003943F42E
:105A40000013C0F80039E9E74A780B78012A00EB27
:105A5000431013D0D0F8003B23F40013C0F8003BF0
:105A6000CB78023B012B01D900207047D0F8003BD6
:105A700043F08053C0F8003B00207047D0F8003955
:105A800023F40013C0F80039CB78023B012BEBD88C
:105A9000D0F8003943F08053C0F800390020704737
:105AA000034609010020D3F8002801F4FE6122F426
:105AB000FE62C3F80028D3F800281143C3F8001889
:105AC000704700BF08B503460320D3F8042822F02E
:105AD0000202C3F80428F5F7EBFB002008BD00BF65
:105AE00008B503460320D3F8042842F00202C3F8A5
:105AF0000428F5F7DDFB002008BD00BF82B0436934
:105B000001938269019B13400193019802B0704791
:105B100082B0D0F818380193D0F81C28019B1340AC
:105B200001930198000C02B0704700BF82B0D0F81A
:105B300018380193D0F81C28019B13400193019859
:105B400080B202B0704700BF00EB411182B0D1F8C3
:105B5000083B0193D0F81428019B1340019301984E
:105B600002B0704784B0D0F8103801F00F0C00EB91
:105B700041110293D0F834380393039B029A23FA1D
:105B80000CF3DB01DBB213430293D1F80839029A1C
:105B900013400193019804B0704700BF406900F0C2
:105BA00001007047D0F8001900F500630A4A0A4066
:105BB000C0F800299A6802F00602042A05D1D0F83C
:105BC000002942F00302C0F800295A68002042F47C
:105BD00080725A60704700BF00F8FFFF144B10B48A
:105BE000046C9C421AD800F530600023012903613F
:105BF000036943F400230361036943F0180303615D
:105C0000036943F0C043036104D14261036843F078
:105C10008023036000205DF8044B7047D0F8003B00
:105C200000F53060002BE0DA00205DF8044B70478F
:105C30000A30544FD0F8002401F00303012900F585
:105C4000806C22F00302C0F80024D0F8002443EA5C
:105C50000203C0F8003409D0022901D000207047A7
:105C600041F270730020CCF8043070474BF680335B
:105C70000020CCF804307047D0F8140480B270478C
:105C800000EB4111002382B001F5A0620193D1F82D
:105C9000003513F4802FD1F8003543F08043C1F86C
:105CA000003522D1C36A13F47F0FD1F8003523D118
:105CB00023F00043C1F80035D1F8003543F000432C
:105CC000C1F80035D1F8003523F40043C1F80035A0
:105CD00002E01368002B13DA019B0133B3F57A7FDE
:105CE0000193F6D9002002B07047D0F8103413F4B5
:105CF0007F0FD1F8003506D043F00043C1F80035DE
:105D0000002002B0704723F00043C1F80035D1F8FD
:105D1000003543F00043C1F80035D1F8003523F4D5
:105D20000043C1F8003502E01368002BE8DA019B5C
:105D30000133B3F57A7F0193F6D9002002B07047A2
:105D400030B4002484B04FF48465AA4A009401461C
:105D5000836823F0010383600394056102E00B690B
:105D6000980604D5039B013393420393F7D900208F
:105D70001023A04A02900B6102E00B69DB0604D5F8
:105D8000029B013393420293F7D9D1F8003501F514
:105D9000A06201F5E0600193019B43F08043019311
:105DA000019B23F000430193019B23F400430193E3
:105DB000019BC1F80035D1F820350193019B43F0D8
:105DC00080430193019B23F000430193019B23F443
:105DD00000430193019BC1F82035D1F84035019370
:105DE000019B43F080430193019B23F00043019307
:105DF000019B23F400430193019BC1F84035D1F886
:105E000060350193019B43F080430193019B23F094
:105E100000430193019B23F400430193019BC1F8CC
:105E20006035D1F880350193019B43F080430193A5
:105E3000019B23F000430193019B23F40043019352
:105E4000019BC1F88035D1F8A0350193019B43F047
:105E500080430193019B23F000430193019B23F4B2
:105E600000430193019BC1F8A035D1F8C0350193DF
:105E7000019B43F080430193019B23F00043019376
:105E8000019B23F400430193019BC1F8C035D1F875
:105E9000E0350193019B43F080430193019B23F084
:105EA00000430193019B23F400430193019BC1F83C
:105EB000E035D1F800360193019B43F08043019314
:105EC000019B23F000430193019B23F400430193C2
:105ED000019BC1F80036D1F820360193019B43F0B5
:105EE00080430193019B23F000430193019B23F422
:105EF00000430193019BC1F82036D1F8403601934D
:105F0000019B43F080430193019B23F000430193E5
:105F1000019B23F400430193019BC1F84036D1F863
:105F200060360193019B43F080430193019B23F072
:105F300000430193019B23F400430193019BC1F8AB
:105F40006036D1F880360193019B43F08043019382
:105F5000019B23F000430193019B23F40043019331
:105F6000019BC1F88036D1F8A0360193019B43F024
:105F700080430193019B23F000430193019B23F491
:105F800000430193019BC1F8A036D1F8C0360193BC
:105F9000019B43F080430193019B23F00043019355
:105FA000019B23F400430193019BC1F8C036D1F853
:105FB000E0360193019B43F080430193019B23F062
:105FC00000430193019B23F400430193019BC1F81B
:105FD000E03613680193019B43F080430193019BDA
:105FE00043F000430193019B23F400430193019B81
:105FF000136004E0400D03001368002B05DA009BDA
:106000000133B3F57A7F0093F6D920328242E0D192
:106010004FF0FF330020C1F814344B618B6843F01C
:1060200001038B6004B030BC704700BF08B580B17D
:10603000D0F88C3213B10023C0F88C3209B1C0F80B
:1060400088120123027080F87432F4F7EDFE00200C
:1060500008BD054802F062F8044802F05FF80A2023
:1060600002F074F8022008BDECA30108F4A30108B3
:1060700008B521B103460020C3F88C1208BD0548BD
:1060800002F04CF8044802F049F80A2002F05EF8E9
:10609000022008BDECA301080CA4010808B5F4F720
:1060A00035FF002008BD00BF08B5D0F88C321BB109
:1060B0001B68984700B908BD022008BD08B5D0F894
:1060C0008C325B689847002008BD00BF38B500F5EA
:1060D00020750446284600F07DFB0122B4F8863284
:1060E00094F88012C4E99B2301F01F03934209D066
:1060F000022B13D063B101F080012046F4F734FF86
:10610000002038BD2946204600F092FA002038BD14
:106110002946204600F00AF9002038BD29462046CD
:1061200000F0BAFA002038BD38B5054669B9134603
:10613000D0F86C22032A15D0052A0C460ED1C5F8DA
:106140006C12F4F711FF204638BDD0F88C329B69F1
:1061500033B190F87422032A02D19847002038BD49
:10616000022038BDD0E9531291420CD9891A8A42D3
:10617000C0F84C1188BF8AB2194698BF92B200F09D
:1061800099FB002038BDD0F88C321B691BB190F808
:106190007422032A04D0284600F096FB002038BD64
:1061A0009847F8E770B5044661B9D0F86C32022B15
:1061B00015D033F0040337D094F87832012B2ED069
:1061C000002070BDD0F88C325B6933B190F8742236
:1061D000032A02D19847002070BD022070BDD0E98B
:1061E00008630D469E4223D8C669B6FBF3F203FB53
:1061F00012620AB9B34228D9D4F88C32DB681BB1D9
:1062000094F87422032A30D080212046F4F7ACFEA3
:10621000204600F065FB94F87832012BD0D10023A2
:10622000184684F8783270BD8021F4F79DFEC3E7EC
:10623000F31A114603629AB200F024FB2B462A4659
:1062400029462046F4F7DCFEB6E7D0F870329E42CD
:10625000D2D20A4600F016FB2B462A462946204693
:10626000C4F87052F4F7CCFEA6E720469847CBE777
:1062700070B5002240260446012511463346F4F746
:1062800053FE3346802100222046C4F84451C4F80E
:106290005061F4F749FE0021D4F89032A56166629E
:1062A00084F87452C4F86C126160C4F87C1223B193
:1062B000D4F88C3220465B689847002070BD00BF40
:1062C000034600201974704703460421002093F808
:1062D000742283F8741283F87522704703460020F5
:1062E00093F8752283F87422704700BF90F87422E7
:1062F000032A01D00020704708B5D0F88C32DB6942
:1063000003B19847002008BD002070470020704767
:1063100000207047D0F88C22012108B580F8741253
:10632000017953689847002008BD00BF30B50B784D
:1063300083B00D46044603F06003202B0DD0402BA4
:106340000BD09BB180212046F4F70EFE00212046A1
:10635000F4F70AFE002003B030BDD4F88C32294691
:1063600020469B689847002003B030BD4B78092B2E
:10637000E8D801A252F823F0D3630108FF630108B3
:10638000456301081D64010845630108256401088F
:106390005D640108456301088D640108A16301087B
:1063A0008978A24D01292970CCD890F87432022B3B
:1063B00000F01281032B00F000818021F4F7D4FD5E
:1063C00000212046F4F7D0FD29782046FFF776FE1D
:1063D000C0E790F87432013B022BB3D8CB88022B74
:1063E000B0D10122D0F87C32C2600BB10323C3606C
:1063F000022204F10C01204600F036FAAAE790F8D8
:106400007432013B022B9DD84B88012BA2D1002373
:106410002046C4F87C3200F057FA9BE74B88012BEA
:1064200098D1F5E78B88002B8CD1CB88002B89D1B4
:106430004D887F2D86D890F87432032B82D0E9B234
:1064400080F87612F4F7C0FD204600F03DFA002DEA
:1064500000F0E080022384F874327BE74A88130A54
:10646000013B062B3FF66EAF01A151F823F000BFB0
:106470002165010809650108F76401084563010801
:1064800045630108E1640108B3640108CA88012A70
:106490007FF458AF90F87432022B00F28780002B03
:1064A0003FF450AF0146002341F8083F00F0DCF90B
:1064B00050E7037C002B7FF445AFD0F88C320DF110
:1064C00006001B6B984707234370BDF80620002A7F
:1064D00067D0EB88002B5BD1204600F0F5F939E757
:1064E000037C002B7FF42EAFD0F88C320DF1060028
:1064F0005B6B9847E9E7D1B2052900F28F80DFE8AE
:1065000001F0271F17372F3F037C002B72D1D0F8E3
:106510008C320DF106009B6A984702234370D4E742
:10652000D0F888320DF10601007C1B689847CCE753
:10653000D0F888320DF10601007CDB689847C4E78B
:10654000D0F888320DF10601007C9B689847BCE7C3
:10655000D0F888320DF10601007C5B689847B4E7FB
:10656000D0F888320DF10601007C5B699847ACE7F2
:10657000D0F888320DF10601007C1B699847A4E72A
:10658000D0F888320DF10601007C9B6998479CE7A2
:106590009A420146204628BF1A46ADF8062000F070
:1065A00063F9EB88002B7FF4D5AE95E7032B7FF4DE
:1065B000C9AE011D00F058F9CCE621B341680129AC
:1065C0008AD0C9B2FFF77AFD297820466160FFF7CB
:1065D0006BFD022880D1B5E600293FF47DAF012193
:1065E0000323416080F87432FFF75EFD02287FF4D8
:1065F00073AFA7E6D0F88C320DF10600DB6A98473E
:106600000223437061E70223416080F87432FFF790
:1066100055FD61E7012384F874329BE6D0F88C3293
:106620000DF106029B6B98474FE700BF20EA01245B
:1066300038B50B780D46044603F06002402A0AD0B4
:106640005B0608D58021F4F78FFC00212046F4F783
:106650008BFC002038BD94F87432013B022B11D81A
:106660002B79012B0ED8D4F88C32294620469B6812
:106670009847EB88002BECD10028EAD1204600F0A7
:1066800023F9E6E780212046F4F76EFC002120463E
:10669000F4F76AFC002038BD38B50B78044603F0E7
:1066A0006003202B0CD0402B0AD083B180212046E0
:1066B000F4F75AFC00212046F4F756FC002038BDC0
:1066C000D4F88C3220469B689847002038BD4B7820
:1066D0008A88012B5FFA82FC37D0032B23D0002B52
:1066E000E4D190F87432022B4AD0032BDED10CF0A7
:1066F0000F03120603EB830300EB830351D4D3F89B
:106700004431002BD2D00CF07F03142505FB030588
:1067100005F5A075002B4FD12B600222294620469B
:1067200000F0A2F8CAE790F87432022B1DD0032BB8
:10673000BCD14B882BB91CF07F0F02D0CB88002B2B
:1067400043D0204600F0C0F8B8E790F87432022B2E
:106750000BD0032BAAD14B88002BAFD11CF07F0F9D
:10676000EFD06146F4F70EFCEBE71CF07F0F9DD0F5
:106770006146F4F7F9FB80212046F4F7F5FB9DE72D
:106780001CF07F0F92D111064FF000034FF0020270
:106790004CBF00F1140100F5A0710B6000F064F82B
:1067A0008CE79B69002B81D00CF07F035D1C05EB0F
:1067B000850500EB8505ADE761462046F4F7F0FB63
:1067C00008B10123A8E72860A7E76146F4F7CCFBEE
:1067D000B7E700BF0B7803704B784370CA788B78AB
:1067E00003EB022343804A790B7903EB0223838076
:1067F000CA798B7903EB0223C380704710B5044636
:106800008021F4F7B1FB00212046BDE81040F4F7E9
:10681000ABBB00BF18B3037830B40BB30446C0F170
:10682000010C04EB0C0314F8015FDBB2002DF8D16E
:1068300001335B00DCB2138003230C704B700478CF
:106840005CB1022300255A1CCC540233D2B2DBB215
:106850008D5410F8014F002CF5D130BC70477047B3
:1068600002242346E7E700BF10B5134602240A4678
:106870000021C0F86C42C0E90733F4F7B3FB0020F5
:1068800010BD00BF8C46002108B513466246F4F7E0
:10689000A9FB002008BD00BF10B5134603240A461B
:1068A0000021C0F86C42C0E95233F4F7A9FB002084
:1068B00010BD00BF8C46002108B513466246F4F7B0
:1068C0009FFB002008BD00BF08B504210023C0F8CD
:1068D0006C121A461946F4F785FB002008BD00BF6C
:1068E00008B505210023C0F86C121A461946F4F7C2
:1068F00087FB002008BD00BFD0F8C4230132C0F8D8
:10690000C42302780B2A00D07047D0F87C33002BC8
:10691000FAD09B69184700BF012380F823337047E2
:10692000002380F8233370470346002201211046DC
:1069300083F8201383F8212383F82223704700BFB4
:1069400038B501230025044680F8213380F823530D
:1069500080F82053F4F77CFB2179204600F006F8FC
:106960006179204600F002F8284638BD0A2907D888
:1069700000EB8100D0F88433C3F30E03C0F88433F6
:1069800000207047704700BF012910B506D00229CA
:1069900015D051B1BDE81040F8F71EBB0A46344887
:1069A0003449FFF743FBE8B1FEE7334B0A46334C6B
:1069B000334934481C60FFF739FB68B1FEE7012218
:1069C0002C492B48FFF732FB00B1FEE72E4928483F
:1069D000FFF74EFBC0B1FEE72B492A48FFF748FB03
:1069E00060B1FEE728492248FFF742FB00B1FEE70D
:1069F00026491F4800F034FE08B3FEE72449214829
:106A000000F02EFEA8B1FEE72049194800F028FE4C
:106A100000B1FEE71648FFF741FB024640B9164BAE
:106A2000164C174917481C60FFF700FB68B1FEE7DA
:106A3000FEE71448FFF732FB0028ABD0FEE70C4816
:106A4000FFF72CFB0028A5D0FEE70F490D48FFF704
:106A50000FFB00B1FEE70E490A4800F001FE00B14D
:106A6000FEE70848FFF71AFB002893D0FEE700BFB7
:106A7000C0EC0124AC0400245CEF0124856901080A
:106A80009004002424EA012410050024700400244A
:106A90006004002410B50B4B012A0B4C084619600A
:106AA000216006D0022A01D03AB110BD00F0A4FA4C
:106AB0002068BDE8104000F0A5BABDE8104000F025
:106AC0009BBA00BF5CEF012460EF01240148F7F797
:106AD00061BD00BF48DF01240148F7F75BBD00BF7F
:106AE00048DF01240148F7F755BD00BF48DF012406
:106AF0000C4A82B00C4BD2F8DC1041F04001C2F8D5
:106B0000DC10D2F8DC2002F040020192019A1A68EF
:106B100022F020021A601A6842F004021A6002B0E1
:106B2000704700BF0044025800180248714A0368C9
:106B300011698B4200B587B04BD0916E8B4200F04B
:106B4000B680D2F8C0108B4200F0B380D2F8181192
:106B50008B4200F0B080B3F1804F1ED0664A934262
:106B60000DD0664A934200F0A880654A934200F037
:106B7000B280644A93421ED007B05DF804FB624BBA
:106B8000D3F8E82042F00202C3F8E820D3F8E83056
:106B900003F002030293029BEEE75B4BD3F8E8207D
:106BA00042F00102C3F8E820D3F8E83003F0010313
:106BB0000193019BE0E7544BD3F8E82042F0100228
:106BC000C3F8E820D3F8E83003F010030593059BE1
:106BD000D2E700205821B3F1804F01FB0022127B45
:106BE0001ED045498B4235D044498B4248D0444958
:106BF0008B42BED1444BD3F8E81041F00801C3F8F2
:106C0000E810D3F8E83003F008030493049B002A4B
:106C1000B2D0322000220F21F5F754F9322014E0CF
:106C2000394BD3F8E81041F00101C3F8E810D3F86C
:106C3000E83003F001030193019B002A9CD01C2043
:106C400000220F21F5F73EF91C2007B05DF804EB98
:106C5000F5F776B92C4BD3F8E81041F00201C3F8F0
:106C6000E810D3F8E83003F002030293029B002AF5
:106C700082D01D2000220F21F5F724F91D20E4E722
:106C8000214BD3F8E81041F00401C3F8E810D3F821
:106C9000E83003F004030393039B002A3FF46CAF36
:106CA0001E2000220F21F5F70DF91E20CDE701204F
:106CB00090E702208EE703208CE7134BD3F8E820FF
:106CC00042F00402C3F8E820D3F8E83003F00403EC
:106CD0000393039B50E70C4BD3F8E82042F00802E3
:106CE000C3F8E820D3F8E83003F008030493049BCA
:106CF00042E700BF68EF01240004004000080040A4
:106D0000000C004000100040004402580F4B026885
:106D100019698A420BD0996E8A4211D0D3F8C010FB
:106D20008A420FD0D3F818118A420DD07047002143
:106D3000582202FB01331A6D002AF7D0586D104714
:106D40000121F5E70221F3E70321F1E768EF0124D0
:106D50000148FCF71BB900BF78EF01240148FCF79C
:106D600015B900BFD0EF01240148FCF70FB900BFEF
:106D700028F001240148FCF709B900BF80F0012484
:106D8000F0B54FF0580C0F682E4D8DB00CFB07FC82
:106D9000032F05EB0C06066047DC0B4608683446FB
:106DA00049689A6807C41B7B237004AC7268264B41
:106DB000002A4FF00002726118BF1022B2610FCB9F
:106DC00084E80F000CAB03EB870353F8203CB3F1CE
:106DD000804F336124D01D4A934221D030890CF179
:106DE000100458230021802203FB07532C44C3E9DD
:106DF00007019A622046FBF733FF034600B1FEE726
:106E00004FF4805208A92046099301930892CDE9D6
:106E10000A33CDE90233FBF7F3FF034640B1FEE747
:106E2000582303FB07539868D9E701200DB0F0BD44
:106E300001A9204601930393FCF760F90028F5D0DF
:106E4000FEE700BF68EF0124C8930108000C004072
:106E5000006808B5037B10302BB1FBF7BBFF00388F
:106E600018BF012008BDFBF79BFF003818BF0120A9
:106E700008BD00BF03681B69586A70470C4B0022AD
:106E80004FF0FF311A739960196683F86420C3F8D4
:106E9000B81083F8BC20C3F8101183F81421C3E99B
:106EA0000022C3E91622C3E92C22C3E9422270471B
:106EB00068EF0124704700BF0020704770B504469A
:106EC000074E0D463046214600F0DCFB304600F010
:106ED000E1FB044B204629461B689847002070BD03
:106EE00024EA0124C810022470B50446074E0D465A
:106EF0003046214600F0C6FB304600F0CBFB044B89
:106F0000204629461B689847002070BDC0EC01242C
:106F1000CC10022400220949094808B500F0A8FB5A
:106F20000849074800F0AEFB074B1A680AB1002079
:106F300008BD064A00201A6008BD00BFC800022430
:106F400024EA0124C8F00124C8100224B56E010807
:106F500000220949094808B500F08AFB084907489A
:106F600000F090FB074B1A680AB1002008BD064AE2
:106F700000201A6008BD00BFC8080224C0EC01242C
:106F8000C8F80124CC100224B56E010820280AD0CC
:106F9000212806D1094B18689A889B7908608A8055
:106FA0008B7100207047054B0868B1F804C08A79DE
:106FB00018600020A3F804C09A7170478004002470
:106FC00020280AD0212806D1094B18689A889B7975
:106FD00008608A808B7100207047054B0868B1F803
:106FE00004C08A7918600020A3F804C09A71704721
:106FF0008804002400207047014B1860704700BFD0
:10700000C8100224014B1860704700BFCC10022446
:10701000122301480B807047DC040024122301482E
:107020000B807047C8040024042301480B8070477C
:10703000F004002410B5044C0A4604482146FFF72A
:10704000E9FB204610BD00BFD010022424A4010893
:1070500010B5044C0A4604482146FFF7DBFB2046E6
:1070600010BD00BFD010022434A4010810B5044C98
:107070000A4604482146FFF7CDFB204610BD00BF5D
:10708000D010022448A4010810B5044C0A46044854
:107090002146FFF7BFFB204610BD00BFD0100224E1
:1070A00054A4010810B5044C0A4604482146FFF7D1
:1070B000B1FB204610BD00BFD010022464A401081B
:1070C000042301480B807047F004002410B5044CE1
:1070D0000A4604482146FFF79DFB204610BD00BF2D
:1070E000D010022424A40108464A4FF01A0CD2F80A
:1070F0000008D2F80838A1F800C0C31801D14248EE
:107100007047180FB3F1204FD2F804184FF0000C5D
:107110003D4A2CBF3730303082F803C04FF0000CAE
:107120009070C3F3036082F805C04FF0000C09288B
:1071300082F807C04FF0000C8CBF3730303082F837
:1071400009C04FF0000C1071C3F3035082F80BC05C
:107150004FF0000C092882F80DC08CBF373030305A
:107160009071C3F3034009288CBF37303030107260
:10717000C3F3033009288CBF373030309072C3F32B
:10718000032009288CBF373030301073C3F303104D
:1071900003F00F0309288CBF37303030092B907370
:1071A0004FF0000094BF30333733B1F1204FD0732C
:1071B00013744FEA11734FF000002CBF3733303394
:1071C000507400209374C1F30363D0740020092B22
:1071D00050754FF000008CBF37333033D0751375C6
:1071E000C1F303530848092B8CBF373330339375F1
:1071F000C1F30343092B94BF303337331376002395
:107200005376704700E0F11FF4040024464A4FF023
:107210001A0CD2F80008D2F80838A1F800C0C31838
:1072200001D142487047180FB3F1204FD2F804182B
:107230004FF0000C3D4A2CBF3730303082F803C08D
:107240004FF0000C9070C3F3036082F805C04FF05C
:10725000000C092882F807C04FF0000C8CBF3730B3
:10726000303082F809C04FF0000C1071C3F30350A6
:1072700082F80BC04FF0000C092882F80DC08CBFBB
:10728000373030309071C3F3034009288CBF37305A
:1072900030301072C3F3033009288CBF37303030E0
:1072A0009072C3F3032009288CBF3730303010733D
:1072B000C3F3031003F00F0309288CBF37303030BD
:1072C000092B90734FF0000094BF30333733B1F186
:1072D000204FD07313744FEA11734FF000002CBF8E
:1072E00037333033507400209374C1F30363D07488
:1072F0000020092B50754FF000008CBF373330331E
:10730000D0751375C1F303530848092B8CBF37336D
:1073100030339375C1F30343092B94BF30333733B4
:10732000137600235376704700E0F11FF404002425
:1073300010B5044C0A4604482146FFF76BFA204674
:1073400010BD00BFD010022454A4010810B5044C95
:107350000A4604482146FFF75DFA204610BD00BFEB
:10736000D010022448A40108034688B190F83D20BB
:10737000022A03D0802201209A6670470268042105
:10738000002083F83D10D36823F00103D3607047D9
:1073900001207047D0F8943283B110B5D0F89042F4
:1073A00094F80002FF2807D09B68214694F8012238
:1073B0009847FF2384F80032002010BD002070475A
:1073C000054A0346054912780548012A12BF43229F
:1073D000652208461A80704764EF012424060024C1
:1073E0004C050024054A0346054912780548012A40
:1073F00012BF4322652208461A80704764EF0124B9
:107400002406002490050024054A03460549127805
:107410000548012A12BF4322652208461A80704798
:1074200064EF012424060024E005002403460A2218
:1074300001481A80704700BFD405002438B50446BF
:10744000D0F89052F3F7EAFDD4F89032C5F80C0268
:107450004BB1D4F8943205F50371D5F80402DB681A
:107460009847002038BD022038BD00BF38B5D0F89D
:10747000905205B301EB810E00EB8E0EDEF81C304E
:1074800063B1D0F89822C1EBC10C02EB8C0CDCF894
:107490004440B3FBF4F204FB123424B10023184639
:1074A000C5F8143238BD23462246CEF81C40F3F707
:1074B00099FD204638BD022038BD00BFF0B591F8D7
:1074C00000C083B000230C461CF060060546D0F8CF
:1074D00090728DF80530ADF8063013D0202E17D1FC
:1074E000CA88EAB11CF0800F3ED01E46D0F8943214
:1074F000394660789B689847E28839462846FFF706
:10750000B3F90AE04B780A2B1FD00B2B27D083B19D
:10751000214628460226FFF771F9304603B0F0BD38
:10752000D0F89432164648789B689847304603B0A6
:10753000F0BD90F87432032B20D002262846214655
:10754000FFF75CF9304603B0F0BD90F87432032BBE
:10755000F3D101220DF10501FFF786F9DDE790F87F
:107560007432032BD9D0E8E749781E4687F8012208
:1075700087F800123946FFF78FF9CEE702220DF1A6
:107580000601FFF771F9C8E738B5044600258121E7
:10759000F3F7DCFC01212046E562F3F7D7FC8221FA
:1075A0002046C4F85851F3F7D1FCD4F89032256442
:1075B0004BB1D4F894325B689847D4F8900200F04D
:1075C00099FCC4F89052002038BD00BF38B5037C48
:1075D0000446A3BB4FF40073022281210125F3F777
:1075E000A3FC4FF4007329460222E5622046F3F71C
:1075F0009BFC032208238221C4F858512046F3F74C
:1076000093FC01214FF40770216400F033FCD4F89F
:10761000943205461B68C4F8900298470023227CE8
:107620000121C5F81432C5F8183282B94FF400733D
:10763000D5F804222046F3F7E3FC002038BD4023B0
:10764000022281210125F3F76FFC4023CBE7402381
:10765000D5F804222046F3F7D3FC002038BD00BF44
:10766000034619B10020C3F89412704702207047F6
:1076700003460020D3F89032C3F80812C3F8102252
:10768000704700BF03460020D3F89032C3F80412BD
:10769000704700BFD0F8902210B59AB1047C44B175
:1076A00000244023D2F804220121F3F7A9FC20464C
:1076B00010BD4FF40073D2F804220121F3F7A0FCAF
:1076C000204610BD0224204610BD00BF0B460146D7
:1076D000184600F0D7BB00F000B800F00BBC00006B
:1076E00038B510EE104AC4F30A53B3F57D7FB7EEF8
:1076F000C07A1ED227EE077BB3F5667F6FD327EEE5
:10770000071B634B93ED142B93ED125B93ED0E3B34
:10771000A7EE025B93ED0C0B93ED104BA7EE030B62
:1077200027EE017BA1EE040BA5EE070BB7EEC00B15
:1077300038BD40F22E42934254D8554991ED086B22
:1077400027EE066BFDEEC66B91ED0A5B16EE903AE6
:1077500003F500031B1613F0020F06EE903A01F139
:10776000700208BF0A46D807B8EEE66BA6EE457B66
:1077700027EE076B1AD503F0030301EBC30393ED68
:10778000002B92ED1A4B92ED185B92ED163BA6EE94
:10779000045B27EE027B27EE064B26EE046BA4EE7D
:1077A000037BA5EE067BB7EEC70B38BD92ED142B1D
:1077B00092ED127B92ED0E3B92ED0C0B92ED104B85
:1077C00026EE065BA6EE027BA6EE030B26EE056B0D
:1077D000A5EE040BA7EE060BB7EEC00B38BDB7EE57
:1077E000000A38BDB3F5FF6F3DD22A4BC4F3836264
:1077F00003EB820153F822200D69C4F31603C4F38E
:10780000C25043F400038340086A03FB02F2A3FB67
:107810000010E3FB050202F100518D0F01F0404121
:10782000511AE8F73BFF1C4B9FED177B05EBD47417
:1078300041EC160B14F0020FA3F1700208BF1346BF
:10784000E90726EE077B27EE076B10D504F003044B
:1078500002EBC40494ED002B93ED1A4B93ED185BEF
:1078600093ED163B93E7BDE8384000F057B893ED31
:10787000142B93ED127B93ED0E3B93ED0C0B93EDDC
:10788000104B9DE7AFF30080182D4454FB21193CA9
:1078900000A60108A0A5010870A6010810B582B0D5
:1078A0008DED010A044600F0FBFA9DED010A04602B
:1078B00002B010BD30B1F1EE407A27EE800A2220EE
:1078C000FFF7ECBFF0EE407A27EE800A2220FFF7A8
:1078D000E5BF00BF9FED010AFFF7ECBF00000010FD
:1078E0009FED010AFFF7E6BF0000201A9FED010A95
:1078F000FFF7E0BF000000709FED070AFFEE007A7F
:10790000B7EE007A00284FF0220047FE277A87EE74
:10791000800AFFF7C3BF00BF0000000070EE407A8E
:10792000B4EE400A87EEA77AF1EE10FAB0EE470AFD
:1079300002D62120FFF7B2BF704700BF0000000051
:1079400030B410EE103A2DED028BA3F5000110EECD
:10795000902AB1F1FE4F10EE104A82B04FEA420178
:107960007ED201F1FF3C6FF08070844580F0F98099
:10797000002004F1404303F54D03C3F3C341DB0D85
:10798000DB05E21ADB1507EE903ABFEE001BB24BA7
:1079900003EB011191ED004B05EE102AB7EEC55A2D
:1079A000A4EE051B93ED444B21EE012B93ED465BBA
:1079B00093ED403BA1EE045B93ED426B93ED484B9E
:1079C000A1EE036B22EE023BB8EEE78BB7EEE07A56
:1079D00091ED020B38EE000BA1EE040BA2EE050BAD
:1079E000A6EE030B27EE000B10EE903A48F2BF0212
:1079F000C3F3CF33934252D2B7EE007B974B93ED54
:107A0000402B30EE023B13EE102A33EE423B02F0E5
:107A10001F01821803EBC10053F83140456830EE76
:107A2000433B93ED465B93ED424BA3EE057BB0EEFB
:107A3000470B93ED446B0023181905EBC23141EC61
:107A4000170BA3EE046B23EE034BA6EE040B20EE04
:107A5000070BB7EEC00B02B0BDEC028B30BC704719
:107A60004D1E6FF08070854280F0CE8059004D1E13
:107A7000854280F09280002B55DB0020B4F5000F8A
:107A8000BFF477AFDFED767A07EE103A67EE277A2C
:107A900017EE904A24F00044A4F1386469E79FEDA2
:107AA000667BB4EEC70BF1EE10FA15DC9FED647B3C
:107AB000B4EEC70BF1EE10FA20DD4FF04C5388B155
:107AC0000193DDED017ABFEE007A77EE677AF4EE8E
:107AD000477AF1EE10FA11D002B0BDEC028B30BC47
:107AE000FFF704BF0093DDED007AB7EE007A77EE82
:107AF000877AF4EE477AF1EE10FAEDD19FED527BE2
:107B0000B4EEC70BF1EE10FA57D99FED517BB4EEEE
:107B1000C70BF1EE10FA7FF56FAF02B0BDEC028B30
:107B200030BCFFF7DDBEC2F3C7517E2911DD9629B7
:107B300054DC0120C1F1960100FA01F1481E104207
:107B400007D111EA020018BF4FF4803024F000443E
:107B500094E700EE103A02B0BDEC028B30BCFFF7A8
:107B6000DDBE002952D0B3F17E5F2CD06400B4F1A9
:107B70007F4F2ED8B1F17F4F2BD1B4F1FE4F4BD0B8
:107B8000B4F1FE4F6FEA020234BF00240124D20F89
:107B900094424CD09FED330A5DE7002B20EE000AA3
:107BA0001EDB002000293AD1002ABFF654AF02B0F4
:107BB000BDEC028B30BCFFF79FBE02B0BDEC028B68
:107BC00030BCFFF787BE82F48002520012F5000F2E
:107BD00022D907EE903A37EEA00A3CE70020B5E73D
:107BE000C2F3C753A3F17F001728DAD8C3F1960078
:107BF000012303FA00F0441E1442D2D11040D1D028
:107C0000B1EE400A1846CDE70029AFD184F48002D6
:107C1000520012F5000FDCD8B7EE000A1BE7002A6D
:107C2000BFF619AFF7EE007A87EE800A13E720EE71
:107C3000A00A10E7AFF3008071D5D1FFFFFF5F40CE
:107C4000E2AAA3FFFFFF5F400000000000C062C087
:107C50000000000000A062C078A40108E0A60108AE
:107C60000000004B0000000030B510EE104AC4F3D5
:107C70000A53B3F57D7FB7EEC06A83B01BD226EE00
:107C8000065BB3F5667F70D326EE052B25EE021B4F
:107C9000754B93ED1A3B93ED187B93ED164BA5EEC8
:107CA000037BA2EE046BB0EE460BA7EE010BB7EE22
:107CB000C00B03B030BD40F22E42934260D86A49F7
:107CC00091ED087B26EE077BFDEEC77B91ED0A5B0D
:107CD00017EE903A03F500031B1613F0020F07EEA0
:107CE000903A01F1700208BF0A46D807B8EEE77B68
:107CF000A7EE456BB0EE460B26EE067B1BD403F0D9
:107D0000030301EBC30392ED1A5B93ED003B92ED8D
:107D1000186B20EE030B92ED164BA7EE056B20EED1
:107D2000075B27EE057BA5EE040BA6EE070BB7EE6F
:107D3000C00B03B030BD92ED142B27EE075B92ED24
:107D4000126B92ED0E3BA7EE026B92ED0C0B92EDD7
:107D5000104BA7EE030B27EE057BA5EE040BA6EE5A
:107D6000070BB7EEC00B03B030BD220D12F4FF6F4E
:107D7000DFD1B7EEC55B00EE104A8DED015AD8E7B2
:107D8000B3F5FF6F4BD2394BC4F3836203EB82012F
:107D900053F822200D69C4F31603C4F3C25043F410
:107DA00000038340086A03FB02F2A3FB0010E3FB1D
:107DB000050202F100518D0F01F04041511AE8F720
:107DC0006DFC2B4B9FED267B05EBD47441EC160B21
:107DD00014F0020FA3F1700208BF1346E90726EE64
:107DE000077B27EE076B1FD404F0030402EBC404E7
:107DF00093ED1A4B94ED002B93ED185B27EE027B6D
:107E000093ED163BA6EE045B27EE064B26EE046BC5
:107E1000A4EE037BA5EE067BB7EEC70B89E703B0A4
:107E2000BDE83040FFF77ABD93ED142B26EE065BDC
:107E300093ED127B93ED0E3BA6EE027B93ED0C0BC4
:107E400093ED104BA6EE030B26EE056BA5EE040B8F
:107E5000A7EE060BB7EEC00B6BE700BFAFF30080D9
:107E6000182D4454FB21193C00A60108A0A50108C7
:107E700070A60108024B0A460146186800F058B87F
:107E80008C06002410B5054C13462CB10A46014659
:107E90000220AFF3008010BD2046FCE70000000088
:107EA000014B1868704700BF8C06002470B50D4D5B
:107EB0000D4C641BA4100026A64209D10B4D0C4C9E
:107EC00002F0FEFC641BA4100026A64205D170BD82
:107ED00055F8043B98470136EEE755F8043B9847C0
:107EE0000136F2E7E0A80108E0A80108E0A80108CF
:107EF00008A90108024B0146186800F02FB800BF1E
:107F00008C0600240A44914200F1FF3300D17047EF
:107F100010B511F8014B03F8014F9142F9D110BD92
:107F200002440346934200D1704703F8011BF9E76E
:107F300037B5A1FB02244CB91146019200F07AF842
:107F4000019A054630B9284603B030BD0C220260C4
:107F50000025F8E72146FFF7E3FFF4E737B50029EE
:107F600044D051F8043C0190002BA1F10404B8BFA7
:107F7000E41800F03DFA1E4A0198136833B96360B3
:107F8000146003B0BDE8304000F038BAA34208D90D
:107F9000256861198B4201BF19685B684919216026
:107FA000EDE71A465B680BB1A342FAD91168551880
:107FB000A5420BD1246821445418A3421160E0D19A
:107FC0001C685B68536021441160DAE702D90C2316
:107FD0000360D6E7256861198B4204BF19685B68A6
:107FE000636004BF491921605460CAE703B030BD23
:107FF000D012022470B50E4E0C463168054611B9F8
:1080000000F0BAF830602146284600F0B5F8431C6D
:108010000AD0C41C24F00304A04207D0211A284629
:1080200000F0AAF8013001D14FF0FF34204670BDB6
:10803000D41202242DE9F041CD1C25F003050835AA
:108040000C2D38BF0C25002D074601DBA94205D9B0
:108050000C233B6000263046BDE8F0812E4E00F038
:10806000C7F933681C4634BB29463846FFF7C2FFC0
:10807000431C04464DD134682646002E40D1236867
:108080003146384604EB030800F076F880453AD1D3
:10809000216803356D1A25F0030508350C2D38BF0E
:1080A0000C2529463846FFF7A5FF01302BD0236861
:1080B0002B4423600EE02268521B1ED40B2A16D9D3
:1080C0006119A342256018BF5960636808BF316019
:1080D00062514B60384604F10B0600F08FF926F030
:1080E0000706231DF21AB6D09B1BA350B3E76268A4
:1080F000A3420CBF32605A60ECE723466468B2E7E3
:1081000034467668B9E70C233B60384600F076F9D0
:10811000A1E72560DEE700BFD01202240FB40A4BAE
:1081200013B51C6824B1A36913B9204600F0C0F848
:1081300005AB049AA1680193204600F0EBFA02B067
:10814000BDE8104004B070478C060024094B13B5FD
:108150001C68014634B1A36923B90190204600F0A0
:10816000A7F80199A268204602B0BDE8104000F0CF
:1081700095BD00BF8C06002438B5064D002304468B
:1081800008462B6001F0E0F8431C02D12B6803B1D4
:10819000236038BDDC1202240CB430B5174B0C1E22
:1081A0001D689DB008DA8B232B604FF0FF301DB0A7
:1081B000BDE8304002B070474FF40273ADF81430A0
:1081C00014BF04F1FF332346049307934FF6FF7364
:1081D00002900690ADF81630209A21AB02A92846ED
:1081E000019300F06DF9431CBCBF8B232B60002C66
:1081F000DDD0029B00221A70D9E700BF8C06002454
:10820000002310B50446C0E90033C0E9043383609D
:1082100081814366C2818361194608225C30FFF781
:108220007FFE054B6362054BA362054BE362054B82
:108230002462236310BD00BF2D8D01084F8D0108FE
:10824000878D0108AB8D0108014900F0AFB800BF70
:108250008590010870B568224D1E55430E4605F104
:108260007401FFF7E7FE044640B10021C0E90016A3
:108270000C30A06005F16802FFF752FE204670BD89
:10828000014800F0B3B800BFD9120224014800F041
:10829000AEB800BFD9120224014800F0A7B800BF51
:1082A000DA120224014800F0A2B800BFDA12022458
:1082B00010B50446FFF7F0FFA3691BB1BDE81040FD
:1082C000FFF7F0BFC4E912332365134B134A1B6851
:1082D000A262A34204BF0123A361204600F020F85C
:1082E0006060204600F01CF8A060204600F018F8FE
:1082F0000022E06004216068FFF782FFA06801228D
:108300000921FFF77DFFE06802221221FFF778FFC5
:108310000123A361D2E700BF28A801084982010810
:10832000F8B50746FFF7ACFF1E4B1E68B36913B9DB
:108330003046FFF7BDFF4836D6E90134013B03D58F
:1083400033680BB33668F7E7B4F90C50D5B9164B60
:10835000E36004F15800656600F047F8FFF796FF08
:10836000C4E90155C4E904552560A56108222946E0
:1083700004F15C00FFF7D4FDC4E90D55C4E91255C2
:108380002046F8BD6834D9E704213846FFF762FF7C
:10839000044630600028D5D1FFF778FF0C233B60FE
:1083A000EEE700BF28A801080100FFFF2DE9F84310
:1083B0000646884600F148040027D4E90195B9F142
:1083C000010905D52468002CF7D13846BDE8F883AB
:1083D000AB89012B07D9B5F90E30013303D02946FB
:1083E0003046C04707436835E9E770477047704734
:1083F0000148FFF7FBBF00BFD81202240148FFF776
:10840000F6BF00BFD81202242DE9F0478E689E42C5
:1084100082460C4690461F4638D88A8912F4906FDF
:1084200032D025680969A5EB0109656905EB4505A9
:1084300005EBD57501334B446D109D4238BF1D4689
:10844000530531D52946FFF7F5FD064650B90C23F3
:10845000CAF80030A38943F04003A3814FF0FF30F6
:10846000BDE8F08721694A46FFF74CFDA38923F454
:10847000906343F08003A381266165614E44A5EBC0
:1084800009052660A5603E46BE4200D93E462068EA
:108490003246414600F0AAFEA3689B1BA3602368F6
:1084A000334423600020DBE72A4600F0B9FE06468D
:1084B0000028E1D121695046FFF750FDC7E70000D1
:1084C0002DE9F04F98468B891B069DB007460D4657
:1084D00014460ED50B6963B94021FFF7ABFD286048
:1084E000286120B90C233B604FF0FF30D1E04023DE
:1084F0006B610023099320238DF82930CDF80C807F
:108500003023DFF8A8818DF82A304FF00109234687
:108510009A4613F8012B0AB1252AF9D1BAEB040BBC
:108520000BD05B46224629463846FFF76DFF0130E7
:1085300000F0AA80099A5A4409929AF80030002B58
:1085400000F0A28000234FF0FF32CDE905230AF1AD
:10855000010A049307938DF853301A935446052269
:1085600014F8011B5148E7F7BBFE049AD8B9D006AE
:1085700044BF20238DF85330110744BF2B238DF8BF
:1085800053309AF800302A2B15D0079A5446002011
:108590004FF00A0C214611F8013B303B092B4ED914
:1085A000B0B1079214E0A0EB080309FA03F31343F8
:1085B0000493A246D2E7039B191D1B680391002B6D
:1085C000BBBF5B4242F0020207930793B8BF04921D
:1085D00023782E2B0CD163782A2B35D1039B1A1DBF
:1085E0001B680392002BB8BF4FF0FF330234059392
:1085F000DFF8C8A0217803225046E7F771FE40B1AA
:108600004023A0EB0A0003FA00F0049B034301346B
:10861000049314F8011B26488DF828100622E7F76A
:108620005FFE002838D0234B1BBB039B073323F08E
:10863000070308330393099B3344099367E70CFB53
:1086400002320C460120A5E70023013405931946A8
:108650004FF00A0C204610F8012B303A092A03D9B2
:10866000002BC5D00591C3E70CFB01210446012373
:10867000F0E703AB00932A460F4B04A93846AFF34B
:108680000080421C0646D6D1AB895B063FF52CAF75
:1086900009981DB0BDE8F08F03AB00932A46064B46
:1086A00004A9384600F0D4F9EBE700BF8CA8010814
:1086B00096A80108000000000984010892A801089A
:1086C0009368013B002B10B4936008DA9469A342CD
:1086D00001DB0A2903D15DF8044B00F06BBB136882
:1086E000581C1060197008465DF8044B7047F8B5C7
:1086F00006460F461446D518AC4201D1002007E0CB
:1087000014F8011B3A463046FFF7DAFF431CF3D159
:10871000F8BD00002DE9F04F0D469DB01446984677
:10872000064618B183690BB9FFF7C2FD894B9D421C
:108730001BD175686B6ED90705D4AB899A0502D435
:10874000A86DFFF753FEAB891B0701D52B69EBB969
:108750002946304600F092FBC0B16B6EDC070ED5A7
:108760004FF0FF301DB0BDE8F08F7B4B9D4201D133
:10877000B568DFE7794B9D4208BFF568DAE7AB895A
:108780009805EDD4A86DFFF732FEE9E700230993C1
:1087900020238DF82930CDF80C803023DFF8C081FC
:1087A0008DF82A304FF0010923469A4613F8012B21
:1087B0000AB1252AF9D1BAEB040B0BD05B4622464D
:1087C00029463046FFF793FF013000F0AA80099A4E
:1087D0005A4409929AF80030002B00F0A28000233E
:1087E0004FF0FF32CDE905230AF1010A0493079304
:1087F0008DF853301A935446052214F8011B58483B
:10880000E7F76EFD049AD8B9D10644BF20238DF84E
:108810005330130744BF2B238DF853309AF80030A0
:108820002A2B15D0079A544600204FF00A0C2146F7
:1088300011F8013B303B092B4ED9B0B1079214E03F
:10884000A0EB080309FA03F313430493A246D2E70B
:10885000039B191D1B680391002BBBBF5B4242F0B9
:10886000020207930793B8BF049223782E2B0CD1F2
:1088700063782A2B35D1039B1A1D1B680392002BAA
:10888000B8BF4FF0FF3302340593DFF8E4A021783E
:1088900003225046E7F724FD40B14023A0EB0A0035
:1088A00003FA00F0049B03430134049314F8011B02
:1088B0002C488DF828100622E7F712FD00283FD03B
:1088C000294B1BBB039B073323F007030833039398
:1088D000099B3B44099367E70CFB02320C460120DD
:1088E000A5E700230134059319464FF00A0C2046F2
:1088F00010F8012B303A092A03D9002BC5D0059175
:10890000C3E70CFB012104460123F0E703AB00930E
:108910002A46164B04A93046AFF300800746781C60
:10892000D6D16B6ED90705D4AB899A0502D4A86D50
:10893000FFF75DFDAB895B063FF512AF099811E7C4
:1089400003AB00932A46094B04A9304600F080F897
:10895000E4E700BF4CA801086CA801082CA8010896
:108960008CA8010896A8010800000000EF86010805
:1089700092A801082DE9F047164699468A680B69C6
:10898000DDF820809342B8BF1346336091F843204E
:1089900007460C460AB1013333602368990642BF8B
:1089A000336802333360256815F0060506D104F1FB
:1089B000190AE36832689B1AAB4226DC94F843201C
:1089C000131E226818BF012392062BD404F1430220
:1089D00049463846C04701301ED02368E5683268F2
:1089E00003F00603042B08BFAD1AA36822690CBF6D
:1089F00025EAE57500259342C4BF9B1AED180026B1
:108A00001A34B5421AD1002008E0012352464946E3
:108A10003846C047013003D14FF0FF30BDE8F08742
:108A20000135C6E7E1185A1C302081F84300224482
:108A300094F8451082F843100233C7E70123224619
:108A400049463846C0470130E6D00136D9E7000034
:108A50002DE9FF470F7E0C9D782F914680460C46EE
:108A60009A4601F1430207D8622F0AD8002F00F07E
:108A7000D880582F00F0A38004F1420584F842709A
:108A80003AE0A7F16303152BF6D801A151F823F0C2
:108A9000E98A0108FD8A0108798A0108798A0108B2
:108AA000798A0108798A0108FD8A0108798A010812
:108AB000798A0108798A0108798A0108098C0108F4
:108AC0002D8B0108EB8B0108798A0108798A01084E
:108AD0002B8C0108798A01082D8B0108798A0108FD
:108AE000798A0108F38B01082B681A1D1B682A601C
:108AF00004F1420584F842300123A3E0206829688C
:108B0000060601F104030AD50E682B60002E03DA75
:108B10002D23764284F843305E480A2319E00E681C
:108B20002B6010F0400F18BF36B2EFE72B682068BB
:108B3000191D2960010601D51E6802E04606FBD515
:108B40001E8854486F2F0CBF08230A23002184F885
:108B500043106568A560002DA2BF216821F00401C3
:108B600021600EB9002D4DD01546B6FBF3F103FB85
:108B70001167C75D05F8017D3746BB420E46F4D943
:108B8000082B0BD12368DE0708D523696168994259
:108B9000DEBF302305F8013C05F1FF35521B226191
:108BA000CDF800A04B4603AA21464046FFF7E2FE5F
:108BB00001304CD14FF0FF3004B0BDE8F0873548AC
:108BC00081F845702968236851F8046B29601D06F7
:108BD00014D5DF0744BF43F0200323601EB9236888
:108BE00023F0200323601023B0E7236843F0200321
:108BF00023607823284884F84530E3E7590648BFC6
:108C0000B6B2E6E71546BBE72B6826686169181D12
:108C1000286035061B6801D5196002E07006FBD597
:108C20001980002323611546BAE72B681A1D2A60B4
:108C30001D68626800212846E7F752FB08B1401B17
:108C4000606063682361002384F84330A8E72369E8
:108C50002A4649464046D0470130ABD023689B079F
:108C600013D4E068039B9842B8BF1846A4E70123D9
:108C7000324649464046D04701309BD00135E36833
:108C800003995B1AAB42F2DCEBE7002504F119060D
:108C9000F5E700BF9DA80108AEA8010870B50D4614
:108CA0001446064618B183690BB9FFF701FB1C4B4C
:108CB0009C4224D17468636ED80705D4A3899905B2
:108CC00002D4A06DFFF792FBA368013B002BA360C9
:108CD00005DAA26993421CDBEBB20A2B19D0236898
:108CE0005A1C22601D70EDB2636EDA0705D4A389A9
:108CF0009B0502D4A06DFFF77AFB284670BD094B97
:108D00009C4201D1B468D6E7074B9C4208BFF46887
:108D1000D1E729462246304600F04CF80546E3E705
:108D20004CA801086CA801082CA8010810B50C4635
:108D3000B1F90E1000F0A4FA0028ABBF636DA3894F
:108D40001B1823F48053ACBF6365A38110BD2DE9CC
:108D5000F0411F468B89DB0505460C46164605D5B6
:108D6000B1F90E100223002200F0C8F9A389B4F96A
:108D70000E1023F48053A38132463B462846BDE8BB
:108D8000F04100F069B810B50C46B1F90E1000F0D2
:108D9000B5F9431CA38915BF606523F4805343F4E0
:108DA0008053A38118BFA38110BDB1F90E1000F04C
:108DB000D3B80000F8B50E461446054618B18369CD
:108DC0000BB9FFF775FA214B9C422BD16C68A36954
:108DD000A360A3891A072FD523696BB32369206881
:108DE000C01A6369F6B28342374604DC214628463E
:108DF00000F048F930BBA368013BA36023685A1C0C
:108E000022601E7063690130834204D0A389DB07AE
:108E100006D50A2E04D12146284600F033F988B938
:108E20003846F8BD0A4B9C4201D1AC68CFE7094BEC
:108E30009C4208BFEC68CAE72146284600F01EF8AD
:108E40000028CBD04FF0FF37EAE700BF4CA801085D
:108E50006CA801082CA8010838B5074D044608463F
:108E6000114600222A601A4600F07CFA431C02D107
:108E70002B6803B1236038BDDC120224324B70B57D
:108E80001D6806460C4625B1AB6913B92846FFF7A5
:108E90000FFA2E4B9C420FD16C68A389B4F90C20B9
:108EA00019072CD4DD0611D40923336042F04003A6
:108EB000A3814FF0FF303EE0254B9C4201D1AC68CE
:108EC000EBE7244B9C4208BFEC68E6E7580712D555
:108ED000616B41B104F14403994202D03046FFF77F
:108EE0003DF800236363A38923F02403A3810023B7
:108EF000636023692360A38943F00803A381236986
:108F00004BB9A38903F42073B3F5007F03D0214646
:108F1000304600F02BF9A089B4F90C2010F00103C1
:108F20000AD00023A36063695B42A361236943B94C
:108F300010F08000BAD170BD810758BF6369A3608B
:108F4000F4E70020F7E700BF8C0600244CA80108D6
:108F50006CA801082CA8010838B5064D002304466A
:108F600008462B6000F0C8F9431C02D12B6803B1FE
:108F7000236038BDDC1202248A892DE9F0410546C0
:108F800010070C4658D44B68002B05DC0B6C002BEB
:108F900002DC0020BDE8F081E66A002EF9D0002353
:108FA00012F480522F682B6032D0606DA3895A076B
:108FB00005D56368C01A636B0BB1236CC01A00231C
:108FC0000246E66A216A2846B047431CA38906D1B7
:108FD00029681D292CD82A4ACA40D60728D500223C
:108FE0006260D9042269226004D5421C01D12B6839
:108FF00003B96065616B2F600029CAD004F1440396
:10900000994202D02846FEF7A9FF00206063C1E71D
:10901000216A01232846B047411CC7D12B68002B89
:10902000C4D01D2B01D0162B01D12F60B1E7A3892D
:1090300043F04003A381ADE70F69002FA9D0930748
:109040000E6808BF4B690F6018BF0023A6EB070826
:109050008B60B8F1000F9CDD216AA66A43463A4650
:109060002846B047002806DCA38943F04003A381CB
:109070004FF0FF308EE70744A8EB0008E9E700BF98
:109080000100402038B50B6905460C4613B9002590
:10909000284638BD18B183690BB9FFF709F9144B9D
:1090A0009C421BD16C68B4F90C30002BEFD0626E7F
:1090B000D00704D4990502D4A06DFFF797F928468C
:1090C0002146FFF759FF636EDA070546E0D4A3890E
:1090D0009B05DDD4A06DFFF78AF9D9E7054B9C42CB
:1090E00001D1AC68DFE7044B9C4208BFEC68DAE7CB
:1090F0004CA801086CA801082CA8010838B5074D38
:1091000004460846114600222A601A4600F00CF96F
:10911000431C02D12B6803B1236038BDDC1202244A
:1091200070B50E46B1F90E10002996B014461D46D2
:1091300008DAB6F90C3000222A601A0610D44FF46F
:1091400080630EE06A4600F0ADF80028F1DB019A7A
:1091500002F47042A2F500535A425A412A60EEE7E7
:1091600040230020236016B070BD00008B8973B5CA
:109170009D0706460C4607D504F14703236023618B
:109180000123636102B070BD01AB6A46FFF7C8FFFF
:10919000009905463046FEF74DFF48B9B4F90C304A
:1091A0009A05EFD423F0030343F00203A381E3E71E
:1091B0000D4BB362A389206043F08003A381009B21
:1091C0006361019B20615BB1B4F90E10304600F081
:1091D0007BF828B1A38923F0030343F00103A381A3
:1091E000A0890543A581CDE749820108884210B5D1
:1091F00001EB020402D98442234607D8431EA14250
:1092000008D011F8012B03F8012FF8E702440146BA
:109210008A4200D110BD13F8014D02F8014DF7E765
:109220002DE9F041804614460E4621B9BDE8F041D3
:109230001146FEF7FFBE2AB9FEF790FE25462846E6
:10924000BDE8F08100F050F88442074602D8B4EB44
:10925000500F12D821464046FEF7ECFE0546002886
:10926000EDD0BC422246314628BF3A46FEF74AFEC0
:1092700031464046FEF772FEE1E73546DFE7000083
:1092800038B5074D04460846114600222A601A46A2
:1092900000F052F8431C02D12B6803B1236038BDA3
:1092A000DC12022438B5074D002304460846114657
:1092B0002B6000F029F8431C02D12B6803B1236016
:1092C00038BD00BFDC12022438B5064D0023044629
:1092D00008462B6000F020F8431C02D12B6803B134
:1092E000236038BDDC12022451F8043C181F002B07
:1092F000BCBF0B58C0187047024B58221A604FF081
:10930000FF307047DC120224024B58221A604FF0E3
:10931000FF307047DC120224024B58221A600020F2
:10932000704700BFDC120224024B58221A604FF033
:10933000FF307047DC120224024B58221A604FF0B3
:10934000FF307047DC120224044A05491368002BE1
:1093500008BF0B461844106018467047E0120224FC
:10936000E4120224024B58221A604FF0FF3070477B
:10937000DC120224010700000106000003030203BF
:1093800003010203030303030202030100000000C0
:10939000000000000202020201010200005400402D
:1093A00000580040005C0040001C005825002600CA
:1093B0002700340035004700520053008E000000A3
:1093C000010101030701000000000040000400400B
:1093D00000080040000C0040454D5054590000006A
:1093E0002D0000002000000046525A003C52455615
:1093F00000000000554E44004F44420053554200C7
:109400007500000052454300504C415900000000D7
:1094100025642E2530336473000000005725646DE9
:1094200073000000257325642E2530326478000017
:1094300046422532640000004350552532642525FC
:10944000000000000000000000000000490A0008C1
:10945000690A00085D0A0008610A00084D0A000850
:10946000F111000835120008751D000831130008BD
:10947000D51B0008A9170008691900086D0B000822
:109480003C3D3E3F40414200010101020202030017
:10949000524F534D56545500020100000006000083
:1094A000060000000C000000120000001800000080
:1094B00000010000060100000C0100001201000084
:1094C0001801000000020000060200000C0200006B
:1094D0001202000018020000000300000603000052
:1094E0000002030000000000010000000000000076
:1094F0000000FA4500007A460000FA4600803B472B
:109500000080BB470030014000380040003C004074
:1095100000340140005001400014005800000004D5
:1095200000000000000000200B00FF006801002484
:10953000500100245C010024200100248C0100243F
:1095400074010024800100242C010024B0010024B7
:1095500098010024A4010024380100249CCF012498
:1095600084CF012490CF01246CCF0124C0CF0124EB
:10957000A8CF0124B4CF012478CF0124D401002442
:10958000BC010024C8010024440100240010014053
:109590000044004000480040004C004000500040A3
:1095A0000014014000780040007C0040000C00588E
:1095B0000000000000040000000600000010000091
:1095C000000000000030000000200000000000103B
:1095D0000000000000100000000000000102030471
:1095E0000102030406070809000201020002010249
:1095F000010002000400080010002000400080006C
:10960000000100020004000800100020004000805B
:10961000000002580004025800080258000C0258CA
:10962000001002580014025800180258001C02587A
:1096300000200258002402580028025800000000B0
:10964000000000000000000000000000000000001A
:10965000002000200020002000200000002000004A
:10966000005000500050000000000000000000000A
:109670000050005000F8005000F80050005000006A
:109680000020007800A00070002800F000200000FA
:1096900000C000C800100020004000980018000022
:1096A000004000A000A0004000A80090006800005A
:1096B00000300030002000400000000000000000EA
:1096C000001000200040004000400020001000007A
:1096D000004000200010001000100020004000009A
:1096E000002000A8007000F8007000A80020000012
:1096F00000000020002000F80020002000000000F2
:1097000000000000000000000030003000200000D9
:1097100000000000000000F8000000000000000051
:1097200000000000000000000000003000300000D9
:109730000000000800100020004000800000000031
:1097400000700088009800A800C800880070000021
:109750000020006000200020002000200070000099
:1097600000700088000800700080008000F8000091
:1097700000F80008001000300008008800700000A9
:10978000001000300050009000F8001000100000A1
:1097900000F8008000F00008000800880070000059
:1097A00000380040008000F0008800880070000051
:1097B00000F80008000800100020004000800000B1
:1097C0000070008800880070008800880070000029
:1097D00000700088008800780008001000E0000099
:1097E0000000000000200000002000000000000039
:1097F00000000000002000000020002000400000C9
:1098000000080010002000400020001000080000A8
:109810000000000000F8000000F800000000000058
:109820000040002000100008001000200040000050
:1098300000700088000800300020000000200000B8
:109840000070008800A800B800B000800078000018
:10985000002000500088008800F800880088000080
:1098600000F00088008800F00088008800F0000008
:109870000070008800800080008000880070000078
:1098800000F00088008800880088008800F0000050
:1098900000F80080008000F00080008000F80000E8
:1098A00000F80080008000F0008000800080000050
:1098B0000078008800800080009800880078000010
:1098C00000880088008800F8008800880088000070
:1098D0000070002000200020002000200070000008
:1098E0000038001000100010001000900060000010
:1098F0000088009000A000C000A000900088000038
:1099000000800080008000800080008000F800005F
:10991000008800D800A800A800A8008800880000DF
:109920000088008800C800A800980088008800000F
:10993000007000880088008800880088007000009F
:1099400000F00088008800F00080008000800000A7
:10995000007000880088008800A80090006800005F
:1099600000F00088008800F000A00090008800004F
:1099700000700088008000700008008800700000FF
:1099800000F800A800200020002000200020000097
:109990000088008800880088008800880070000027
:1099A000008800880088008800880050002000009F
:1099B00000880088008800A800A800A800500000C7
:1099C00000880088005000200050008800880000B7
:1099D00000880088005000200020002000200000A7
:1099E00000F80008001000700040008000F800003F
:1099F0000078004000400040004000400078000037
:109A0000000000800040002000100008000000005E
:109A1000007800080008000800080008007800002E
:109A2000002000500088000000000000000000003E
:109A300000000000000000000000000000F800002E
:109A40000060006000200010000000000000000026
:109A5000000000000060001000700090007800001E
:109A60000080008000B000C8008800C800B000007E
:109A70000000000000700088008000880070000076
:109A8000000800080068009800880098006800003E
:109A9000000000000070008800F8008000700000E6
:109AA000001000280020007000200020002000008E
:109AB0000000000000700098009800680008000096
:109AC0000080008000B000C8008800880088000086
:109AD0000020000000600020002000200070000036
:109AE0000010000000100010001000900060000046
:109AF00000800080009000A000C000A00090000046
:109B000000600020002000200020002000700000E5
:109B10000000000000D000A800A800A800A80000D5
:109B20000000000000B000C8008800880088000025
:109B300000000000007000880088008800700000AD
:109B40000000000000B000C800C800B000800000A5
:109B500000000000006800980098006800080000FD
:109B60000000000000B000C80080008000800000FD
:109B700000000000007800800070000800F0000085
:109B80000020002000F80020002000280010000025
:109B9000000000000088008800880098006800002D
:109BA00000000000008800880088005000200000AD
:109BB000000000000088008800A800A800500000F5
:109BC00000000000008800500020005000880000C5
:109BD000000000000088008800780008008800006D
:109BE0000000000000F800100020004000F8000015
:109BF0000010002000200040002000200010000085
:109C00000020002000200000002000200020000094
:109C10000040002000200010002000200040000034
:109C2000004000A80010000000000000000000003C
:109C30000000000000000000000000000000000024
:109C400000000000001000100010001000100010B4
:109C5000000000100000000000280028002800007C
:109C600000000000000000000000000000240024AC
:109C7000007C00240048007C0048004800000000F0
:109C800000380054005000380014005400540038CC
:109C9000001000000020005400580030002800543C
:109CA0000014000800000000001000280028001028
:109CB000003400480048003400000000001000108C
:109CC0000010000000000000000000000000000084
:109CD00000080010002000200020002000200020AC
:109CE000001000080020001000080008000800080C
:109CF00000080008001000200010003800100028A4
:109D00000000000000000000000000000000000053
:109D100000100010007C0010001000000000000087
:109D20000000000000000000000000000000001023
:109D300000100010000000000000000000000038CB
:109D40000000000000000000000000000000000013
:109D500000000000000000100000000000080008E3
:109D60000010001000100010002000200000000073
:109D700000380044004400540044004400440038CB
:109D80000000000000100030005000100010001013
:109D900000100010000000000038004400440004DF
:109DA000000800100020007C000000000038004483
:109DB0000004001800040004004400380000000003
:109DC00000080018002800280048007C000800084F
:109DD00000000000007C0040004000780004000407
:109DE00000440038000000000038004400400078C3
:109DF000004400440044003800000000007C0004DF
:109E000000080010001000200020002000000000CA
:109E10000038004400440038004400440044003846
:109E2000000000000038004400440044003C0004EE
:109E30000044003800000000000000000010000096
:109E40000000000000000010000000000000000002
:109E500000000010000000000000001000100010C2
:109E600000000000000C003000400030000C00003A
:109E700000000000000000000000007C0000007CEA
:109E8000000000000000000000000000006000185A
:109E900000040018006000000000000000380044CA
:109EA0000004000800100010000000100000000076
:109EB00000380044004C0054005C00400040003872
:109EC0000000000000100028002800280028007C66
:109ED0000044004400000000007800440044007882
:109EE00000440044004400780000000000380044B2
:109EF00000400040004000400044003800000000E6
:109F000000700048004400440044004400480070D1
:109F100000000000007C00400040007C0040004049
:109F20000040007C00000000007C00400040007801
:109F300000400040004000400000000000380044A5
:109F400000400040005C0044004400380000000075
:109F5000004400440044007C0044004400440044A9
:109F60000000000000380010001000100010001069
:109F70000010003800000000000400040004000489
:109F800000040004004400380000000000440048C1
:109F900000500060005000480048004400000000ED
:109FA0000040004000400040004000400040007C75
:109FB000000000000044006C006C005400440044A9
:109FC00000440044000000000044006400640054A9
:109FD0000054004C004C00440000000000380044D5
:109FE00000440044004400440044003800000000E5
:109FF00000780044004400440078004000400040E5
:10A0000000000000003800440044004400440044C4
:10A01000005400380004000000780044004400446C
:10A020000078004800480044000000000038004468
:10A030000040003000080004004400380000000028
:10A04000007C001000100010001000100010001024
:10A050000000000000440044004400440044004468
:10A060000044003800000000004400440044002880
:10A0700000280028001000100000000000440044E8
:10A08000005400540054006C002800280000000018
:10A090000044002800280010001000280028004478
:10A0A00000000000004400440028002800100010B8
:10A0B0000010001000000000007C000400080010E8
:10A0C000001000200040007C00000000001800107C
:10A0D00000100010001000100010001000100018F8
:10A0E00000200020001000100010001000080008E0
:10A0F00000000000003000100010001000100010E0
:10A10000001000100010003000100028002800444B
:10A11000000000000000000000000000000000003F
:10A12000000000000000000000000000000000FE31
:10A1300000200010000000000000000000000000EF
:10A14000000000000000000000380044003C004413
:10A15000004C003400000000004000400058006443
:10A1600000440044006400580000000000000000AB
:10A170000038004400400040004400380000000067
:10A18000000400040034004C00440044004C00343F
:10A19000000000000000000000380044007C004087
:10A1A0000044003800000000000C0010007C00108B
:10A1B000001000100010001000000000000000005F
:10A1C0000034004C00440044004C0034000400788B
:10A1D0000040004000580064004400440044004433
:10A1E00000000000001000000070001000100010BF
:10A1F00000100010000000000010000000700010AF
:10A200000010001000100010001000E0004000409E
:10A21000004800500060005000480044000000006A
:10A22000007000100010001000100010001000104E
:10A2300000000000000000000078005400540054AA
:10A2400000540054000000000000000000580064AA
:10A2500000440044004400440000000000000000EE
:10A26000003800440044004400440038000000006E
:10A2700000000000005800640044004400640058DE
:10A2800000400040000000000034004C0044004446
:10A29000004C00340004000400000000005800647A
:10A2A00000400040004000400000000000000000AE
:10A2B000003800440030000800440038000000006E
:10A2C000002000200078002000200020002000183E
:10A2D000000000000000000000440044004400446E
:10A2E000004C003400000000000000000044004466
:10A2F00000280028002800100000000000000000D6
:10A30000005400540054006C002800280000000095
:10A310000000000000440028001000100028004445
:10A320000000000000000000004400440028002855
:10A33000001000100010006000000000007C000809
:10A34000001000200040007C0000000000180010F9
:10A350000010001000200020001000100010001855
:10A36000001000100010001000100010001000106D
:10A37000001000100030001000100010000800084D
:10A3800000100010001000300000000000000074F9
:10A39000004C000000000000000000000006101645
:10A3A000000610160180808080808080048080807C
:10A3B0008080808008808080808080801080808085
:10A3C00080808080208080808080808040000000AD
:10A3D0000004081020400000020408102040000083
:10A3E0000804020408010101000000004552524F18
:10A3F000523A2000496E76616C6964204465766942
:10A4000063652068616E646C65000000496E76616A
:10A410006C696420436C6173732068616E646C6561
:10A4200000000000456C656374726F736D69746839
:10A43000000000004461697379205365656420451C
:10A44000787465726E616C0043444320436F6E669E
:10A450006967000043444320496E74657266616316
:10A46000650000004461697379205365656420428A
:10A4700075696C7420496E00BEF3F879EC61F63FA3
:10A480001930965BC6FEDEBF3D88AF4AED71F53FE1
:10A49000A4FCD432680BDBBFB010F0F03995F43F68
:10A4A0007BB71F0A8B41D7BF8503B8B095C9F33F6F
:10A4B0007BCF6D1AE99DD3BFA564880C190DF33FBE
:10A4C00031B6F2F39B1DD0BFA08E0B7B225EF23F14
:10A4D000F07A3B1B1D7CC9BF3F341A4A4ABBF13F8F
:10A4E0009F3CAF93E3F9C2BFBAE58AF05823F13F2E
:10A4F0005C8D78BFCB60B9BFA70099413F95F03F15
:10A50000CE5F47B69D6FAABF000000000000F03F7D
:10A510000000000000000000AC479AFD8C60EE3F98
:10A520003DF5249FCA38B33FA06A021FB3A4EC3F95
:10A53000BA913854A976C43FE6FC6A573620EB3FFF
:10A54000D2E4C44A0B84CE3F2DAAA163D1C2E93F15
:10A550001C65C6F04506D43FED417803E686E83F2A
:10A56000F89F1B2C9C8ED83F624853F5DC67E73F71
:10A57000CC7BB14EA4E0DC3F0B6E49C91676D23FCE
:10A580007AC675A06919D7BFDDBAA76C0AC7DE3FC6
:10A59000C8F6BE484715E7BF2BB82A654715F73FF1
:10A5A000A2000000F9A2000083F9A2006E83F9A2C4
:10A5B0004E6E83F9444E6E8315444E6E2915444EFB
:10A5C000FC29154427FC29155727FC29D15727FCBE
:10A5D000F5D1572734F5D157DD34F5D1C0DD34F549
:10A5E000DBC0DD3462DBC0DD9562DBC0999562DBE8
:10A5F0003C999562433C999590433C994190433CEA
:10A60000000000000000F03F000000000000F0BF6C
:10A61000000000000000F0BF000000000000F03F5C
:10A6200083C8C96D305F6441182D4454FB21F93F44
:10A63000000000000000F03F1C620CFDFFFFDFBFC8
:10A64000198F06E15355A53F9D359AE887C056BF3F
:10A65000C3F87B024393F93E03A695595455C5BFF1
:10A66000C40B23057610813F24CF7437EB9429BFA8
:10A67000000000000000F03F000000000000F0BFFC
:10A68000000000000000F0BF000000000000F03FEC
:10A6900083C8C96D305F6441182D4454FB21F93FD4
:10A6A000000000000000F0BF1C620CFDFFFFDF3F58
:10A6B000198F06E15355A5BF9D359AE887C0563FCF
:10A6C000C3F87B024393F9BE03A695595455C5BF01
:10A6D000C40B23057610813F24CF7437EB9429BF38
:10A6E000000000000000F03F748515D3B0D9EF3FA3
:10A6F0000F89F96C58B5EF3F515B12D00193EF3FD2
:10A700007B517D3CB872EF3FAAB968318754EF3F67
:10A710003862756E7A38EF3FE1DE1FF59D1EEF3F20
:10A7200015B7310AFE06EF3FCBA93A37A7F1EE3F46
:10A730002234124CA6DEEE3F2D89616008CEEE3F3A
:10A74000272A36D5DABFEE3F824F9D562BB4EE3F17
:10A75000295448DD07ABEE3F85553AB07EA4EE3F65
:10A76000CD3B7F669EA0EE3F745FECE8759FEE3FA9
:10A770008701EB7314A1EE3F13CE4C9989A5EE3FF0
:10A78000DBA02A42E5ACEE3FE5C5CDB037B7EE3FE2
:10A7900090F0A38291C4EE3F5D253EB203D5EE3F1B
:10A7A000ADD35A999FE8EE3F475EFBF276FFEE3F4E
:10A7B0009C5285DD9B19EF3F6990EFDC2037EF3F1E
:10A7C00087A4FBDC1858EF3F5F9B7B33977CEF3F00
:10A7D000DA90A4A2AFA4EF3F40456E5B76D0EF3F86
:10A7E000000000000000E8429423914BF86AAC3F5F
:10A7F000F3C4FA50CEBFCE3FD6520CFF422EE63FF6
:10A800000000000000003843FE822B6547154740DA
:10A810009423914BF86ABC3EF3C4FA50CEBF2E3F4E
:10A82000D6520CFF422E963F9006002400000000F6
:10A830000000000000000000000000000000000018
:10A840000000000000000000000000000000000008
:10A8500000000000000000000000000000000000F8
:10A8600000000000000000000000000000000000E8
:10A8700000000000000000000000000000000000D8
:10A88000000000000000000000000000232D302B1D
:10A890002000686C4C0065666745464700303132E1
:10A8A0003334353637383941424344454600303138
:10A8B0003233343536373839616263646566000097
:10A8C000F8B500BFF8BC08BC9E467047F8B500BF9D
:08A8D000F8BC08BC9E4670476D
:08A8D800505EFE7F010000004C
:10A8E000C5020008F1440008DD610008BD670008EA
:10A8F000D5790008FD7F00088993000859A3000856
:08A9000075AB00087D6E010833
:04A90800A1020008A0
:10A90C00000000000100000000000000000000003A
:10A91C00000000000100000000000000000000002A
:10A92C00000000000100000000000000000000001A
:10A93C00000000000100000000000000000000000A
:10A94C0000000000010000000000000000000000FA
:10A95C0000000000010000000000000000000000EA
:10A96C0000000000010000000000000000000000DA
:10A97C0000000000000000000000000000000000CB
:10A98C0000000000000000000000000000000000BB
:10A99C00000000000000F03F0000803F01000000BC
:10A9AC00000000000000000000000000000000009B
:10A9BC00010000000000000000803B470000000088
:10A9CC000000000000000000000000000000803FBC
:10A9DC00000000000000000010000000000000005B
:10A9EC00000000000000000000000000000000005B
:10A9FC00100000000000000000000000000000003B
:10AA0C00000000000000000010000000000000002A
:10AA1C00000000000000000000000000000000002A
:10AA2C00060A05000405000000000000010C0501E9
:10AA3C0004070109050000000004060000000000E6
:10AA4C0000000000000408000000000000000000EE
:10AA5C0001040500060506090500000001050500B6
:10AA6C000705000000000000060B050005050000AE
:10AA7C0000000000010E05020205000000000000AD
:10AA8C00020105010F050203050000000303050088
:10AA9C000000000000000000020B0601040600008C
:10AAAC0000000000020C0601050700000000000079
:10AABC00020A06000000000000000000010408006B
:10AACC00060800000000000001050800070800004F
:10AADC00000000000005080000000000000000005D
:10AAEC00000000000000000000000000000000005A
:10AAFC000000000000000000010000000000000049
:10AB0C000000000000000000000000000000000039
:10AB1C000000000001000000000000000000000028
:10AB2C000000000000000000000000000000000019
:10AB3C000100000000000000000000000000000008
:10AB4C0000000000000000000000000001000000F8
:10AB5C0000000000000000000000000000000000E9
:10AB6C0000000000000000000100000000000000D8
:10AB7C0000000000000000000000000000000000C9
:10AB8C0000000000010000000000000000000000B8
:10AB9C0000000000000000000000000000000000A9
:10ABAC000100000000000000000000000000000098
:10ABBC000000000000000000000000000100000088
:10ABCC000000000000000000000000000000000079
:10ABDC000000000000000000010000000000000068
:10ABEC000000000000000000000000000000000059
:10ABFC000000000001000000000000000000000048
:10AC0C000000000000000000000000000000000038
:10AC1C000100000000000000000000000000000027
:10AC2C000000000000000000000000000100000017
:10AC3C000000000000000000000000000000000008
:10AC4C0000000000000000000100000001070800E7
:10AC5C0000000000000000000106080000000000D9
:10AC6C00000000000B00FF00F8030024EC0300249C
:10AC7C001004002404040024280400241C040024D0
:10AC8C00BC030024B0030024D4030024C803002414
:10AC9C0038DF012434040024E003002414DF0124F1
:10ACAC002CDF012420DF0124580300244C03002452
:10ACBC00010808020B080001080000000109080245
:10ACCC000A08000008000000010C0E030208010530
:10ACDC000E000000020C0801060E0000000000002F
:10ACEC0001040B0000000000000000000107070138
:10ACFC000F04000000000000010607010E04000014
:10AD0C00000000000003070000000000000000002D
:10AD1C00000207000000000000000000020B07000A
:10AD2C000000000000000000020A07000000000004
:10AD3C0000000000060907000000000000000000F1
:10AD4C000090D0030090D003060800004096010844
:10AD5C00070A0000309C01080100000010000000F0
:10AD6C00156F0108B96E01088D6F0108BD6E0108E1
:10AD7C00516F0108F56F0108C16F0108E96E0108F8
:10AD8C0000C201000000080000C201000000080021
:10AD9C001D7001082970010835700108A5700108A3
:10ADAC00E97001086D7001088970010811700108C3
:10ADBC00C1700108CD700108517001080D720108B5
:10ADCC004D730108317301081201000202020040A8
:10ADDC00830440570002010203010000120100022B
:10ADEC0002020040830440570002010203010000EC
:10ADFC00040309041A030000000000000000000016
:10AE0C000000000000000000000000000000000036
:10AE1C00CD75010889750108BD740108000000009A
:10AE2C00957301086D7401083D7401080000000061
:10AE3C000000000000000000E5730108C173010868
:10AE4C00097401082D740108000000000902430078
:10AE5C00020100C0320904000001020201000524B5
:10AE6C00001001052401000104240202052406003F
:10AE7C00010705820308001009040100020A000002
:10AE8C000007050102400000070581024000000098
:10AE9C0009024300020100C0320904000001020251
:10AEAC000100052400100105240100010424020204
:10AEBC00052406000107058203080010090401009F
:10AECC00020A0000000705010200020007058102CA
:10AEDC00000200000A060002000000400100000011
:10AEEC0009074300020104C03209040000010202F8
:10AEFC0001000524001001052401000104240202B4
:10AF0C00052406000107058203080010090401004E
:10AF1C00020A00000007050102400000070581023B
:10AF2C004000000009026500020100C05009040045
:10AF3C0000000101000009240100010900010109C0
:10AF4C000401000201030000072401000141000676
:10AF5C002402010100062402020200092403010359
:10AF6C000102010009240302060101010009050187
:10AF7C000240000000000525010101090581024085
:10AF8C0000000000052501010300000090060024CC
:10AF9C00000000004CA801086CA801082CA80108AE
:10AFAC000000000000000000000000000000000095
:10AFBC000000000000000000000000000000000085
:10AFCC000000000000000000000000000000000075
:10AFDC000000000000000000000000000000000065
:10AFEC000000000000000000000000000000000055
:0400000508000A01E4
:00000001FF
